2026-07-30 22:05:35.605924
Traceback (most recent call last):
  File "Code\Main\WBase.py", line 459, in run_action
  File "Code\Procesador.py", line 469, in run_action
  File "Code\Procesador.py", line 426, in menu_tools
  File "Code\Menus\BaseMenu.py", line 139, in run
  File "Code\Menus\ToolsMenu.py", line 66, in run_select
  File "Code\Menus\ToolsMenuRun.py", line 38, in run
  File "Code\Menus\ToolsMenuRun.py", line 87, in database
  File "Code\Databases\WDatabase.py", line 46, in __init__
  File "Code\Databases\WDB_Players.py", line 181, in __init__
AttributeError: 'WPlayer' object has no attribute 'tw_changeplayer'. Did you mean: 'change_player'?
2026-07-30 22:19:26.226611
Traceback (most recent call last):
  File "Code\Main\WBase.py", line 459, in run_action
  File "Code\Procesador.py", line 469, in run_action
  File "Code\Procesador.py", line 426, in menu_tools
  File "Code\Menus\BaseMenu.py", line 139, in run
  File "Code\Menus\ToolsMenu.py", line 66, in run_select
  File "Code\Menus\ToolsMenuRun.py", line 38, in run
  File "Code\Menus\ToolsMenuRun.py", line 87, in database
  File "Code\Databases\WDatabase.py", line 46, in __init__
  File "Code\Databases\WDB_Players.py", line 182, in __init__
AttributeError: module 'Code.QT.Iconos' has no attribute 'EditList'
2026-07-30 22:26:15.270585
Traceback (most recent call last):
  File "Code\Databases\WDB_Players.py", line 465, in tw_select_player
UnboundLocalError: cannot access local variable '_' where it is not associated with a value
2026-07-30 22:26:53.496022
Traceback (most recent call last):
  File "Code\Databases\WDB_Players.py", line 465, in tw_select_player
UnboundLocalError: cannot access local variable '_' where it is not associated with a value
2026-07-30 22:39:02.378166
Traceback (most recent call last):
  File "Code\Databases\WDB_Players.py", line 465, in tw_select_player
UnboundLocalError: cannot access local variable '_' where it is not associated with a value
2026-07-30 22:39:52.326850
Traceback (most recent call last):
  File "Code\Databases\WDB_Players.py", line 465, in tw_select_player
UnboundLocalError: cannot access local variable '_' where it is not associated with a value
2026-07-30 22:40:11.159038
Traceback (most recent call last):
  File "Code\Databases\WDB_Players.py", line 496, in tw_rebuild
  File "Code\Databases\WDB_Players.py", line 465, in tw_select_player
UnboundLocalError: cannot access local variable '_' where it is not associated with a value
2026-07-30 22:45:45.444966
Traceback (most recent call last):
  File "Code\Databases\WDB_Players.py", line 496, in tw_rebuild
  File "Code\Databases\WDB_Players.py", line 465, in tw_select_player
UnboundLocalError: cannot access local variable '_' where it is not associated with a value
2026-07-30 23:22:12.068093
Traceback (most recent call last):
  File "Code\Databases\WDatabase.py", line 172, in tab_changed
  File "Code\Databases\WDB_Perfomance.py", line 428, in actualiza
AttributeError: module 'Code.QT.FormLayout' has no attribute 'Checkbox'
2026-07-30 23:40:50.808207
Traceback (most recent call last):
  File "Code\Databases\WDatabase.py", line 172, in tab_changed
  File "Code\Databases\WDB_Perfomance.py", line 428, in actualiza
AttributeError: module 'Code.QT.FormLayout' has no attribute 'Checkbox'
2026-07-30 23:43:13.547565
Traceback (most recent call last):
  File "Code\Databases\WDatabase.py", line 172, in tab_changed
  File "Code\Databases\WDB_Perfomance.py", line 428, in actualiza
AttributeError: module 'Code.QT.FormLayout' has no attribute 'Checkbox'
2026-07-30 23:43:35.149967
Traceback (most recent call last):
  File "Code\Databases\WDatabase.py", line 172, in tab_changed
  File "Code\Databases\WDB_Perfomance.py", line 428, in actualiza
AttributeError: module 'Code.QT.FormLayout' has no attribute 'Checkbox'
2026-07-30 23:51:58.971222
Traceback (most recent call last):
  File "Code\Databases\WDatabase.py", line 172, in tab_changed
  File "Code\Databases\WDB_Perfomance.py", line 428, in actualiza
AttributeError: module 'Code.QT.FormLayout' has no attribute 'Checkbox'
2026-07-31 00:11:50.840459
Traceback (most recent call last):
  File "Code\Databases\WDatabase.py", line 172, in tab_changed
  File "Code\Databases\WDB_Perfomance.py", line 428, in actualiza
AttributeError: module 'Code.QT.FormLayout' has no attribute 'Checkbox'
2026-07-31 00:11:58.376212
Traceback (most recent call last):
  File "Code\Databases\WDatabase.py", line 172, in tab_changed
  File "Code\Databases\WDB_Perfomance.py", line 428, in actualiza
AttributeError: module 'Code.QT.FormLayout' has no attribute 'Checkbox'
2026-07-31 00:18:28.009583
Traceback (most recent call last):
  File "Code\Databases\WDatabase.py", line 172, in tab_changed
  File "Code\Databases\WDB_Perfomance.py", line 428, in actualiza
AttributeError: module 'Code.QT.FormLayout' has no attribute 'Checkbox'
2026-07-31 00:20:54.730116
Traceback (most recent call last):
  File "Code\Databases\WDatabase.py", line 172, in tab_changed
  File "Code\Databases\WDB_Perfomance.py", line 428, in actualiza
AttributeError: module 'Code.QT.FormLayout' has no attribute 'Checkbox'
2026-07-31 00:21:22.361698
Traceback (most recent call last):
  File "Code\Databases\WDatabase.py", line 172, in tab_changed
  File "Code\Databases\WDB_Perfomance.py", line 428, in actualiza
AttributeError: module 'Code.QT.FormLayout' has no attribute 'Checkbox'
2026-07-31 00:21:59.817997
Traceback (most recent call last):
  File "Code\Databases\WDatabase.py", line 172, in tab_changed
  File "Code\Databases\WDB_Perfomance.py", line 428, in actualiza
AttributeError: module 'Code.QT.FormLayout' has no attribute 'Checkbox'
2026-07-31 00:24:52.535573
Traceback (most recent call last):
  File "Code\Databases\WDatabase.py", line 172, in tab_changed
  File "Code\Databases\WDB_Perfomance.py", line 428, in actualiza
UnboundLocalError: cannot access local variable '_' where it is not associated with a value
2026-07-31 00:25:08.036463
Traceback (most recent call last):
  File "Code\Databases\WDatabase.py", line 172, in tab_changed
  File "Code\Databases\WDB_Perfomance.py", line 428, in actualiza
UnboundLocalError: cannot access local variable '_' where it is not associated with a value
2026-07-31 00:25:23.116832
Traceback (most recent call last):
  File "Code\Databases\WDatabase.py", line 172, in tab_changed
  File "Code\Databases\WDB_Perfomance.py", line 428, in actualiza
UnboundLocalError: cannot access local variable '_' where it is not associated with a value
2026-07-31 00:25:42.773279
Traceback (most recent call last):
  File "Code\Databases\WDatabase.py", line 172, in tab_changed
  File "Code\Databases\WDB_Perfomance.py", line 428, in actualiza
UnboundLocalError: cannot access local variable '_' where it is not associated with a value
2026-08-01 01:10:24.275021
Traceback (most recent call last):
  File "Code\Main\WBase.py", line 459, in run_action
  File "Code\Procesador.py", line 469, in run_action
  File "Code\Procesador.py", line 426, in menu_tools
  File "Code\Menus\BaseMenu.py", line 139, in run
  File "Code\Menus\ToolsMenu.py", line 66, in run_select
  File "Code\Menus\ToolsMenuRun.py", line 38, in run
  File "Code\Menus\ToolsMenuRun.py", line 87, in database
  File "Code\Databases\WDatabase.py", line 58, in __init__
  File "Code\Databases\WDB_Perfomance.py", line 408, in __init__
AttributeError: 'LB' object has no attribute 'set_font_italic'. Did you mean: 'set_font_type'?
2026-08-01 01:16:36.138334
Traceback (most recent call last):
  File "Code\Main\WBase.py", line 459, in run_action
  File "Code\Procesador.py", line 469, in run_action
  File "Code\Procesador.py", line 426, in menu_tools
  File "Code\Menus\BaseMenu.py", line 139, in run
  File "Code\Menus\ToolsMenu.py", line 66, in run_select
  File "Code\Menus\ToolsMenuRun.py", line 38, in run
  File "Code\Menus\ToolsMenuRun.py", line 87, in database
  File "Code\Databases\WDatabase.py", line 58, in __init__
  File "Code\Databases\WDB_Perfomance.py", line 408, in __init__
TypeError: LB.set_font_type() got an unexpected keyword argument 'cursiva'
2026-08-01 02:42:28.845999
Traceback (most recent call last):
  File "Code\Databases\WDB_Perfomance.py", line 486, in actualiza
_duckdb.ConversionException: Conversion Error: Could not convert string '' to INT32 when casting from source column WHITEELO

LINE 4:                         CAST(WHITEELO AS INTEGER) as w_elo, 
                                ^
2026-08-01 22:43:10.558047
Traceback (most recent call last):
  File "Code\Databases\WDatabase.py", line 172, in tab_changed
  File "Code\Databases\WDB_Perfomance.py", line 470, in actualiza
ModuleNotFoundError: No module named 'pandas'
2026-08-01 22:45:48.024325
Traceback (most recent call last):
  File "Code\Databases\WDB_Perfomance.py", line 367, in <lambda>
  File "Code\Databases\WDB_Perfomance.py", line 470, in actualiza
ModuleNotFoundError: No module named 'pandas'
2026-08-01 22:45:55.848327
Traceback (most recent call last):
  File "Code\Databases\WDB_Perfomance.py", line 702, in tw_select_player
  File "Code\Databases\WDB_Perfomance.py", line 470, in actualiza
ModuleNotFoundError: No module named 'pandas'
2026-08-02 22:51:59.960459
Traceback (most recent call last):
  File "Code\Databases\WDatabase.py", line 172, in tab_changed
  File "Code\Databases\WDB_Perfomance.py", line 470, in actualiza
ModuleNotFoundError: No module named 'pandas'
2026-08-03 13:34:42.232743
Traceback (most recent call last):
  File "Code\Main\WindowWelcome.py", line 170, in action_spar
  File "Code\PlayAgainstEngine\ManagerPlayAgainstEngine.py", line 154, in start
  File "Code\PlayAgainstEngine\ManagerPlayAgainstEngine.py", line 166, in base_inicio
  File "Code\PlayAgainstEngine\ManagerPlayAgainstEngine.py", line 189, in _init_vars
KeyError: 'ISWHITE'
2026-08-03 13:35:09.380019
Traceback (most recent call last):
  File "Code\Main\WindowWelcome.py", line 161, in action_databases
  File "Code\Databases\WDatabase.py", line 58, in __init__
  File "Code\Databases\WDB_Perfomance.py", line 428, in __init__
  File "pyimod02_importers.py", line 457, in exec_module
  File "Code\Databases\analytics_engine.py", line 6, in <module>
  File "pyimod02_importers.py", line 457, in exec_module
  File "Code\AI\elo_calculator.py", line 2, in <module>
ModuleNotFoundError: No module named 'numpy'
2026-08-03 15:36:16.421980
Traceback (most recent call last):
  File "Code\Main\WindowWelcome.py", line 165, in action_databases
  File "Code\Databases\WDatabase.py", line 46, in __init__
  File "Code\Databases\WDB_Players.py", line 123, in __init__
  File "Code\QT\Grid.py", line 336, in __init__
  File "Code\QT\Grid.py", line 57, in rowCount
  File "Code\Databases\WDB_Players.py", line 361, in grid_num_datos
AttributeError: Error calling Python override of QAbstractTableModel::rowCount(): 'WPlayer' object has no attribute 'gridPlayerList'
2026-08-03 15:37:08.908221
Traceback (most recent call last):
  File "Code\Main\WBase.py", line 459, in run_action
  File "Code\Procesador.py", line 471, in run_action
  File "Code\Procesador.py", line 428, in menu_tools
  File "Code\Menus\BaseMenu.py", line 139, in run
  File "Code\Menus\ToolsMenu.py", line 66, in run_select
  File "Code\Menus\ToolsMenuRun.py", line 38, in run
  File "Code\Menus\ToolsMenuRun.py", line 87, in database
  File "Code\Databases\WDatabase.py", line 46, in __init__
  File "Code\Databases\WDB_Players.py", line 123, in __init__
  File "Code\QT\Grid.py", line 336, in __init__
  File "Code\QT\Grid.py", line 57, in rowCount
  File "Code\Databases\WDB_Players.py", line 361, in grid_num_datos
AttributeError: Error calling Python override of QAbstractTableModel::rowCount(): 'WPlayer' object has no attribute 'gridPlayerList'
2026-08-03 15:42:07.863839
Traceback (most recent call last):
  File "Code\Databases\WDB_Games.py", line 1506, in tw_data_fitness
  File "Code\Databases\WDB_Games.py", line 1497, in _get_missing_results_count
TypeError: Grid.recno() takes 1 positional argument but 2 were given
2026-08-03 15:42:09.855557
Traceback (most recent call last):
  File "Code\Databases\WDB_Games.py", line 1506, in tw_data_fitness
  File "Code\Databases\WDB_Games.py", line 1497, in _get_missing_results_count
TypeError: Grid.recno() takes 1 positional argument but 2 were given
2026-08-03 15:42:10.031151
Traceback (most recent call last):
  File "Code\Databases\WDB_Games.py", line 1506, in tw_data_fitness
  File "Code\Databases\WDB_Games.py", line 1497, in _get_missing_results_count
TypeError: Grid.recno() takes 1 positional argument but 2 were given
2026-08-03 15:42:10.199455
Traceback (most recent call last):
  File "Code\Databases\WDB_Games.py", line 1506, in tw_data_fitness
  File "Code\Databases\WDB_Games.py", line 1497, in _get_missing_results_count
TypeError: Grid.recno() takes 1 positional argument but 2 were given
2026-08-03 15:43:27.729051
Traceback (most recent call last):
  File "Code\Databases\WDB_Games.py", line 1539, in tw_themes
  File "Code\Databases\WDB_Games.py", line 1497, in _get_missing_results_count
TypeError: Grid.recno() takes 1 positional argument but 2 were given
2026-08-03 15:43:29.728877
Traceback (most recent call last):
  File "Code\Databases\WDB_Games.py", line 1539, in tw_themes
  File "Code\Databases\WDB_Games.py", line 1497, in _get_missing_results_count
TypeError: Grid.recno() takes 1 positional argument but 2 were given
2026-08-03 15:43:29.904592
Traceback (most recent call last):
  File "Code\Databases\WDB_Games.py", line 1539, in tw_themes
  File "Code\Databases\WDB_Games.py", line 1497, in _get_missing_results_count
TypeError: Grid.recno() takes 1 positional argument but 2 were given
2026-08-03 15:43:30.081132
Traceback (most recent call last):
  File "Code\Databases\WDB_Games.py", line 1539, in tw_themes
  File "Code\Databases\WDB_Games.py", line 1497, in _get_missing_results_count
TypeError: Grid.recno() takes 1 positional argument but 2 were given
2026-08-03 15:43:30.256973
Traceback (most recent call last):
  File "Code\Databases\WDB_Games.py", line 1539, in tw_themes
  File "Code\Databases\WDB_Games.py", line 1497, in _get_missing_results_count
TypeError: Grid.recno() takes 1 positional argument but 2 were given
2026-08-03 15:43:31.025039
Traceback (most recent call last):
  File "Code\Databases\WDB_Games.py", line 1506, in tw_data_fitness
  File "Code\Databases\WDB_Games.py", line 1497, in _get_missing_results_count
TypeError: Grid.recno() takes 1 positional argument but 2 were given
2026-08-03 15:43:31.200888
Traceback (most recent call last):
  File "Code\Databases\WDB_Games.py", line 1506, in tw_data_fitness
  File "Code\Databases\WDB_Games.py", line 1497, in _get_missing_results_count
TypeError: Grid.recno() takes 1 positional argument but 2 were given
2026-08-03 15:43:31.377052
Traceback (most recent call last):
  File "Code\Databases\WDB_Games.py", line 1506, in tw_data_fitness
  File "Code\Databases\WDB_Games.py", line 1497, in _get_missing_results_count
TypeError: Grid.recno() takes 1 positional argument but 2 were given
2026-08-03 15:43:32.041016
Traceback (most recent call last):
  File "Code\Databases\WDB_Games.py", line 1539, in tw_themes
  File "Code\Databases\WDB_Games.py", line 1497, in _get_missing_results_count
TypeError: Grid.recno() takes 1 positional argument but 2 were given
2026-08-03 15:43:32.216822
Traceback (most recent call last):
  File "Code\Databases\WDB_Games.py", line 1539, in tw_themes
  File "Code\Databases\WDB_Games.py", line 1497, in _get_missing_results_count
TypeError: Grid.recno() takes 1 positional argument but 2 were given
2026-08-03 15:43:32.401294
Traceback (most recent call last):
  File "Code\Databases\WDB_Games.py", line 1539, in tw_themes
  File "Code\Databases\WDB_Games.py", line 1497, in _get_missing_results_count
TypeError: Grid.recno() takes 1 positional argument but 2 were given
2026-08-03 15:51:10.067188
Traceback (most recent call last):
  File "Code\Databases\WDB_Games.py", line 704, in tw_filtrar
  File "Code\Databases\WDB_Games.py", line 656, in standard
  File "Code\Databases\WDB_Filters.py", line 40, in __init__
AttributeError: 'ED' object has no attribute 'ancho'
2026-08-03 15:51:24.969374
Traceback (most recent call last):
  File "Code\Databases\WDB_Games.py", line 1544, in tw_themes
  File "Code\Databases\WDB_Games.py", line 1497, in _get_missing_results_count
TypeError: Grid.recno() takes 1 positional argument but 2 were given
2026-08-03 15:51:28.313642
Traceback (most recent call last):
  File "Code\Databases\WDB_Games.py", line 1511, in tw_data_fitness
  File "Code\Databases\WDB_Games.py", line 1497, in _get_missing_results_count
TypeError: Grid.recno() takes 1 positional argument but 2 were given
2026-08-03 15:52:55.787319
Traceback (most recent call last):
  File "Code\Databases\WDB_Games.py", line 1511, in tw_data_fitness
  File "Code\Databases\WDB_Games.py", line 1497, in _get_missing_results_count
TypeError: Grid.recno() takes 1 positional argument but 2 were given
2026-08-03 15:52:57.810769
Traceback (most recent call last):
  File "Code\Databases\WDB_Games.py", line 1544, in tw_themes
  File "Code\Databases\WDB_Games.py", line 1497, in _get_missing_results_count
TypeError: Grid.recno() takes 1 positional argument but 2 were given
2026-08-03 15:53:15.403682
Traceback (most recent call last):
  File "Code\QT\Grid.py", line 484, in mousePressEvent
  File "Code\QT\Grid.py", line 458, in selectionChanged
  File "Code\Databases\WDB_Players.py", line 410, in grid_cambiado_registro
TypeError: Error calling Python override of QTableView::selectionChanged(): object of type 'NoneType' has no len()
2026-08-03 15:53:19.995623
Traceback (most recent call last):
  File "Code\QT\Grid.py", line 484, in mousePressEvent
  File "Code\QT\Grid.py", line 458, in selectionChanged
  File "Code\Databases\WDB_Players.py", line 410, in grid_cambiado_registro
TypeError: Error calling Python override of QTableView::selectionChanged(): object of type 'NoneType' has no len()
2026-08-03 15:53:30.067597
Traceback (most recent call last):
  File "Code\Databases\WDatabase.py", line 172, in tab_changed
  File "Code\Databases\WDB_Perfomance.py", line 466, in actualiza
TypeError: Grid.recno() takes 1 positional argument but 2 were given
2026-08-03 15:53:31.708704
Traceback (most recent call last):
  File "Code\Databases\WDB_Perfomance.py", line 387, in <lambda>
  File "Code\Databases\WDB_Perfomance.py", line 466, in actualiza
TypeError: Grid.recno() takes 1 positional argument but 2 were given
2026-08-03 16:08:01.711131
Traceback (most recent call last):
  File "Code\Databases\WDB_Games.py", line 1522, in tw_data_fitness
TypeError: Grid.recno() takes 1 positional argument but 2 were given
2026-08-03 16:08:24.014830
Traceback (most recent call last):
  File "Code\Databases\WDB_Games.py", line 1522, in tw_data_fitness
TypeError: Grid.recno() takes 1 positional argument but 2 were given
2026-08-03 16:09:49.222104
Traceback (most recent call last):
  File "Code\QT\Grid.py", line 477, in mouseDoubleClickEvent
  File "Code\Databases\WDB_Players.py", line 251, in grid_doble_click
  File "Code\Databases\WDB_Players.py", line 816, in tw_rebuild
  File "Code\Base\Game.py", line 1339, in lipv_lipgn
AttributeError: 'NoneType' object has no attribute 'san'
2026-08-03 16:12:11.466207
Traceback (most recent call last):
  File "Code\Databases\WDB_Games.py", line 704, in tw_filtrar
  File "Code\Databases\WDB_Games.py", line 656, in standard
  File "Code\Databases\WDB_Filters.py", line 40, in __init__
AttributeError: 'NoneType' object has no attribute 'set_font'
2026-08-03 16:17:26.042472
Traceback (most recent call last):
  File "Code\Databases\WDB_Games.py", line 704, in tw_filtrar
  File "Code\Databases\WDB_Games.py", line 656, in standard
  File "Code\Databases\WDB_Filters.py", line 82, in __init__
  File "Code\QT\Colocacion.py", line 108, in control
TypeError: 'PySide6.QtWidgets.QGridLayout.addWidget' called with wrong argument types:
  PySide6.QtWidgets.QGridLayout.addWidget(H, int, int, int, int, AlignmentFlag)
Supported signatures:
  PySide6.QtWidgets.QGridLayout.addWidget(w: PySide6.QtWidgets.QWidget, /)
  PySide6.QtWidgets.QGridLayout.addWidget(arg__1: PySide6.QtWidgets.QWidget, row: int, column: int, /, alignment: PySide6.QtCore.Qt.AlignmentFlag = Default(Qt.Alignment))
  PySide6.QtWidgets.QGridLayout.addWidget(arg__1: PySide6.QtWidgets.QWidget, row: int, column: int, rowSpan: int, columnSpan: int, /, alignment: PySide6.QtCore.Qt.AlignmentFlag = Default(Qt.Alignment))
2026-08-03 20:58:26.927740
Traceback (most recent call last):
  File "Code\Main\WindowWelcome.py", line 183, in action_trainings
ImportError: cannot import name 'Presentacion' from 'Code' (C:\Users\Dev\Documents\APPS\lucaschessR6-main\_internal\Code\__init__.py)
2026-08-03 21:23:16.469105
Traceback (most recent call last):
  File "Code\Databases\WDB_Games.py", line 1493, in tw_data_fitness
  File "Code\Databases\result_repair.py", line 171, in orchestrate_data_fitness_adjudication
KeyError: 'ROWID'
2026-08-03 21:23:28.270836
Traceback (most recent call last):
  File "Code\Databases\WDB_Games.py", line 1522, in tw_themes
  File "Code\Databases\result_repair.py", line 171, in orchestrate_data_fitness_adjudication
KeyError: 'ROWID'
2026-08-03 21:35:49.099003
Traceback (most recent call last):
  File "Code\Databases\WDB_Games.py", line 1493, in tw_data_fitness
  File "Code\Databases\result_repair.py", line 171, in orchestrate_data_fitness_adjudication
KeyError: 'ROWID'
2026-08-03 21:37:48.867074
Traceback (most recent call last):
  File "Code\QT\Grid.py", line 477, in mouseDoubleClickEvent
  File "Code\Databases\WDB_Players.py", line 251, in grid_doble_click
  File "Code\Databases\WDB_Players.py", line 816, in tw_rebuild
  File "Code\Base\Game.py", line 1339, in lipv_lipgn
AttributeError: 'NoneType' object has no attribute 'san'
2026-08-03 21:38:33.876137
Traceback (most recent call last):
  File "Code\Databases\WDB_Players.py", line 816, in tw_rebuild
  File "Code\Base\Game.py", line 1339, in lipv_lipgn
AttributeError: 'NoneType' object has no attribute 'san'
2026-08-03 21:38:49.876644
Traceback (most recent call last):
  File "Code\Databases\WDB_Players.py", line 578, in tw_select_player
  File "Code\Databases\WDB_Players.py", line 816, in tw_rebuild
  File "Code\Base\Game.py", line 1339, in lipv_lipgn
AttributeError: 'NoneType' object has no attribute 'san'
2026-08-03 21:39:00.518827
Traceback (most recent call last):
  File "Code\Databases\WDB_Players.py", line 578, in tw_select_player
  File "Code\Databases\WDB_Players.py", line 816, in tw_rebuild
  File "Code\Base\Game.py", line 1339, in lipv_lipgn
AttributeError: 'NoneType' object has no attribute 'san'
2026-08-03 21:39:29.053235
Traceback (most recent call last):
  File "Code\Databases\WDB_Games.py", line 1493, in tw_data_fitness
  File "Code\Databases\result_repair.py", line 171, in orchestrate_data_fitness_adjudication
KeyError: 'ROWID'
illegal san: 'R7b1' in rnbqkbnr/pppppppp/8/8/4P3/8/PPPP1PPP/RNBQKBNR b KQkq - 0 1 while parsing <Game at 0x178c384ecf0 ('?' vs. '?', '????.??.??' at '?')>
illegal san: 'c5' in rnbqkbnr/pppppppp/8/8/8/8/PPPPPPPP/RNBQKBNR w KQkq - 0 1 while parsing <Game at 0x178c383ac10 ('?' vs. '?', '????.??.??' at '?')>
illegal san: 'c6' in rnbqkbnr/pppppppp/8/8/8/8/PPPPPPPP/RNBQKBNR w KQkq - 0 1 while parsing <Game at 0x178c383b390 ('?' vs. '?', '????.??.??' at '?')>
illegal san: 'c7' in rnbqkbnr/pppppppp/8/8/8/8/PPPPPPPP/RNBQKBNR w KQkq - 0 1 while parsing <Game at 0x178faa40180 ('?' vs. '?', '????.??.??' at '?')>
illegal san: 'f8' in rnbqkbnr/pppppppp/8/8/7P/8/PPPPPPP1/RNBQKBNR b KQkq - 0 1 while parsing <Game at 0x178faa40640 ('?' vs. '?', '????.??.??' at '?')>
illegal san: 'bd8' in rnbqkbnr/pppppppp/8/8/8/8/PPPPPPPP/RNBQKBNR w KQkq - 0 1 while parsing <Game at 0x178fa9ad5b0 ('?' vs. '?', '????.??.??' at '?')>
illegal san: 'h8N' in rnbqkbnr/pppppppp/8/8/8/8/PPPPPPPP/RNBQKBNR w KQkq - 0 1 while parsing <Game at 0x178fa9d56a0 ('?' vs. '?', '????.??.??' at '?')>
illegal san: 'h1' in rnbqkbnr/pppppppp/8/8/8/8/PPPPPPPP/RNBQKBNR w KQkq - 0 1 while parsing <Game at 0x178fa9d59d0 ('?' vs. '?', '????.??.??' at '?')>
illegal san: 'e2' in rnbqkbnr/pppppppp/8/8/8/8/PPPPPPPP/RNBQKBNR w KQkq - 0 1 while parsing <Game at 0x178faa2c950 ('?' vs. '?', '????.??.??' at '?')>
illegal san: 'h2' in rnbqkbnr/pppppppp/8/8/8/8/PPPPPPPP/RNBQKBNR w KQkq - 0 1 while parsing <Game at 0x178faa2cd50 ('?' vs. '?', '????.??.??' at '?')>
invalid san: '*' while parsing <Game at 0x178fa9deb70 ('?' vs. '?', '????.??.??' at '?')>
invalid san: '*' while parsing <Game at 0x178fa9deb70 ('?' vs. '?', '????.??.??' at '?', 1 errors)>
illegal san: 'b1' in rnbqkbnr/pppppppp/8/8/8/8/PPPPPPPP/RNBQKBNR w KQkq - 0 1 while parsing <Game at 0x178fa9df020 ('?' vs. '?', '????.??.??' at '?')>
illegal san: 'Nf5' in rnbqkbnr/pppppppp/8/8/8/8/PPPPPPPP/RNBQKBNR w KQkq - 0 1 while parsing <Game at 0x178faa609f0 ('?' vs. '?', '????.??.??' at '?')>
illegal san: 'b8' in rnbqkbnr/pppppppp/8/8/8/8/PPPPPPPP/RNBQKBNR w KQkq - 0 1 while parsing <Game at 0x178faa60f30 ('?' vs. '?', '????.??.??' at '?')>
illegal san: 'd7' in rnbqkbnr/pppppppp/8/8/8/8/PPPPPPPP/RNBQKBNR w KQkq - 0 1 while parsing <Game at 0x178fa9eb040 ('?' vs. '?', '????.??.??' at '?')>
illegal san: 'h8' in rnbqkbnr/pppppppp/8/8/8/8/PPPPPPPP/RNBQKBNR w KQkq - 0 1 while parsing <Game at 0x178faa00a10 ('?' vs. '?', '????.??.??' at '?')>
illegal san: 'e2' in rnbqkbnr/pppppppp/8/8/8/8/PPPPPPPP/RNBQKBNR w KQkq - 0 1 while parsing <Game at 0x178faa00b90 ('?' vs. '?', '????.??.??' at '?')>
illegal san: 'b7' in rnbqkbnr/pppppppp/8/8/8/8/PPPPPPPP/RNBQKBNR w KQkq - 0 1 while parsing <Game at 0x178faa543c0 ('?' vs. '?', '????.??.??' at '?')>
illegal san: 'e7' in rnbqkbnr/pppppppp/8/8/8/8/PPPPPPPP/RNBQKBNR w KQkq - 0 1 while parsing <Game at 0x178abefe850 ('?' vs. '?', '????.??.??' at '?')>
invalid san: '*' while parsing <Game at 0x178abefeb70 ('?' vs. '?', '????.??.??' at '?')>
invalid san: '*' while parsing <Game at 0x178abefeb70 ('?' vs. '?', '????.??.??' at '?', 1 errors)>
invalid san: '*' while parsing <Game at 0x178faa644d0 ('?' vs. '?', '????.??.??' at '?')>
illegal san: 'df1' in rnbqkbnr/pppppppp/8/8/8/8/PPPPPPPP/RNBQKBNR w KQkq - 0 1 while parsing <Game at 0x178faa64680 ('?' vs. '?', '????.??.??' at '?')>
illegal san: 'a6' in rnbqkbnr/pppppppp/8/8/8/8/PPPPPPPP/RNBQKBNR w KQkq - 0 1 while parsing <Game at 0x178faa647a0 ('?' vs. '?', '????.??.??' at '?')>
illegal san: 'ch5' in rnbqkbnr/pppppppp/8/8/8/8/PPPPPPPP/RNBQKBNR w KQkq - 0 1 while parsing <Game at 0x178faa648c0 ('?' vs. '?', '????.??.??' at '?')>
illegal san: 'a7' in rnbqkbnr/pppppppp/8/8/8/8/PPPPPPPP/RNBQKBNR w KQkq - 0 1 while parsing <Game at 0x178faa64a70 ('?' vs. '?', '????.??.??' at '?')>
illegal san: 'b2' in rnbqkbnr/pppppppp/8/8/8/8/PPPPPPPP/RNBQKBNR w KQkq - 0 1 while parsing <Game at 0x178faa64b90 ('?' vs. '?', '????.??.??' at '?')>
illegal san: 'g6' in rnbqkbnr/pppppppp/8/8/8/8/PPPPPPPP/RNBQKBNR w KQkq - 0 1 while parsing <Game at 0x178faa64cb0 ('?' vs. '?', '????.??.??' at '?')>
illegal san: 'c7' in rnbqkbnr/pppppppp/8/8/8/8/PPPPPPPP/RNBQKBNR w KQkq - 0 1 while parsing <Game at 0x178faa64dd0 ('?' vs. '?', '????.??.??' at '?')>
illegal san: 'b2' in rnbqkbnr/pppppppp/8/8/8/6P1/PPPPPP1P/RNBQKBNR b KQkq - 0 1 while parsing <Game at 0x178faa64ef0 ('?' vs. '?', '????.??.??' at '?')>
invalid san: '*' while parsing <Game at 0x178faa65010 ('?' vs. '?', '????.??.??' at '?')>
illegal san: 'Rb8' in rnbqkbnr/pppppppp/8/8/8/8/PPPPPPPP/RNBQKBNR w KQkq - 0 1 while parsing <Game at 0x178faa650a0 ('?' vs. '?', '????.??.??' at '?')>
illegal san: 'h5' in rnbqkbnr/pppppppp/8/8/8/8/PPPPPPPP/RNBQKBNR w KQkq - 0 1 while parsing <Game at 0x178faa65250 ('?' vs. '?', '????.??.??' at '?')>
illegal san: 'h8' in rnbqkbnr/pppppppp/8/8/8/8/PPPPPPPP/RNBQKBNR w KQkq - 0 1 while parsing <Game at 0x178faa65250 ('?' vs. '?', '????.??.??' at '?', 1 errors)>
illegal san: 'h8' in rnbqkbnr/pppppppp/8/8/8/8/PPPPPPPP/RNBQKBNR w KQkq - 0 1 while parsing <Game at 0x178faa652e0 ('?' vs. '?', '????.??.??' at '?')>
illegal san: 'h7' in rnbqkbnr/pp1ppppp/8/2p5/3P4/8/PPP1PPPP/RNBQKBNR w KQkq - 0 2 while parsing <Game at 0x178faa65490 ('?' vs. '?', '????.??.??' at '?')>
illegal san: 'e7' in rnbqkbnr/pppppppp/8/8/8/8/PPPPPPPP/RNBQKBNR w KQkq - 0 1 while parsing <Game at 0x178faa655b0 ('?' vs. '?', '????.??.??' at '?')>
illegal san: 'b8' in rnbqkbnr/pppppppp/8/8/8/8/PPPPPPPP/RNBQKBNR w KQkq - 0 1 while parsing <Game at 0x178faa656d0 ('?' vs. '?', '????.??.??' at '?')>
illegal san: 'e8' in rnbqkbnr/pppppppp/8/8/8/8/PPPPPPPP/RNBQKBNR w KQkq - 0 1 while parsing <Game at 0x178faa657f0 ('?' vs. '?', '????.??.??' at '?')>
illegal san: 'h8' in rnbqkbnr/pppppppp/8/8/8/8/PPPPPPPP/RNBQKBNR w KQkq - 0 1 while parsing <Game at 0x178faa65910 ('?' vs. '?', '????.??.??' at '?')>
illegal san: 'f8' in rnbqkbnr/pppppppp/8/8/8/8/PPPPPPPP/RNBQKBNR w KQkq - 0 1 while parsing <Game at 0x178faa659a0 ('?' vs. '?', '????.??.??' at '?')>
illegal san: 'f5' in rnbqkbnr/pppppppp/8/8/8/8/PPPPPPPP/RNBQKBNR w KQkq - 0 1 while parsing <Game at 0x178faa65b50 ('?' vs. '?', '????.??.??' at '?')>
illegal san: 'c2' in rnbqkbnr/pppppppp/8/8/8/8/PPPPPPPP/RNBQKBNR w KQkq - 0 1 while parsing <Game at 0x178faa65c70 ('?' vs. '?', '????.??.??' at '?')>
illegal san: 'd5' in rnbqkbnr/pppppppp/8/8/8/8/PPPPPPPP/RNBQKBNR w KQkq - 0 1 while parsing <Game at 0x178faa65d90 ('?' vs. '?', '????.??.??' at '?')>
illegal san: 'a2' in rnbqkbnr/pppppppp/8/8/8/8/PPPPPPPP/RNBQKBNR w KQkq - 0 1 while parsing <Game at 0x178faa65d90 ('?' vs. '?', '????.??.??' at '?', 1 errors)>
illegal san: 'Rb8' in rnbqkbnr/pppppppp/8/8/8/8/PPPPPPPP/RNBQKBNR w KQkq - 0 1 while parsing <Game at 0x178faa65e20 ('?' vs. '?', '????.??.??' at '?')>
illegal san: 'g6' in rnbqkbnr/pppppppp/8/8/8/8/PPPPPPPP/RNBQKBNR w KQkq - 0 1 while parsing <Game at 0x178faa65fd0 ('?' vs. '?', '????.??.??' at '?')>
invalid san: '*' while parsing <Game at 0x178faa66180 ('?' vs. '?', '????.??.??' at '?')>
invalid san: '*' while parsing <Game at 0x178faa66180 ('?' vs. '?', '????.??.??' at '?', 1 errors)>
illegal san: 'a8' in rnbqkbnr/pppppppp/8/8/8/8/PPPPPPPP/RNBQKBNR w KQkq - 0 1 while parsing <Game at 0x178faa662a0 ('?' vs. '?', '????.??.??' at '?')>
illegal san: 'd2' in rnbqkbnr/pppppppp/8/8/8/8/PPPPPPPP/RNBQKBNR w KQkq - 0 1 while parsing <Game at 0x178faa663c0 ('?' vs. '?', '????.??.??' at '?')>
illegal san: 'h7' in rnbqkbnr/pppppppp/8/8/8/8/PPPPPPPP/RNBQKBNR w KQkq - 0 1 while parsing <Game at 0x178faa66570 ('?' vs. '?', '????.??.??' at '?')>
invalid san: '*' while parsing <Game at 0x178faa66600 ('?' vs. '?', '????.??.??' at '?')>
invalid san: '*' while parsing <Game at 0x178faa66600 ('?' vs. '?', '????.??.??' at '?', 1 errors)>
illegal san: 'fg5' in rnbqkbnr/pppppppp/8/8/8/8/PPPPPPPP/RNBQKBNR w KQkq - 0 1 while parsing <Game at 0x178faa66720 ('?' vs. '?', '????.??.??' at '?')>
illegal san: 'Nb3' in rnbqkbnr/pppppppp/8/8/8/8/PPPPPPPP/RNBQKBNR w KQkq - 0 1 while parsing <Game at 0x178faa668d0 ('?' vs. '?', '????.??.??' at '?')>
invalid san: '*' while parsing <Game at 0x178faa66960 ('?' vs. '?', '????.??.??' at '?')>
invalid san: '*' while parsing <Game at 0x178faa66960 ('?' vs. '?', '????.??.??' at '?', 1 errors)>
illegal san: 'e8' in rnbqkbnr/pppppppp/8/8/8/8/PPPPPPPP/RNBQKBNR w KQkq - 0 1 while parsing <Game at 0x178faa66b10 ('?' vs. '?', '????.??.??' at '?')>
illegal san: 'Kg4' in rnbqkbnr/pppppppp/8/8/8/8/PPPPPPPP/RNBQKBNR w KQkq - 0 1 while parsing <Game at 0x178faa66c30 ('?' vs. '?', '????.??.??' at '?')>
illegal san: 'f5' in rnbqkbnr/pppppppp/8/8/8/8/PPPPPPPP/RNBQKBNR w KQkq - 0 1 while parsing <Game at 0x178faa66cc0 ('?' vs. '?', '????.??.??' at '?')>
illegal san: 'd6' in rnbqkbnr/pppppppp/8/8/8/8/PPPPPPPP/RNBQKBNR w KQkq - 0 1 while parsing <Game at 0x178faa66f00 ('?' vs. '?', '????.??.??' at '?')>
illegal san: 'c8' in rnbqkbnr/pppppppp/8/8/8/8/PPPPPPPP/RNBQKBNR w KQkq - 0 1 while parsing <Game at 0x178faa67140 ('?' vs. '?', '????.??.??' at '?')>
illegal san: 'e6' in rnbqkbnr/pppppppp/8/8/8/8/PPPPPPPP/RNBQKBNR w KQkq - 0 1 while parsing <Game at 0x178faa671d0 ('?' vs. '?', '????.??.??' at '?')>
illegal san: 'b2K' in rnbqkbnr/pppppppp/8/8/8/8/PPPPPPPP/RNBQKBNR w KQkq - 0 1 while parsing <Game at 0x178faa67380 ('?' vs. '?', '????.??.??' at '?')>
illegal san: 'g5' in rnbqkbnr/pppppppp/8/8/8/8/PPPPPPPP/RNBQKBNR w KQkq - 0 1 while parsing <Game at 0x178faa67410 ('?' vs. '?', '????.??.??' at '?')>
illegal san: 'h8' in rnbqkbnr/pppppppp/8/8/8/8/PPPPPPPP/RNBQKBNR w KQkq - 0 1 while parsing <Game at 0x178faa67530 ('?' vs. '?', '????.??.??' at '?')>
illegal san: 'g7' in rnbqkbnr/pppppppp/8/8/8/8/PPPPPPPP/RNBQKBNR w KQkq - 0 1 while parsing <Game at 0x178faa676e0 ('?' vs. '?', '????.??.??' at '?')>
invalid san: '*' while parsing <Game at 0x178faa67800 ('?' vs. '?', '????.??.??' at '?')>
invalid san: '*' while parsing <Game at 0x178faa67800 ('?' vs. '?', '????.??.??' at '?', 1 errors)>
illegal san: 'g7' in rnbqkbnr/pppppppp/8/8/8/8/PPPPPPPP/RNBQKBNR w KQkq - 0 1 while parsing <Game at 0x178faa67890 ('?' vs. '?', '????.??.??' at '?')>
illegal san: 'b5' in rnbqkbnr/pppppppp/8/8/8/8/PPPPPPPP/RNBQKBNR w KQkq - 0 1 while parsing <Game at 0x178faa67a40 ('?' vs. '?', '????.??.??' at '?')>
illegal san: 'c5' in rnbqkbnr/pppppppp/8/8/8/8/PPPPPPPP/RNBQKBNR w KQkq - 0 1 while parsing <Game at 0x178faa67bf0 ('?' vs. '?', '????.??.??' at '?')>
illegal san: 'Ne4n' in rnbqkbnr/pppppppp/8/8/8/8/PPPPPPPP/RNBQKBNR w KQkq - 0 1 while parsing <Game at 0x178faa67d10 ('?' vs. '?', '????.??.??' at '?')>
illegal san: 'h6' in rnbqkbnr/pppppppp/8/8/8/8/PPPPPPPP/RNBQKBNR w KQkq - 0 1 while parsing <Game at 0x178faa67e30 ('?' vs. '?', '????.??.??' at '?')>
illegal san: 'g6' in rnbqkbnr/pppppppp/8/8/8/8/PPPPPPPP/RNBQKBNR w KQkq - 0 1 while parsing <Game at 0x178faa67f50 ('?' vs. '?', '????.??.??' at '?')>
illegal san: 'g6' in rnbqkbnr/pppppppp/8/8/8/8/PPPPPPPP/RNBQKBNR w KQkq - 0 1 while parsing <Game at 0x178faa67f50 ('?' vs. '?', '????.??.??' at '?', 1 errors)>
illegal san: 'ae6' in rnbqkbnr/pppppppp/8/8/8/8/PPPPPPPP/RNBQKBNR w KQkq - 0 1 while parsing <Game at 0x178faac80e0 ('?' vs. '?', '????.??.??' at '?')>
illegal san: 'b1' in rnbqkbnr/pppppppp/8/8/8/8/PPPPPPPP/RNBQKBNR w KQkq - 0 1 while parsing <Game at 0x178faac8200 ('?' vs. '?', '????.??.??' at '?')>
illegal san: 'd1' in rnbqkbnr/pppppppp/8/8/8/8/PPPPPPPP/RNBQKBNR w KQkq - 0 1 while parsing <Game at 0x178faac8290 ('?' vs. '?', '????.??.??' at '?')>
invalid san: '*' while parsing <Game at 0x178faac83b0 ('?' vs. '?', '????.??.??' at '?')>
invalid san: '*' while parsing <Game at 0x178faac83b0 ('?' vs. '?', '????.??.??' at '?', 1 errors)>
illegal san: 'g5' in rnbqkbnr/pppppppp/8/8/8/8/PPPPPPPP/RNBQKBNR w KQkq - 0 1 while parsing <Game at 0x178faac85f0 ('?' vs. '?', '????.??.??' at '?')>
illegal san: 'b8' in rnbqkbnr/pppppppp/8/8/8/8/PPPPPPPP/RNBQKBNR w KQkq - 0 1 while parsing <Game at 0x178faac8710 ('?' vs. '?', '????.??.??' at '?')>
illegal san: 'f8' in rnbqkbnr/pppppppp/8/8/8/8/PPPPPPPP/RNBQKBNR w KQkq - 0 1 while parsing <Game at 0x178faac8830 ('?' vs. '?', '????.??.??' at '?')>
illegal san: '6b5' in rnbqkbnr/pppppppp/8/8/8/8/PPPPPPPP/RNBQKBNR w KQkq - 0 1 while parsing <Game at 0x178faac89e0 ('?' vs. '?', '????.??.??' at '?')>
illegal san: 'h1' in rnbqkbnr/pppppppp/8/8/5P2/8/PPPPP1PP/RNBQKBNR b KQkq - 0 1 while parsing <Game at 0x178faac8a70 ('?' vs. '?', '????.??.??' at '?')>
illegal san: 'c5' in rnbqkbnr/pppppppp/8/8/8/8/PPPPPPPP/RNBQKBNR w KQkq - 0 1 while parsing <Game at 0x178faac8c20 ('?' vs. '?', '????.??.??' at '?')>
illegal san: '7d7' in rnbqkbnr/pppppppp/8/8/8/8/PPPPPPPP/RNBQKBNR w KQkq - 0 1 while parsing <Game at 0x178faac8d40 ('?' vs. '?', '????.??.??' at '?')>
illegal san: '5g1' in rnbqkbnr/pppppppp/8/8/8/8/PPPPPPPP/RNBQKBNR w KQkq - 0 1 while parsing <Game at 0x178faac8e60 ('?' vs. '?', '????.??.??' at '?')>
illegal san: 'f5' in rnbqkbnr/pppppppp/8/8/8/8/PPPPPPPP/RNBQKBNR w KQkq - 0 1 while parsing <Game at 0x178faac8ef0 ('?' vs. '?', '????.??.??' at '?')>
illegal san: 'h7' in rnbqkbnr/pppppppp/8/8/8/8/PPPPPPPP/RNBQKBNR w KQkq - 0 1 while parsing <Game at 0x178faac90a0 ('?' vs. '?', '????.??.??' at '?')>
illegal san: 'g8' in rnbqkbnr/pppppppp/8/8/8/8/PPPPPPPP/RNBQKBNR w KQkq - 0 1 while parsing <Game at 0x178faac91c0 ('?' vs. '?', '????.??.??' at '?')>
invalid san: '*' while parsing <Game at 0x178faac92e0 ('?' vs. '?', '????.??.??' at '?')>
illegal san: 'f2N' in rnbqkbnr/pppppppp/8/8/8/8/PPPPPPPP/RNBQKBNR w KQkq - 0 1 while parsing <Game at 0x178faac9400 ('?' vs. '?', '????.??.??' at '?')>
invalid san: '*' while parsing <Game at 0x178faac9490 ('?' vs. '?', '????.??.??' at '?')>
invalid san: '*' while parsing <Game at 0x178faac9760 ('?' vs. '?', '????.??.??' at '?')>
invalid san: '*' while parsing <Game at 0x178faac9760 ('?' vs. '?', '????.??.??' at '?', 1 errors)>
illegal san: 'd6' in rnbqkbnr/pppppppp/8/8/8/8/PPPPPPPP/RNBQKBNR w KQkq - 0 1 while parsing <Game at 0x178faac9880 ('?' vs. '?', '????.??.??' at '?')>
illegal san: 'ff5' in rnbqkbnr/pppppppp/8/8/8/8/PPPPPPPP/RNBQKBNR w KQkq - 0 1 while parsing <Game at 0x178faac99a0 ('?' vs. '?', '????.??.??' at '?')>
illegal san: 'd8' in rnbqkbnr/pppppppp/8/8/8/8/PPPPPPPP/RNBQKBNR w KQkq - 0 1 while parsing <Game at 0x178faac99a0 ('?' vs. '?', '????.??.??' at '?', 1 errors)>
illegal san: 'h1' in rnbqkbnr/pppppppp/8/8/8/8/PPPPPPPP/RNBQKBNR w KQkq - 0 1 while parsing <Game at 0x178faac9a30 ('?' vs. '?', '????.??.??' at '?')>
illegal san: 'h5' in rnbqkbnr/pppppppp/8/8/8/8/PPPPPPPP/RNBQKBNR w KQkq - 0 1 while parsing <Game at 0x178faac9b50 ('?' vs. '?', '????.??.??' at '?')>
invalid san: '*' while parsing <Game at 0x178faac9d00 ('?' vs. '?', '????.??.??' at '?')>
illegal san: 'g7' in rnbqkbnr/pppppppp/8/8/8/8/PPPPPPPP/RNBQKBNR w KQkq - 0 1 while parsing <Game at 0x178faac9d90 ('?' vs. '?', '????.??.??' at '?')>
illegal san: 'c7' in rnbqkbnr/pppppppp/8/8/8/8/PPPPPPPP/RNBQKBNR w KQkq - 0 1 while parsing <Game at 0x178faac9d90 ('?' vs. '?', '????.??.??' at '?', 1 errors)>
illegal san: 'd8' in rnbqkbnr/pppppppp/8/8/8/8/PPPPPPPP/RNBQKBNR w KQkq - 0 1 while parsing <Game at 0x178faac9f40 ('?' vs. '?', '????.??.??' at '?')>
illegal san: 'g8' in rnbqkbnr/pppppppp/8/8/8/8/PPPPPPPP/RNBQKBNR w KQkq - 0 1 while parsing <Game at 0x178faac9fd0 ('?' vs. '?', '????.??.??' at '?')>
illegal san: 'c1' in rnbqkbnr/pppppppp/8/8/8/8/PPPPPPPP/RNBQKBNR w KQkq - 0 1 while parsing <Game at 0x178faaca210 ('?' vs. '?', '????.??.??' at '?')>
illegal san: 'h8' in rnbqkbnr/pppppppp/8/8/8/8/PPPPPPPP/RNBQKBNR w KQkq - 0 1 while parsing <Game at 0x178faaca330 ('?' vs. '?', '????.??.??' at '?')>
illegal san: 'd5' in rnbqkbnr/pppppppp/8/8/8/8/PPPPPPPP/RNBQKBNR w KQkq - 0 1 while parsing <Game at 0x178faaca330 ('?' vs. '?', '????.??.??' at '?', 1 errors)>
invalid san: '*' while parsing <Game at 0x178faaca3c0 ('?' vs. '?', '????.??.??' at '?')>
illegal san: 'c1' in rnbqkbnr/pppppppp/8/8/8/8/PPPPPPPP/RNBQKBNR w KQkq - 0 1 while parsing <Game at 0x178faaca570 ('?' vs. '?', '????.??.??' at '?')>
illegal san: 'f6' in rnbqkbnr/pppppppp/8/8/8/8/PPPPPPPP/RNBQKBNR w KQkq - 0 1 while parsing <Game at 0x178faaca570 ('?' vs. '?', '????.??.??' at '?', 1 errors)>
illegal san: 'd6' in rnbqkbnr/pppppppp/8/8/8/8/PPPPPPPP/RNBQKBNR w KQkq - 0 1 while parsing <Game at 0x178faaca690 ('?' vs. '?', '????.??.??' at '?')>
illegal san: 'h8' in rnbqkbnr/pppppppp/8/8/8/8/PPPPPPPP/RNBQKBNR w KQkq - 0 1 while parsing <Game at 0x178faaca7b0 ('?' vs. '?', '????.??.??' at '?')>
illegal san: 'f2' in rnbqkbnr/pppppppp/8/8/8/8/PPPPPPPP/RNBQKBNR w KQkq - 0 1 while parsing <Game at 0x178faaca840 ('?' vs. '?', '????.??.??' at '?')>
illegal san: 'f2' in rnbqkbnr/pppppppp/8/8/8/8/PPPPPPPP/RNBQKBNR w KQkq - 0 1 while parsing <Game at 0x178faacaa80 ('?' vs. '?', '????.??.??' at '?')>
illegal san: '1e1' in rnbqkbnr/pppppppp/8/8/8/8/PPPPPPPP/RNBQKBNR w KQkq - 0 1 while parsing <Game at 0x178faacaba0 ('?' vs. '?', '????.??.??' at '?')>
illegal san: 'g2' in rnbqkbnr/pppppppp/8/8/8/8/PPPPPPPP/RNBQKBNR w KQkq - 0 1 while parsing <Game at 0x178faacacc0 ('?' vs. '?', '????.??.??' at '?')>
invalid san: '*' while parsing <Game at 0x178faacad50 ('?' vs. '?', '????.??.??' at '?')>
invalid san: '*' while parsing <Game at 0x178faacad50 ('?' vs. '?', '????.??.??' at '?', 1 errors)>
invalid san: '*' while parsing <Game at 0x178faacae70 ('?' vs. '?', '????.??.??' at '?')>
invalid san: '*' while parsing <Game at 0x178faacae70 ('?' vs. '?', '????.??.??' at '?', 1 errors)>
illegal san: 'c8' in rnbqkbnr/pppppppp/8/8/P7/8/1PPPPPPP/RNBQKBNR b KQkq - 0 1 while parsing <Game at 0x178faacb020 ('?' vs. '?', '????.??.??' at '?')>
invalid san: '*' while parsing <Game at 0x178faacb140 ('?' vs. '?', '????.??.??' at '?')>
illegal san: 'hg6' in rnbqkbnr/pppppppp/8/8/8/8/PPPPPPPP/RNBQKBNR w KQkq - 0 1 while parsing <Game at 0x178faacb140 ('?' vs. '?', '????.??.??' at '?', 1 errors)>
illegal san: 'd2' in rnbqkbnr/pppppppp/8/8/8/8/PPPPPPPP/RNBQKBNR w KQkq - 0 1 while parsing <Game at 0x178faacb1d0 ('?' vs. '?', '????.??.??' at '?')>
illegal san: 'e1' in rnbqkbnr/pppppppp/8/8/8/8/PPPPPPPP/RNBQKBNR w KQkq - 0 1 while parsing <Game at 0x178faacb410 ('?' vs. '?', '????.??.??' at '?')>
invalid san: '*' while parsing <Game at 0x178faacb530 ('?' vs. '?', '????.??.??' at '?')>
invalid san: '*' while parsing <Game at 0x178faacb530 ('?' vs. '?', '????.??.??' at '?', 1 errors)>
illegal san: '3h3' in rnbqkbnr/pppppppp/8/8/8/8/PPPPPPPP/RNBQKBNR w KQkq - 0 1 while parsing <Game at 0x178faacb650 ('?' vs. '?', '????.??.??' at '?')>
invalid san: '*' while parsing <Game at 0x178faacb770 ('?' vs. '?', '????.??.??' at '?')>
invalid san: '*' while parsing <Game at 0x178faacb770 ('?' vs. '?', '????.??.??' at '?', 1 errors)>
invalid san: '*' while parsing <Game at 0x178faacb770 ('?' vs. '?', '????.??.??' at '?', 2 errors)>
illegal san: 'b1' in rnbqkbnr/pppppppp/8/8/8/8/PPPPPPPP/RNBQKBNR w KQkq - 0 1 while parsing <Game at 0x178faacb800 ('?' vs. '?', '????.??.??' at '?')>
illegal san: 'e7' in rnbqkbnr/pppppppp/8/8/8/8/PPPPPPPP/RNBQKBNR w KQkq - 0 1 while parsing <Game at 0x178faacb9b0 ('?' vs. '?', '????.??.??' at '?')>
illegal san: 'b6' in rnbqkbnr/pppppppp/8/8/8/8/PPPPPPPP/RNBQKBNR w KQkq - 0 1 while parsing <Game at 0x178faacbad0 ('?' vs. '?', '????.??.??' at '?')>
illegal san: 'f6' in rnbqkbnr/pppppppp/8/8/8/8/PPPPPPPP/RNBQKBNR w KQkq - 0 1 while parsing <Game at 0x178faacbbf0 ('?' vs. '?', '????.??.??' at '?')>
invalid san: '*' while parsing <Game at 0x178faacbd10 ('?' vs. '?', '????.??.??' at '?')>
illegal san: 'd6' in rnbqkbnr/pppppppp/8/8/8/8/PPPPPPPP/RNBQKBNR w KQkq - 0 1 while parsing <Game at 0x178faacbd10 ('?' vs. '?', '????.??.??' at '?', 1 errors)>
illegal san: 'Qh4R' in rnbqkbnr/pppppppp/8/8/8/8/PPPPPPPP/RNBQKBNR w KQkq - 0 1 while parsing <Game at 0x178faacbe30 ('?' vs. '?', '????.??.??' at '?')>
illegal san: 'f7' in rnbqkbnr/pppppppp/8/8/8/8/PPPPPPPP/RNBQKBNR w KQkq - 0 1 while parsing <Game at 0x178fbaf8050 ('?' vs. '?', '????.??.??' at '?')>
illegal san: 'h5' in rnbqkbnr/pppppppp/8/8/8/8/PPPPPPPP/RNBQKBNR w KQkq - 0 1 while parsing <Game at 0x178fbaf8170 ('?' vs. '?', '????.??.??' at '?')>
illegal san: 'f3r' in rnbqkbnr/pppppppp/8/8/8/1P6/P1PPPPPP/RNBQKBNR b KQkq - 0 1 while parsing <Game at 0x178fbaf8290 ('?' vs. '?', '????.??.??' at '?')>
invalid san: '*' while parsing <Game at 0x178fbaf8440 ('?' vs. '?', '????.??.??' at '?')>
invalid san: '*' while parsing <Game at 0x178fbaf8440 ('?' vs. '?', '????.??.??' at '?', 1 errors)>
illegal san: 'a8' in rnbqkbnr/pppppppp/8/8/8/8/PPPPPPPP/RNBQKBNR w KQkq - 0 1 while parsing <Game at 0x178fbaf8560 ('?' vs. '?', '????.??.??' at '?')>
illegal san: 'b2' in rnbqkbnr/pppppppp/8/8/8/8/PPPPPPPP/RNBQKBNR w KQkq - 0 1 while parsing <Game at 0x178fbaf85f0 ('?' vs. '?', '????.??.??' at '?')>
illegal san: 'a5' in rnbqkbnr/pppppppp/8/8/8/8/PPPPPPPP/RNBQKBNR w KQkq - 0 1 while parsing <Game at 0x178fbaf87a0 ('?' vs. '?', '????.??.??' at '?')>
illegal san: 'd7' in rnbqkbnr/pppppppp/8/8/8/8/PPPPPPPP/RNBQKBNR w KQkq - 0 1 while parsing <Game at 0x178fbaf8950 ('?' vs. '?', '????.??.??' at '?')>
illegal san: 'd5' in rnbqkbnr/pppppppp/8/8/8/8/PPPPPPPP/RNBQKBNR w KQkq - 0 1 while parsing <Game at 0x178fbaf89e0 ('?' vs. '?', '????.??.??' at '?')>
illegal san: 'g2' in rnbqkbnr/pppppppp/8/8/8/8/PPPPPPPP/RNBQKBNR w KQkq - 0 1 while parsing <Game at 0x178fbaf8b00 ('?' vs. '?', '????.??.??' at '?')>
illegal san: 'b7' in rnbqkbnr/pppppppp/8/8/8/8/PPPPPPPP/RNBQKBNR w KQkq - 0 1 while parsing <Game at 0x178fbaf8c20 ('?' vs. '?', '????.??.??' at '?')>
illegal san: 'a5' in rnbqkbnr/pppppppp/8/8/8/8/PPPPPPPP/RNBQKBNR w KQkq - 0 1 while parsing <Game at 0x178fbaf8d40 ('?' vs. '?', '????.??.??' at '?')>
illegal san: 'a8' in rnbqkbnr/pppppppp/8/8/8/8/PPPPPPPP/RNBQKBNR w KQkq - 0 1 while parsing <Game at 0x178fbaf8e60 ('?' vs. '?', '????.??.??' at '?')>
illegal san: 'h1' in rnbqkbnr/pppppppp/8/8/8/8/PPPPPPPP/RNBQKBNR w KQkq - 0 1 while parsing <Game at 0x178fbaf8f80 ('?' vs. '?', '????.??.??' at '?')>
invalid san: '@b2' while parsing <Game at 0x178fbaf90a0 ('?' vs. '?', '????.??.??' at '?')>
illegal san: 'd7' in rnbqkbnr/pppppppp/8/8/8/8/PPPPPPPP/RNBQKBNR w KQkq - 0 1 while parsing <Game at 0x178fbaf91c0 ('?' vs. '?', '????.??.??' at '?')>
invalid san: '*' while parsing <Game at 0x178fbaf9400 ('?' vs. '?', '????.??.??' at '?')>
invalid san: '*' while parsing <Game at 0x178fbaf9400 ('?' vs. '?', '????.??.??' at '?', 1 errors)>
illegal san: 'h7' in rnbqkbnr/pppppppp/8/8/8/8/PPPPPPPP/RNBQKBNR w KQkq - 0 1 while parsing <Game at 0x178fbaf9520 ('?' vs. '?', '????.??.??' at '?')>
illegal san: 'Bg6' in rnbqkbnr/pppppppp/8/8/8/8/PPPPPPPP/RNBQKBNR w KQkq - 0 1 while parsing <Game at 0x178fbaf96d0 ('?' vs. '?', '????.??.??' at '?')>
illegal san: 'e4' in rnbqkbnr/pppppppp/8/8/8/4P3/PPPP1PPP/RNBQKBNR b KQkq - 0 1 while parsing <Game at 0x178fbaf9760 ('?' vs. '?', '????.??.??' at '?')>
illegal san: 'g2' in rnbqkbnr/pppppppp/8/8/8/8/PPPPPPPP/RNBQKBNR w KQkq - 0 1 while parsing <Game at 0x178fbaf9910 ('?' vs. '?', '????.??.??' at '?')>
illegal san: 'g1' in rnbqkbnr/pppppppp/8/8/8/8/PPPPPPPP/RNBQKBNR w KQkq - 0 1 while parsing <Game at 0x178fbaf9a30 ('?' vs. '?', '????.??.??' at '?')>
invalid san: '*' while parsing <Game at 0x178fbaf9b50 ('?' vs. '?', '????.??.??' at '?')>
invalid san: '*' while parsing <Game at 0x178fbaf9b50 ('?' vs. '?', '????.??.??' at '?', 1 errors)>
illegal san: 'd2' in rnbqkbnr/pppppppp/8/8/8/4P3/PPPP1PPP/RNBQKBNR b KQkq - 0 1 while parsing <Game at 0x178fbaf9d00 ('?' vs. '?', '????.??.??' at '?')>
illegal san: 'h2' in rnbqkbnr/pppppppp/8/8/8/4P3/PPPP1PPP/RNBQKBNR b KQkq - 0 1 while parsing <Game at 0x178fbaf9d00 ('?' vs. '?', '????.??.??' at '?', 1 errors)>
illegal san: 'e8' in rnbqkbnr/pppppppp/8/8/8/8/PPPPPPPP/RNBQKBNR w KQkq - 0 1 while parsing <Game at 0x178fbaf9e20 ('?' vs. '?', '????.??.??' at '?')>
illegal san: 'd2' in rnbqkbnr/pppppppp/8/8/8/8/PPPPPPPP/RNBQKBNR w KQkq - 0 1 while parsing <Game at 0x178fbaf9e20 ('?' vs. '?', '????.??.??' at '?', 1 errors)>
illegal san: 'e6' in rnbqkbnr/pppppppp/8/8/8/8/PPPPPPPP/RNBQKBNR w KQkq - 0 1 while parsing <Game at 0x178fbaf9f40 ('?' vs. '?', '????.??.??' at '?')>
illegal san: 'g1' in rnbqkbnr/pppppppp/8/8/8/8/PPPPPPPP/RNBQKBNR w KQkq - 0 1 while parsing <Game at 0x178fbafa060 ('?' vs. '?', '????.??.??' at '?')>
illegal san: 'b8' in rnbqkbnr/pppppppp/8/8/8/8/PPPPPPPP/RNBQKBNR w KQkq - 0 1 while parsing <Game at 0x178fbafa180 ('?' vs. '?', '????.??.??' at '?')>
illegal san: 'ac7' in rnbqkbnr/pppppppp/8/8/8/8/PPPPPPPP/RNBQKBNR w KQkq - 0 1 while parsing <Game at 0x178fbafa2a0 ('?' vs. '?', '????.??.??' at '?')>
illegal san: 'a1' in rnbqkbnr/pppppppp/8/8/8/8/PPPPPPPP/RNBQKBNR w KQkq - 0 1 while parsing <Game at 0x178fbafa3c0 ('?' vs. '?', '????.??.??' at '?')>
illegal san: 'f1' in rnbqkbnr/pppppppp/8/8/8/8/PPPPPPPP/RNBQKBNR w KQkq - 0 1 while parsing <Game at 0x178fbafa4e0 ('?' vs. '?', '????.??.??' at '?')>
illegal san: 'g7' in rnbqkbnr/pppppppp/8/8/8/8/PPPPPPPP/RNBQKBNR w KQkq - 0 1 while parsing <Game at 0x178fbafa600 ('?' vs. '?', '????.??.??' at '?')>
illegal san: 'd2' in rnbqkbnr/pppppppp/8/8/8/8/PPPPPPPP/RNBQKBNR w KQkq - 0 1 while parsing <Game at 0x178fbafa720 ('?' vs. '?', '????.??.??' at '?')>
illegal san: 'Qd2' in rnbqkbnr/pppppppp/8/8/8/8/PPPPPPPP/RNBQKBNR w KQkq - 0 1 while parsing <Game at 0x178fbafa840 ('?' vs. '?', '????.??.??' at '?')>
illegal san: 'g5' in rnbqkbnr/pppppppp/8/8/8/8/PPPPPPPP/RNBQKBNR w KQkq - 0 1 while parsing <Game at 0x178fbafa840 ('?' vs. '?', '????.??.??' at '?', 1 errors)>
illegal san: 'g2q' in rnbqkbnr/pppppppp/8/8/8/8/PPPPPPPP/RNBQKBNR w KQkq - 0 1 while parsing <Game at 0x178fbafa960 ('?' vs. '?', '????.??.??' at '?')>
illegal san: 'h5' in rnbqkbnr/pppppppp/8/8/8/8/PPPPPPPP/RNBQKBNR w KQkq - 0 1 while parsing <Game at 0x178fbafaa80 ('?' vs. '?', '????.??.??' at '?')>
illegal san: 'Qd4' in rnbqkbnr/pppppppp/8/8/8/8/PPPPPPPP/RNBQKBNR w KQkq - 0 1 while parsing <Game at 0x178fbafaba0 ('?' vs. '?', '????.??.??' at '?')>
illegal san: 'a8' in rnbqkbnr/pppppppp/8/8/8/8/PPPPPPPP/RNBQKBNR w KQkq - 0 1 while parsing <Game at 0x178fbafacc0 ('?' vs. '?', '????.??.??' at '?')>
illegal san: 'd8' in rnbqkbnr/pppppppp/8/8/8/8/PPPPPPPP/RNBQKBNR w KQkq - 0 1 while parsing <Game at 0x178fbafae70 ('?' vs. '?', '????.??.??' at '?')>
illegal san: 'c7' in rnbqkbnr/pppppppp/8/8/8/8/PPPPPPPP/RNBQKBNR w KQkq - 0 1 while parsing <Game at 0x178fbafaf90 ('?' vs. '?', '????.??.??' at '?')>
illegal san: '1d1' in rnbqkbnr/pppppppp/8/8/P7/8/1PPPPPPP/RNBQKBNR b KQkq - 0 1 while parsing <Game at 0x178fbafb020 ('?' vs. '?', '????.??.??' at '?')>
illegal san: 'g8' in rnbqkbnr/pppppppp/8/8/8/8/PPPPPPPP/RNBQKBNR w KQkq - 0 1 while parsing <Game at 0x178fbafb1d0 ('?' vs. '?', '????.??.??' at '?')>
illegal san: 'd6' in rnbqkbnr/pppppppp/8/8/8/8/PPPPPPPP/RNBQKBNR w KQkq - 0 1 while parsing <Game at 0x178fbafb380 ('?' vs. '?', '????.??.??' at '?')>
illegal san: 'a7B' in rnbqkbnr/pppppppp/8/8/8/P7/1PPPPPPP/RNBQKBNR b KQkq - 0 1 while parsing <Game at 0x178fbafb410 ('?' vs. '?', '????.??.??' at '?')>
illegal san: 'g3b' in rnbqkbnr/pppppppp/8/8/8/8/PPPPPPPP/RNBQKBNR w KQkq - 0 1 while parsing <Game at 0x178fbafb530 ('?' vs. '?', '????.??.??' at '?')>
invalid san: '*' while parsing <Game at 0x178fbafb5c0 ('?' vs. '?', '????.??.??' at '?')>
invalid san: '*' while parsing <Game at 0x178fbafb5c0 ('?' vs. '?', '????.??.??' at '?', 1 errors)>
illegal san: 'f5' in rnbqkbnr/pppppppp/8/8/8/8/PPPPPPPP/RNBQKBNR w KQkq - 0 1 while parsing <Game at 0x178fbafb770 ('?' vs. '?', '????.??.??' at '?')>
illegal san: 'd5' in rnbqkbnr/pppppppp/8/8/8/8/PPPPPPPP/RNBQKBNR w KQkq - 0 1 while parsing <Game at 0x178fbafb890 ('?' vs. '?', '????.??.??' at '?')>
illegal san: 'h8' in rnbqkbnr/pppppppp/8/8/8/8/PPPPPPPP/RNBQKBNR w KQkq - 0 1 while parsing <Game at 0x178fbafba40 ('?' vs. '?', '????.??.??' at '?')>
illegal san: 'a1' in rnbqkbnr/pppppppp/8/8/8/8/PPPPPPPP/RNBQKBNR w KQkq - 0 1 while parsing <Game at 0x178fbafbb60 ('?' vs. '?', '????.??.??' at '?')>
illegal san: 'de8' in rnbqkbnr/pppppppp/8/8/8/8/PPPPPPPP/RNBQKBNR w KQkq - 0 1 while parsing <Game at 0x178fbafbc80 ('?' vs. '?', '????.??.??' at '?')>
illegal san: 'ah4' in rnbqkbnr/pppppppp/8/8/8/8/PPPPPPPP/RNBQKBNR w KQkq - 0 1 while parsing <Game at 0x178fbafbda0 ('?' vs. '?', '????.??.??' at '?')>
illegal san: 'b2' in rnbqkbnr/pppppppp/8/8/8/8/PPPPPPPP/RNBQKBNR w KQkq - 0 1 while parsing <Game at 0x178fbafbec0 ('?' vs. '?', '????.??.??' at '?')>
illegal san: 'h1' in rnbqkbnr/pppppppp/8/8/8/8/PPPPPPPP/RNBQKBNR w KQkq - 0 1 while parsing <Game at 0x178fbb44050 ('?' vs. '?', '????.??.??' at '?')>
illegal san: 'f5' in rnbqkbnr/pppppppp/8/8/8/8/PPPPPPPP/RNBQKBNR w KQkq - 0 1 while parsing <Game at 0x178fbb44050 ('?' vs. '?', '????.??.??' at '?', 1 errors)>
invalid san: '*' while parsing <Game at 0x178fbb44170 ('?' vs. '?', '????.??.??' at '?')>
illegal san: 'b2' in rnbqkbnr/pppppppp/8/8/8/8/PPPPPPPP/RNBQKBNR w KQkq - 0 1 while parsing <Game at 0x178fbb44290 ('?' vs. '?', '????.??.??' at '?')>
illegal san: 'h1' in rnbqkbnr/pppppppp/8/8/8/8/PPPPPPPP/RNBQKBNR w KQkq - 0 1 while parsing <Game at 0x178fbb443b0 ('?' vs. '?', '????.??.??' at '?')>
illegal san: 'd2' in rnbqkbnr/pppppppp/8/8/8/8/PPPPPPPP/RNBQKBNR w KQkq - 0 1 while parsing <Game at 0x178fbb444d0 ('?' vs. '?', '????.??.??' at '?')>
illegal san: 'c7' in rnbqkbnr/pppppppp/8/8/8/8/PPPPPPPP/RNBQKBNR w KQkq - 0 1 while parsing <Game at 0x178fbb445f0 ('?' vs. '?', '????.??.??' at '?')>
illegal san: '8e5' in rnbqkbnr/pppppppp/8/8/8/8/PPPPPPPP/RNBQKBNR w KQkq - 0 1 while parsing <Game at 0x178fbb447a0 ('?' vs. '?', '????.??.??' at '?')>
illegal san: 'a4' in rnbqkbnr/pppppppp/8/8/8/P7/1PPPPPPP/RNBQKBNR b KQkq - 0 1 while parsing <Game at 0x178fbb448c0 ('?' vs. '?', '????.??.??' at '?')>
invalid san: '*' while parsing <Game at 0x178fbb449e0 ('?' vs. '?', '????.??.??' at '?')>
illegal san: 'c1' in rnbqkbnr/pppppppp/8/8/8/8/PPPPPPPP/RNBQKBNR w KQkq - 0 1 while parsing <Game at 0x178fbb44b00 ('?' vs. '?', '????.??.??' at '?')>
invalid san: '*' while parsing <Game at 0x178fbb44c20 ('?' vs. '?', '????.??.??' at '?')>
invalid san: '*' while parsing <Game at 0x178fbb44c20 ('?' vs. '?', '????.??.??' at '?', 1 errors)>
illegal san: 'd6' in rnbqkbnr/pppppppp/8/8/8/8/PPPPPPPP/RNBQKBNR w KQkq - 0 1 while parsing <Game at 0x178fbb44d40 ('?' vs. '?', '????.??.??' at '?')>
invalid san: '*' while parsing <Game at 0x178fbb44e60 ('?' vs. '?', '????.??.??' at '?')>
invalid san: '*' while parsing <Game at 0x178fbb44e60 ('?' vs. '?', '????.??.??' at '?', 1 errors)>
invalid san: '*' while parsing <Game at 0x178fbb44e60 ('?' vs. '?', '????.??.??' at '?', 2 errors)>
illegal san: 'c8' in rnbqkbnr/pppppppp/8/8/8/8/PPPPPPPP/RNBQKBNR w KQkq - 0 1 while parsing <Game at 0x178fbb45010 ('?' vs. '?', '????.??.??' at '?')>
illegal san: 'h1' in rnbqkbnr/1ppppppp/p7/8/8/2P5/PP1PPPPP/RNBQKBNR w KQkq - 0 2 while parsing <Game at 0x178fbb45130 ('?' vs. '?', '????.??.??' at '?')>
illegal san: 'fh5' in rnbqkbnr/pppppppp/8/8/8/8/PPPPPPPP/RNBQKBNR w KQkq - 0 1 while parsing <Game at 0x178fbb45250 ('?' vs. '?', '????.??.??' at '?')>
illegal san: '3e1' in rnbqkbnr/pppppppp/8/8/8/8/PPPPPPPP/RNBQKBNR w KQkq - 0 1 while parsing <Game at 0x178fbb45370 ('?' vs. '?', '????.??.??' at '?')>
illegal san: 'g2' in rnbqkbnr/pppppppp/8/8/8/8/PPPPPPPP/RNBQKBNR w KQkq - 0 1 while parsing <Game at 0x178fbb45370 ('?' vs. '?', '????.??.??' at '?', 1 errors)>
illegal san: 'Kf5' in rnbqkbnr/pppppppp/8/8/8/8/PPPPPPPP/RNBQKBNR w KQkq - 0 1 while parsing <Game at 0x178fbb45490 ('?' vs. '?', '????.??.??' at '?')>
illegal san: 'b2' in rnbqkbnr/pppppppp/8/8/8/8/PPPPPPPP/RNBQKBNR w KQkq - 0 1 while parsing <Game at 0x178fbb455b0 ('?' vs. '?', '????.??.??' at '?')>
illegal san: 'f1' in rnbqkbnr/pppppppp/8/8/8/8/PPPPPPPP/RNBQKBNR w KQkq - 0 1 while parsing <Game at 0x178fbb456d0 ('?' vs. '?', '????.??.??' at '?')>
illegal san: 'g6' in rnbqkbnr/pppppppp/8/8/8/8/PPPPPPPP/RNBQKBNR w KQkq - 0 1 while parsing <Game at 0x178fbb45880 ('?' vs. '?', '????.??.??' at '?')>
invalid san: '@a4' while parsing <Game at 0x178fbb45910 ('?' vs. '?', '????.??.??' at '?')>
illegal san: 'Kd5' in rnbqkbnr/pppppppp/8/8/8/8/PPPPPPPP/RNBQKBNR w KQkq - 0 1 while parsing <Game at 0x178fbb45910 ('?' vs. '?', '????.??.??' at '?', 1 errors)>
illegal san: 'f6' in rnbqkbnr/pppppppp/8/8/8/8/PPPPPPPP/RNBQKBNR w KQkq - 0 1 while parsing <Game at 0x178fbb45a30 ('?' vs. '?', '????.??.??' at '?')>
illegal san: 'g6' in rnbqkbnr/pppppppp/8/8/8/8/PPPPPPPP/RNBQKBNR w KQkq - 0 1 while parsing <Game at 0x178fbb45be0 ('?' vs. '?', '????.??.??' at '?')>
illegal san: 'h8' in rnbqkbnr/pppppppp/8/8/8/8/PPPPPPPP/RNBQKBNR w KQkq - 0 1 while parsing <Game at 0x178fbb45d00 ('?' vs. '?', '????.??.??' at '?')>
invalid san: '@g5' while parsing <Game at 0x178fbb45e20 ('?' vs. '?', '????.??.??' at '?')>
invalid san: '@c8' while parsing <Game at 0x178fbb45f40 ('?' vs. '?', '????.??.??' at '?')>
illegal san: 'hf1' in rnbqkbnr/pppppppp/8/8/8/8/PPPPPPPP/RNBQKBNR w KQkq - 0 1 while parsing <Game at 0x178fbb46060 ('?' vs. '?', '????.??.??' at '?')>
illegal san: 'a8' in rnbqkbnr/pppppppp/8/8/8/8/PPPPPPPP/RNBQKBNR w KQkq - 0 1 while parsing <Game at 0x178fbb46180 ('?' vs. '?', '????.??.??' at '?')>
illegal san: 'd8' in rnbqkbnr/pppppppp/8/8/8/8/PPPPPPPP/RNBQKBNR w KQkq - 0 1 while parsing <Game at 0x178fbb462a0 ('?' vs. '?', '????.??.??' at '?')>
illegal san: 'e8' in rnbqkbnr/pppppppp/8/8/8/8/PPPPPPPP/RNBQKBNR w KQkq - 0 1 while parsing <Game at 0x178fbb463c0 ('?' vs. '?', '????.??.??' at '?')>
invalid san: '*' while parsing <Game at 0x178fbb464e0 ('?' vs. '?', '????.??.??' at '?')>
illegal san: 'b2' in rnbqkbnr/pppppppp/8/8/8/8/PPPPPPPP/RNBQKBNR w KQkq - 0 1 while parsing <Game at 0x178fbb46600 ('?' vs. '?', '????.??.??' at '?')>
illegal san: 'd8' in rnbqkbnr/pppppppp/8/8/8/8/PPPPPPPP/RNBQKBNR w KQkq - 0 1 while parsing <Game at 0x178fbb467b0 ('?' vs. '?', '????.??.??' at '?')>
illegal san: 'd4r' in rnbqkbnr/pppppppp/8/8/8/8/PPPPPPPP/RNBQKBNR w KQkq - 0 1 while parsing <Game at 0x178fbb46690 ('?' vs. '?', '????.??.??' at '?')>
illegal san: 'f5' in rnbqkbnr/pppppppp/8/8/8/8/PPPPPPPP/RNBQKBNR w KQkq - 0 1 while parsing <Game at 0x178fbb46960 ('?' vs. '?', '????.??.??' at '?')>
invalid san: '*' while parsing <Game at 0x178fbb46a80 ('?' vs. '?', '????.??.??' at '?')>
illegal san: 'f2' in rnbqkbnr/pppppppp/8/8/8/8/PPPPPPPP/RNBQKBNR w KQkq - 0 1 while parsing <Game at 0x178fbb46ba0 ('?' vs. '?', '????.??.??' at '?')>
illegal san: 'd5' in rnbqkbnr/pppppppp/8/8/8/8/PPPPPPPP/RNBQKBNR w KQkq - 0 1 while parsing <Game at 0x178fbb46cc0 ('?' vs. '?', '????.??.??' at '?')>
illegal san: 'g7n' in rnbqkbnr/pppppppp/8/8/8/8/PPPPPPPP/RNBQKBNR w KQkq - 0 1 while parsing <Game at 0x178fbb46e70 ('?' vs. '?', '????.??.??' at '?')>
illegal san: 'f5' in rnbqkbnr/pppppppp/8/8/8/8/PPPPPPPP/RNBQKBNR w KQkq - 0 1 while parsing <Game at 0x178fbb46f90 ('?' vs. '?', '????.??.??' at '?')>
illegal san: 'c6' in rnbqkbnr/pppppppp/8/8/8/8/PPPPPPPP/RNBQKBNR w KQkq - 0 1 while parsing <Game at 0x178fbb470b0 ('?' vs. '?', '????.??.??' at '?')>
illegal san: 'h5' in rnbqkbnr/pppppppp/8/8/8/8/PPPPPPPP/RNBQKBNR w KQkq - 0 1 while parsing <Game at 0x178fbb47260 ('?' vs. '?', '????.??.??' at '?')>
invalid san: '*' while parsing <Game at 0x178fbb472f0 ('?' vs. '?', '????.??.??' at '?')>
illegal san: 'h6' in rnbqkbnr/pppppppp/8/8/8/8/PPPPPPPP/RNBQKBNR w KQkq - 0 1 while parsing <Game at 0x178fbb474a0 ('?' vs. '?', '????.??.??' at '?')>
illegal san: 'h6' in rnbqkbnr/pppppppp/8/8/8/8/PPPPPPPP/RNBQKBNR w KQkq - 0 1 while parsing <Game at 0x178fbb475c0 ('?' vs. '?', '????.??.??' at '?')>
illegal san: 'b5' in rnbqkbnr/pppppppp/8/8/8/8/PPPPPPPP/RNBQKBNR w KQkq - 0 1 while parsing <Game at 0x178fbb476e0 ('?' vs. '?', '????.??.??' at '?')>
illegal san: 'c1' in rnbqkbnr/pppppppp/8/8/8/8/PPPPPPPP/RNBQKBNR w KQkq - 0 1 while parsing <Game at 0x178fbb47800 ('?' vs. '?', '????.??.??' at '?')>
illegal san: 'h8' in rnbqkbnr/pppppppp/8/8/8/8/PPPPPPPP/RNBQKBNR w KQkq - 0 1 while parsing <Game at 0x178fbb47800 ('?' vs. '?', '????.??.??' at '?', 1 errors)>
illegal san: 'a8' in rnbqkbnr/pppppppp/8/8/8/8/PPPPPPPP/RNBQKBNR w KQkq - 0 1 while parsing <Game at 0x178fbb479b0 ('?' vs. '?', '????.??.??' at '?')>
invalid san: '*' while parsing <Game at 0x178fbb479b0 ('?' vs. '?', '????.??.??' at '?', 1 errors)>
illegal san: 'e3' in rnbqkbnr/pppppppp/8/8/8/2P5/PP1PPPPP/RNBQKBNR b KQkq - 0 1 while parsing <Game at 0x178fbb47890 ('?' vs. '?', '????.??.??' at '?')>
illegal san: 'f8' in rnbqkbnr/pppppppp/8/8/8/8/PPPPPPPP/RNBQKBNR w KQkq - 0 1 while parsing <Game at 0x178fbb47ad0 ('?' vs. '?', '????.??.??' at '?')>
invalid san: '*' while parsing <Game at 0x178fbb47d10 ('?' vs. '?', '????.??.??' at '?')>
illegal san: 'h8' in rnbqkbnr/pppppppp/8/8/8/8/PPPPPPPP/RNBQKBNR w KQkq - 0 1 while parsing <Game at 0x178fbb47e30 ('?' vs. '?', '????.??.??' at '?')>
illegal san: 'a7' in rnbqkbnr/pppppppp/8/8/8/8/PPPPPPPP/RNBQKBNR w KQkq - 0 1 while parsing <Game at 0x178fbb47f50 ('?' vs. '?', '????.??.??' at '?')>
illegal san: 'd2' in rnbqkbnr/pppppppp/8/8/8/8/PPPPPPPP/RNBQKBNR w KQkq - 0 1 while parsing <Game at 0x178fbb980e0 ('?' vs. '?', '????.??.??' at '?')>
illegal san: 'a5' in rnbqkbnr/pppppppp/8/8/8/8/PPPPPPPP/RNBQKBNR w KQkq - 0 1 while parsing <Game at 0x178fbb98200 ('?' vs. '?', '????.??.??' at '?')>
illegal san: 'd1' in rnbqkbnr/pppppppp/8/8/8/8/PPPPPPPP/RNBQKBNR w KQkq - 0 1 while parsing <Game at 0x178fbb983b0 ('?' vs. '?', '????.??.??' at '?')>
illegal san: 'h8' in rnbqkbnr/pppppppp/8/8/8/8/PPPPPPPP/RNBQKBNR w KQkq - 0 1 while parsing <Game at 0x178fbb98440 ('?' vs. '?', '????.??.??' at '?')>
illegal san: 'c2' in rnbqkbnr/pppppppp/8/8/8/8/PPPPPPPP/RNBQKBNR w KQkq - 0 1 while parsing <Game at 0x178fbb98560 ('?' vs. '?', '????.??.??' at '?')>
illegal san: 'c8' in rnbqkbnr/pppppppp/8/8/8/8/PPPPPPPP/RNBQKBNR w KQkq - 0 1 while parsing <Game at 0x178fbb98680 ('?' vs. '?', '????.??.??' at '?')>
illegal san: 'a8n' in rnbqkbnr/pppppppp/8/8/8/8/PPPPPPPP/RNBQKBNR w KQkq - 0 1 while parsing <Game at 0x178fbb987a0 ('?' vs. '?', '????.??.??' at '?')>
illegal san: 'c2' in rnbqkbnr/pppppppp/8/8/8/8/PPPPPPPP/RNBQKBNR w KQkq - 0 1 while parsing <Game at 0x178fbb988c0 ('?' vs. '?', '????.??.??' at '?')>
illegal san: 'f5' in rnbqkbnr/pppppppp/8/8/8/8/PPPPPPPP/RNBQKBNR w KQkq - 0 1 while parsing <Game at 0x178fbb989e0 ('?' vs. '?', '????.??.??' at '?')>
illegal san: '5c8' in rnbqkbnr/pppppppp/8/8/8/6P1/PPPPPP1P/RNBQKBNR b KQkq - 0 1 while parsing <Game at 0x178fbb98b00 ('?' vs. '?', '????.??.??' at '?')>
illegal san: 'f6' in rnbqkbnr/pppppppp/8/8/8/8/PPPPPPPP/RNBQKBNR w KQkq - 0 1 while parsing <Game at 0x178fbb98c20 ('?' vs. '?', '????.??.??' at '?')>
illegal san: 'g2' in rnbqkbnr/pppppppp/8/8/8/8/PPPPPPPP/RNBQKBNR w KQkq - 0 1 while parsing <Game at 0x178fbb98d40 ('?' vs. '?', '????.??.??' at '?')>
illegal san: 'e1' in rnbqkbnr/pppppppp/8/8/8/8/PPPPPPPP/RNBQKBNR w KQkq - 0 1 while parsing <Game at 0x178fbb98d40 ('?' vs. '?', '????.??.??' at '?', 1 errors)>
illegal san: 'N4c6' in rnbqkbnr/pppppppp/8/8/8/8/PPPPPPPP/RNBQKBNR w KQkq - 0 1 while parsing <Game at 0x178fbb98ef0 ('?' vs. '?', '????.??.??' at '?')>
illegal san: 'h8' in rnbqkbnr/pppppppp/8/8/8/8/PPPPPPPP/RNBQKBNR w KQkq - 0 1 while parsing <Game at 0x178fbb99010 ('?' vs. '?', '????.??.??' at '?')>
illegal san: 'f2' in rnbqkbnr/pppppppp/8/8/8/8/PPPPPPPP/RNBQKBNR w KQkq - 0 1 while parsing <Game at 0x178fbb991c0 ('?' vs. '?', '????.??.??' at '?')>
illegal san: 'f5' in rnbqkbnr/pppppppp/8/8/8/8/PPPPPPPP/RNBQKBNR w KQkq - 0 1 while parsing <Game at 0x178fbb992e0 ('?' vs. '?', '????.??.??' at '?')>
illegal san: '7d6' in rnbqkbnr/pppppppp/8/8/8/8/PPPPPPPP/RNBQKBNR w KQkq - 0 1 while parsing <Game at 0x178fbb99370 ('?' vs. '?', '????.??.??' at '?')>
illegal san: 'b6' in rnbqkbnr/pppppppp/8/8/8/8/PPPPPPPP/RNBQKBNR w KQkq - 0 1 while parsing <Game at 0x178fbb99400 ('?' vs. '?', '????.??.??' at '?')>
illegal san: 'a6' in rnbqkbnr/pppppppp/8/8/8/8/PPPPPPPP/RNBQKBNR w KQkq - 0 1 while parsing <Game at 0x178fbb995b0 ('?' vs. '?', '????.??.??' at '?')>
illegal san: 'h1' in rnbqkbnr/pppppppp/8/8/8/8/PPPPPPPP/RNBQKBNR w KQkq - 0 1 while parsing <Game at 0x178fbb996d0 ('?' vs. '?', '????.??.??' at '?')>
invalid san: '*' while parsing <Game at 0x178fbb99880 ('?' vs. '?', '????.??.??' at '?')>
illegal san: 'f8' in rnbqkbnr/pppppppp/8/8/8/8/PPPPPPPP/RNBQKBNR w KQkq - 0 1 while parsing <Game at 0x178fbb99a30 ('?' vs. '?', '????.??.??' at '?')>
illegal san: 'f7' in rnbqkbnr/pppppppp/8/8/8/8/PPPPPPPP/RNBQKBNR w KQkq - 0 1 while parsing <Game at 0x178fbb99ac0 ('?' vs. '?', '????.??.??' at '?')>
illegal san: 'a7' in rnbqkbnr/pppppppp/8/8/8/8/PPPPPPPP/RNBQKBNR w KQkq - 0 1 while parsing <Game at 0x178fbb99be0 ('?' vs. '?', '????.??.??' at '?')>
illegal san: 'f8' in rnbqkbnr/pppppppp/8/8/8/8/PPPPPPPP/RNBQKBNR w KQkq - 0 1 while parsing <Game at 0x178fbb99d90 ('?' vs. '?', '????.??.??' at '?')>
invalid san: '*' while parsing <Game at 0x178fbb99eb0 ('?' vs. '?', '????.??.??' at '?')>
illegal san: 'd2' in rnbqkbnr/pppppppp/8/8/8/8/PPPPPPPP/RNBQKBNR w KQkq - 0 1 while parsing <Game at 0x178fbb99fd0 ('?' vs. '?', '????.??.??' at '?')>
illegal san: 'd2' in rnbqkbnr/pppppppp/8/8/8/8/PPPPPPPP/RNBQKBNR w KQkq - 0 1 while parsing <Game at 0x178fbb9a0f0 ('?' vs. '?', '????.??.??' at '?')>
illegal san: 'h2' in rnbqkbnr/pppppppp/8/8/8/8/PPPPPPPP/RNBQKBNR w KQkq - 0 1 while parsing <Game at 0x178fbb9a210 ('?' vs. '?', '????.??.??' at '?')>
illegal san: 'Bf7' in rnbqkbnr/pppppppp/8/8/8/8/PPPPPPPP/RNBQKBNR w KQkq - 0 1 while parsing <Game at 0x178fbb9a210 ('?' vs. '?', '????.??.??' at '?', 1 errors)>
illegal san: '4h4' in rnbqkbnr/pppppppp/8/8/8/8/PPPPPPPP/RNBQKBNR w KQkq - 0 1 while parsing <Game at 0x178fbb9a330 ('?' vs. '?', '????.??.??' at '?')>
illegal san: 'a2' in rnbqkbnr/pppppppp/8/8/8/8/PPPPPPPP/RNBQKBNR w KQkq - 0 1 while parsing <Game at 0x178fbb9a450 ('?' vs. '?', '????.??.??' at '?')>
illegal san: 'h7' in rnbqkbnr/pppppppp/8/8/8/4P3/PPPP1PPP/RNBQKBNR b KQkq - 0 1 while parsing <Game at 0x178fbb9a4e0 ('?' vs. '?', '????.??.??' at '?')>
illegal san: 'e1' in rnbqkbnr/pppppppp/8/8/8/8/PPPPPPPP/RNBQKBNR w KQkq - 0 1 while parsing <Game at 0x178fbb9a690 ('?' vs. '?', '????.??.??' at '?')>
illegal san: 'a6' in rnbqkbnr/pppppppp/8/8/8/8/PPPPPPPP/RNBQKBNR w KQkq - 0 1 while parsing <Game at 0x178fbb9a7b0 ('?' vs. '?', '????.??.??' at '?')>
illegal san: 'g8' in rnbqkbnr/pppppppp/8/8/8/8/PPPPPPPP/RNBQKBNR w KQkq - 0 1 while parsing <Game at 0x178fbb9a840 ('?' vs. '?', '????.??.??' at '?')>
illegal san: 'a7' in rnbqkbnr/pppppppp/8/8/8/8/PPPPPPPP/RNBQKBNR w KQkq - 0 1 while parsing <Game at 0x178fbb9a9f0 ('?' vs. '?', '????.??.??' at '?')>
illegal san: 'h7' in rnbqkbnr/pppppppp/8/8/8/8/PPPPPPPP/RNBQKBNR w KQkq - 0 1 while parsing <Game at 0x178fbb9aba0 ('?' vs. '?', '????.??.??' at '?')>
illegal san: 'h1' in rnbqkbnr/pppppppp/8/8/8/8/PPPPPPPP/RNBQKBNR w KQkq - 0 1 while parsing <Game at 0x178fbb9aba0 ('?' vs. '?', '????.??.??' at '?', 1 errors)>
illegal san: 'a8' in rnbqkbnr/pppppppp/8/8/8/8/PPPPPPPP/RNBQKBNR w KQkq - 0 1 while parsing <Game at 0x178fbb9acc0 ('?' vs. '?', '????.??.??' at '?')>
illegal san: 'g6' in rnbqkbnr/pppppppp/8/8/8/8/PPPPPPPP/RNBQKBNR w KQkq - 0 1 while parsing <Game at 0x178fbb9ade0 ('?' vs. '?', '????.??.??' at '?')>
illegal san: 'd6' in rnbqkbnr/pppppppp/8/8/8/8/PPPPPPPP/RNBQKBNR w KQkq - 0 1 while parsing <Game at 0x178fbb9af00 ('?' vs. '?', '????.??.??' at '?')>
invalid san: '*' while parsing <Game at 0x178fbb9b020 ('?' vs. '?', '????.??.??' at '?')>
invalid san: '*' while parsing <Game at 0x178fbb9b020 ('?' vs. '?', '????.??.??' at '?', 1 errors)>
invalid san: '*' while parsing <Game at 0x178fbb9b0b0 ('?' vs. '?', '????.??.??' at '?')>
illegal san: 'h5' in rnbqkbnr/pppppppp/8/8/8/8/PPPPPPPP/RNBQKBNR w KQkq - 0 1 while parsing <Game at 0x178fbb9b260 ('?' vs. '?', '????.??.??' at '?')>
illegal san: 'c2' in rnbqkbnr/pppppppp/8/8/8/8/PPPPPPPP/RNBQKBNR w KQkq - 0 1 while parsing <Game at 0x178fbb9b380 ('?' vs. '?', '????.??.??' at '?')>
illegal san: 'f8' in rnbqkbnr/pppppppp/8/8/8/8/PPPPPPPP/RNBQKBNR w KQkq - 0 1 while parsing <Game at 0x178fbb9b4a0 ('?' vs. '?', '????.??.??' at '?')>
illegal san: 'Rb8' in rnbqkbnr/pppppppp/8/8/8/8/PPPPPPPP/RNBQKBNR w KQkq - 0 1 while parsing <Game at 0x178fbb9b650 ('?' vs. '?', '????.??.??' at '?')>
invalid san: '*' while parsing <Game at 0x178fbb9b5c0 ('?' vs. '?', '????.??.??' at '?')>
invalid san: '*' while parsing <Game at 0x178fbb9b890 ('?' vs. '?', '????.??.??' at '?')>
invalid san: '*' while parsing <Game at 0x178fbb9b920 ('?' vs. '?', '????.??.??' at '?')>
invalid san: '*' while parsing <Game at 0x178fbb9b920 ('?' vs. '?', '????.??.??' at '?', 1 errors)>
illegal san: 'g2' in rnbqkbnr/pppppppp/8/8/8/8/PPPPPPPP/RNBQKBNR w KQkq - 0 1 while parsing <Game at 0x178fbb9ba40 ('?' vs. '?', '????.??.??' at '?')>
illegal san: '3a1' in rnbqkbnr/pppppppp/8/8/8/8/PPPPPPPP/RNBQKBNR w KQkq - 0 1 while parsing <Game at 0x178fbb9bbf0 ('?' vs. '?', '????.??.??' at '?')>
illegal san: 'h5' in rnbqkbnr/pppppppp/8/8/8/8/PPPPPPPP/RNBQKBNR w KQkq - 0 1 while parsing <Game at 0x178fbb9bd10 ('?' vs. '?', '????.??.??' at '?')>
illegal san: 'd5' in rnbqkbnr/pppppppp/8/8/8/8/PPPPPPPP/RNBQKBNR w KQkq - 0 1 while parsing <Game at 0x178fbb9be30 ('?' vs. '?', '????.??.??' at '?')>
illegal san: 'h8' in rnbqkbnr/pppppppp/8/8/8/8/PPPPPPPP/RNBQKBNR w KQkq - 0 1 while parsing <Game at 0x178fbb9bf50 ('?' vs. '?', '????.??.??' at '?')>
invalid san: '*' while parsing <Game at 0x178fcbbc0e0 ('?' vs. '?', '????.??.??' at '?')>
invalid san: '*' while parsing <Game at 0x178fcbbc0e0 ('?' vs. '?', '????.??.??' at '?', 1 errors)>
invalid san: '*' while parsing <Game at 0x178fcbbc0e0 ('?' vs. '?', '????.??.??' at '?', 2 errors)>
illegal san: 'd8' in rnbqkbnr/pppppppp/8/8/8/8/PPPPPPPP/RNBQKBNR w KQkq - 0 1 while parsing <Game at 0x178fcbbc200 ('?' vs. '?', '????.??.??' at '?')>
illegal san: 'g5r' in rnbqkbnr/pppppppp/8/8/8/8/PPPPPPPP/RNBQKBNR w KQkq - 0 1 while parsing <Game at 0x178fcbbc320 ('?' vs. '?', '????.??.??' at '?')>
illegal san: 'Ke3' in rnbqkbnr/pppppppp/8/8/8/4P3/PPPP1PPP/RNBQKBNR b KQkq - 0 1 while parsing <Game at 0x178fcbbc440 ('?' vs. '?', '????.??.??' at '?')>
illegal san: 'e7' in rnbqkbnr/pppppppp/8/8/8/8/PPPPPPPP/RNBQKBNR w KQkq - 0 1 while parsing <Game at 0x178fcbbc4d0 ('?' vs. '?', '????.??.??' at '?')>
invalid san: '*' while parsing <Game at 0x178fcbbc680 ('?' vs. '?', '????.??.??' at '?')>
illegal san: 'b3' in rnbqkbnr/pppppppp/8/8/8/4P3/PPPP1PPP/RNBQKBNR b KQkq - 0 1 while parsing <Game at 0x178fcbbc680 ('?' vs. '?', '????.??.??' at '?', 1 errors)>
invalid san: '*' while parsing <Game at 0x178fcbbc7a0 ('?' vs. '?', '????.??.??' at '?')>
invalid san: '*' while parsing <Game at 0x178fcbbc7a0 ('?' vs. '?', '????.??.??' at '?', 1 errors)>
illegal san: 'e1' in rnbqkbnr/pppppppp/8/8/8/8/PPPPPPPP/RNBQKBNR w KQkq - 0 1 while parsing <Game at 0x178fcbbc8c0 ('?' vs. '?', '????.??.??' at '?')>
illegal san: 'c6' in rnbqkbnr/pppppppp/8/8/8/8/PPPPPPPP/RNBQKBNR w KQkq - 0 1 while parsing <Game at 0x178fcbbc9e0 ('?' vs. '?', '????.??.??' at '?')>
illegal san: 'd2' in rnbqkbnr/pppppppp/8/8/8/8/PPPPPPPP/RNBQKBNR w KQkq - 0 1 while parsing <Game at 0x178fcbbcb00 ('?' vs. '?', '????.??.??' at '?')>
illegal san: 'da6' in rnbqkbnr/pppppppp/8/8/8/8/PPPPPPPP/RNBQKBNR w KQkq - 0 1 while parsing <Game at 0x178fcbbcc20 ('?' vs. '?', '????.??.??' at '?')>
illegal san: 'c1' in rnbqkbnr/pppppppp/8/8/8/8/PPPPPPPP/RNBQKBNR w KQkq - 0 1 while parsing <Game at 0x178fcbbcc20 ('?' vs. '?', '????.??.??' at '?', 1 errors)>
illegal san: 'c1' in rnbqkbnr/pppppppp/8/8/8/8/PPPPPPPP/RNBQKBNR w KQkq - 0 1 while parsing <Game at 0x178fcbbcd40 ('?' vs. '?', '????.??.??' at '?')>
illegal san: 'f5' in rnbqkbnr/pppppppp/8/8/8/8/PPPPPPPP/RNBQKBNR w KQkq - 0 1 while parsing <Game at 0x178fcbbce60 ('?' vs. '?', '????.??.??' at '?')>
illegal san: 'f8' in rnbqkbnr/pppppppp/8/8/8/3P4/PPP1PPPP/RNBQKBNR b KQkq - 0 1 while parsing <Game at 0x178fcbbcf80 ('?' vs. '?', '????.??.??' at '?')>
invalid san: '*' while parsing <Game at 0x178fcbbd0a0 ('?' vs. '?', '????.??.??' at '?')>
illegal san: 'b6' in rnbqkbnr/pppppppp/8/8/8/8/PPPPPPPP/RNBQKBNR w KQkq - 0 1 while parsing <Game at 0x178fcbbd130 ('?' vs. '?', '????.??.??' at '?')>
illegal san: 'f2' in rnbqkbnr/pppppppp/8/8/8/8/PPPPPPPP/RNBQKBNR w KQkq - 0 1 while parsing <Game at 0x178fcbbd2e0 ('?' vs. '?', '????.??.??' at '?')>
illegal san: 'a5' in rnbqkbnr/pppppppp/8/8/8/8/PPPPPPPP/RNBQKBNR w KQkq - 0 1 while parsing <Game at 0x178fcbbd400 ('?' vs. '?', '????.??.??' at '?')>
illegal san: 'c8' in rnbqkbnr/pppppppp/8/8/8/8/PPPPPPPP/RNBQKBNR w KQkq - 0 1 while parsing <Game at 0x178fcbbd520 ('?' vs. '?', '????.??.??' at '?')>
illegal san: 'h2' in rnbqkbnr/pppppppp/8/8/8/8/PPPPPPPP/RNBQKBNR w KQkq - 0 1 while parsing <Game at 0x178fcbbd520 ('?' vs. '?', '????.??.??' at '?', 1 errors)>
illegal san: 'd6' in rnbqkbnr/pppppppp/8/8/8/8/PPPPPPPP/RNBQKBNR w KQkq - 0 1 while parsing <Game at 0x178fcbbd640 ('?' vs. '?', '????.??.??' at '?')>
illegal san: 'h8' in rnbqkbnr/pppppppp/8/8/8/8/PPPPPPPP/RNBQKBNR w KQkq - 0 1 while parsing <Game at 0x178fcbbd760 ('?' vs. '?', '????.??.??' at '?')>
illegal san: 'g6' in rnbqkbnr/pppppppp/8/8/8/8/PPPPPPPP/RNBQKBNR w KQkq - 0 1 while parsing <Game at 0x178fcbbd910 ('?' vs. '?', '????.??.??' at '?')>
illegal san: 'h5' in rnbqkbnr/pppppppp/8/8/8/8/PPPPPPPP/RNBQKBNR w KQkq - 0 1 while parsing <Game at 0x178fcbbda30 ('?' vs. '?', '????.??.??' at '?')>
illegal san: 'c7' in rnbqkbnr/pppppppp/8/8/8/8/PPPPPPPP/RNBQKBNR w KQkq - 0 1 while parsing <Game at 0x178fcbbdb50 ('?' vs. '?', '????.??.??' at '?')>
illegal san: 'a1' in rnbqkbnr/pppppppp/8/8/8/8/PPPPPPPP/RNBQKBNR w KQkq - 0 1 while parsing <Game at 0x178fcbbdbe0 ('?' vs. '?', '????.??.??' at '?')>
illegal san: 'f2' in rnbqkbnr/pppppppp/8/8/8/8/PPPPPPPP/RNBQKBNR w KQkq - 0 1 while parsing <Game at 0x178fcbbdd90 ('?' vs. '?', '????.??.??' at '?')>
illegal san: 'f5' in rnbqkbnr/pppppppp/8/8/8/8/PPPPPPPP/RNBQKBNR w KQkq - 0 1 while parsing <Game at 0x178fcbbdeb0 ('?' vs. '?', '????.??.??' at '?')>
illegal san: 'f8' in rnbqkbnr/pppppppp/8/8/8/8/PPPPPPPP/RNBQKBNR w KQkq - 0 1 while parsing <Game at 0x178fcbbdfd0 ('?' vs. '?', '????.??.??' at '?')>
illegal san: 'a6' in rnbqkbnr/pppppppp/8/8/8/8/PPPPPPPP/RNBQKBNR w KQkq - 0 1 while parsing <Game at 0x178fcbbe0f0 ('?' vs. '?', '????.??.??' at '?')>
illegal san: 'a1' in rnbqkbnr/pppppppp/8/8/8/8/PPPPPPPP/RNBQKBNR w KQkq - 0 1 while parsing <Game at 0x178fcbbe180 ('?' vs. '?', '????.??.??' at '?')>
illegal san: 'e2' in rnbqkbnr/pppppppp/8/8/8/8/PPPPPPPP/RNBQKBNR w KQkq - 0 1 while parsing <Game at 0x178fcbbe330 ('?' vs. '?', '????.??.??' at '?')>
illegal san: 'a4' in rnbqkbnr/pppppppp/8/8/8/2P5/PP1PPPPP/RNBQKBNR b KQkq - 0 1 while parsing <Game at 0x178fcbbe450 ('?' vs. '?', '????.??.??' at '?')>
illegal san: 'Qh4' in rnbqkbnr/pppppppp/8/8/8/8/PPPPPPPP/RNBQKBNR w KQkq - 0 1 while parsing <Game at 0x178fcbbe570 ('?' vs. '?', '????.??.??' at '?')>
illegal san: 'f6' in rnbqkbnr/pppppppp/8/8/8/8/PPPPPPPP/RNBQKBNR w KQkq - 0 1 while parsing <Game at 0x178fcbbe600 ('?' vs. '?', '????.??.??' at '?')>
illegal san: 'a6' in rnbqkbnr/pppppppp/8/8/8/8/PPPPPPPP/RNBQKBNR w KQkq - 0 1 while parsing <Game at 0x178fcbbe840 ('?' vs. '?', '????.??.??' at '?')>
invalid san: '*' while parsing <Game at 0x178fcbbe840 ('?' vs. '?', '????.??.??' at '?', 1 errors)>
invalid san: '*' while parsing <Game at 0x178fcbbe8d0 ('?' vs. '?', '????.??.??' at '?')>
invalid san: '*' while parsing <Game at 0x178fcbbe8d0 ('?' vs. '?', '????.??.??' at '?', 1 errors)>
illegal san: 'Rb8' in rnbqkbnr/pppppppp/8/8/8/8/PPPPPPPP/RNBQKBNR w KQkq - 0 1 while parsing <Game at 0x178fcbbea80 ('?' vs. '?', '????.??.??' at '?')>
illegal san: 'Qc3' in rnbqkbnr/pppppppp/8/8/8/8/PPPPPPPP/RNBQKBNR w KQkq - 0 1 while parsing <Game at 0x178fcbbea80 ('?' vs. '?', '????.??.??' at '?', 1 errors)>
illegal san: 'h8' in rnbqkbnr/pppppppp/8/8/8/8/PPPPPPPP/RNBQKBNR w KQkq - 0 1 while parsing <Game at 0x178fcbbeb10 ('?' vs. '?', '????.??.??' at '?')>
illegal san: 'h8' in rnbqkbnr/pppppppp/8/8/8/8/PPPPPPPP/RNBQKBNR w KQkq - 0 1 while parsing <Game at 0x178fcbbecc0 ('?' vs. '?', '????.??.??' at '?')>
illegal san: 'Rb8' in rnbqkbnr/pppppppp/8/8/8/8/PPPPPPPP/RNBQKBNR w KQkq - 0 1 while parsing <Game at 0x178fcbbed50 ('?' vs. '?', '????.??.??' at '?')>
illegal san: 'g5' in rnbqkbnr/pppppppp/8/8/8/8/PPPPPPPP/RNBQKBNR w KQkq - 0 1 while parsing <Game at 0x178fcbbef00 ('?' vs. '?', '????.??.??' at '?')>
illegal san: 'g8' in rnbqkbnr/pppppppp/8/8/8/8/PPPPPPPP/RNBQKBNR w KQkq - 0 1 while parsing <Game at 0x178fcbbf0b0 ('?' vs. '?', '????.??.??' at '?')>
illegal san: 'a3' in rnbqkbnr/pppppppp/8/8/7P/8/PPPPPPP1/RNBQKBNR b KQkq - 0 1 while parsing <Game at 0x178fcbbf1d0 ('?' vs. '?', '????.??.??' at '?')>
illegal san: 'e8' in rnbqkbnr/pppppppp/8/8/8/8/PPPPPPPP/RNBQKBNR w KQkq - 0 1 while parsing <Game at 0x178fcbbf2f0 ('?' vs. '?', '????.??.??' at '?')>
illegal san: '1b3' in rnbqkbnr/pppppppp/8/8/8/8/PPPPPPPP/RNBQKBNR w KQkq - 0 1 while parsing <Game at 0x178fcbbf410 ('?' vs. '?', '????.??.??' at '?')>
illegal san: 'd7' in rnbqkbnr/pppppppp/8/8/8/8/PPPPPPPP/RNBQKBNR w KQkq - 0 1 while parsing <Game at 0x178fcbbf530 ('?' vs. '?', '????.??.??' at '?')>
illegal san: 'd2' in rnbqkbnr/pppppppp/8/8/8/8/PPPPPPPP/RNBQKBNR w KQkq - 0 1 while parsing <Game at 0x178fcbbf650 ('?' vs. '?', '????.??.??' at '?')>
illegal san: 'e6' in rnbqkbnr/pppppppp/8/8/8/8/PPPPPPPP/RNBQKBNR w KQkq - 0 1 while parsing <Game at 0x178fcbbf770 ('?' vs. '?', '????.??.??' at '?')>
illegal san: 'Re2' in rnbqkbnr/pppppppp/8/8/8/8/PPPPPPPP/RNBQKBNR w KQkq - 0 1 while parsing <Game at 0x178fcbbf890 ('?' vs. '?', '????.??.??' at '?')>
illegal san: 'a7' in rnbqkbnr/pppppppp/8/8/8/8/PPPPPPPP/RNBQKBNR w KQkq - 0 1 while parsing <Game at 0x178fcbbf920 ('?' vs. '?', '????.??.??' at '?')>
illegal san: 'd7' in rnbqkbnr/pppppppp/8/8/8/8/PPPPPPPP/RNBQKBNR w KQkq - 0 1 while parsing <Game at 0x178fcbbfad0 ('?' vs. '?', '????.??.??' at '?')>
illegal san: 'g8' in rnbqkbnr/pppppppp/8/8/8/8/PPPPPPPP/RNBQKBNR w KQkq - 0 1 while parsing <Game at 0x178fcbbfbf0 ('?' vs. '?', '????.??.??' at '?')>
illegal san: 'f5' in rnbqkbnr/pppppppp/8/8/8/8/PPPPPPPP/RNBQKBNR w KQkq - 0 1 while parsing <Game at 0x178fcbbfda0 ('?' vs. '?', '????.??.??' at '?')>
illegal san: 'f7' in rnbqkbnr/pppppppp/8/8/8/8/PPPPPPPP/RNBQKBNR w KQkq - 0 1 while parsing <Game at 0x178fcbbfe30 ('?' vs. '?', '????.??.??' at '?')>
invalid san: '*' while parsing <Game at 0x178fcbbfe30 ('?' vs. '?', '????.??.??' at '?', 1 errors)>
illegal san: 'h5' in rnbqkbnr/pppppppp/8/8/8/8/PPPPPPPP/RNBQKBNR w KQkq - 0 1 while parsing <Game at 0x178fcc04050 ('?' vs. '?', '????.??.??' at '?')>
illegal san: 'c1' in rnbqkbnr/pppppppp/8/8/8/8/PPPPPPPP/RNBQKBNR w KQkq - 0 1 while parsing <Game at 0x178fcc04170 ('?' vs. '?', '????.??.??' at '?')>
illegal san: 'a2' in rnbqkbnr/pppppppp/8/8/8/8/PPPPPPPP/RNBQKBNR w KQkq - 0 1 while parsing <Game at 0x178fcc04200 ('?' vs. '?', '????.??.??' at '?')>
illegal san: 'a2' in rnbqkbnr/pppppppp/8/8/8/8/PPPPPPPP/RNBQKBNR w KQkq - 0 1 while parsing <Game at 0x178fcc043b0 ('?' vs. '?', '????.??.??' at '?')>
illegal san: 'e8' in rnbqkbnr/pppppppp/8/8/8/8/PPPPPPPP/RNBQKBNR w KQkq - 0 1 while parsing <Game at 0x178fcc044d0 ('?' vs. '?', '????.??.??' at '?')>
illegal san: 'c1' in rnbqkbnr/pppppppp/8/8/8/8/PPPPPPPP/RNBQKBNR w KQkq - 0 1 while parsing <Game at 0x178fcc045f0 ('?' vs. '?', '????.??.??' at '?')>
illegal san: 'e2' in rnbqkbnr/pppppppp/8/8/8/8/PPPPPPPP/RNBQKBNR w KQkq - 0 1 while parsing <Game at 0x178fcc04710 ('?' vs. '?', '????.??.??' at '?')>
illegal san: 'hf6' in rnbqkbnr/pppppppp/8/8/8/3P4/PPP1PPPP/RNBQKBNR b KQkq - 0 1 while parsing <Game at 0x178fcc04830 ('?' vs. '?', '????.??.??' at '?')>
illegal san: 'c2' in rnbqkbnr/pppppppp/8/8/8/8/PPPPPPPP/RNBQKBNR w KQkq - 0 1 while parsing <Game at 0x178fcc049e0 ('?' vs. '?', '????.??.??' at '?')>
invalid san: '*' while parsing <Game at 0x178fcc04b00 ('?' vs. '?', '????.??.??' at '?')>
invalid san: '*' while parsing <Game at 0x178fcc04b00 ('?' vs. '?', '????.??.??' at '?', 1 errors)>
illegal san: 'f1' in rnbqkbnr/pppppppp/8/8/8/8/PPPPPPPP/RNBQKBNR w KQkq - 0 1 while parsing <Game at 0x178fcc04b90 ('?' vs. '?', '????.??.??' at '?')>
illegal san: 'e8' in rnbqkbnr/pppppppp/8/8/8/8/PPPPPPPP/RNBQKBNR w KQkq - 0 1 while parsing <Game at 0x178fcc04dd0 ('?' vs. '?', '????.??.??' at '?')>
illegal san: 'g7' in rnbqkbnr/pppppppp/8/8/8/8/PPPPPPPP/RNBQKBNR w KQkq - 0 1 while parsing <Game at 0x178fcc04ef0 ('?' vs. '?', '????.??.??' at '?')>
illegal san: 'a7' in rnbqkbnr/pppppppp/8/8/8/8/PPPPPPPP/RNBQKBNR w KQkq - 0 1 while parsing <Game at 0x178fcc05010 ('?' vs. '?', '????.??.??' at '?')>
illegal san: 'b2' in rnbqkbnr/pppppppp/8/8/8/8/PPPPPPPP/RNBQKBNR w KQkq - 0 1 while parsing <Game at 0x178fcc05130 ('?' vs. '?', '????.??.??' at '?')>
illegal san: 'e1' in rnbqkbnr/pppppppp/8/8/8/8/PPPPPPPP/RNBQKBNR w KQkq - 0 1 while parsing <Game at 0x178fcc052e0 ('?' vs. '?', '????.??.??' at '?')>
illegal san: 'a6' in rnbqkbnr/pppppppp/8/8/8/8/PPPPPPPP/RNBQKBNR w KQkq - 0 1 while parsing <Game at 0x178fcc05400 ('?' vs. '?', '????.??.??' at '?')>
illegal san: 'b1' in rnbqkbnr/pppppppp/8/8/8/8/PPPPPPPP/RNBQKBNR w KQkq - 0 1 while parsing <Game at 0x178fcc05520 ('?' vs. '?', '????.??.??' at '?')>
illegal san: 'd5' in rnbqkbnr/pppppppp/8/8/8/8/PPPPPPPP/RNBQKBNR w KQkq - 0 1 while parsing <Game at 0x178fcc05640 ('?' vs. '?', '????.??.??' at '?')>
illegal san: 'c8' in rnbqkbnr/pppppppp/8/8/8/8/PPPPPPPP/RNBQKBNR w KQkq - 0 1 while parsing <Game at 0x178fcc056d0 ('?' vs. '?', '????.??.??' at '?')>
illegal san: 'e5' in rnbqkbnr/pppppppp/8/8/8/8/PPPPPPPP/RNBQKBNR w KQkq - 0 1 while parsing <Game at 0x178fcc05880 ('?' vs. '?', '????.??.??' at '?')>
illegal san: 'b6' in rnbqkbnr/pppppppp/8/8/8/8/PPPPPPPP/RNBQKBNR w KQkq - 0 1 while parsing <Game at 0x178fcc059a0 ('?' vs. '?', '????.??.??' at '?')>
illegal san: 'a2' in rnbqkbnr/pppppppp/8/8/8/8/PPPPPPPP/RNBQKBNR w KQkq - 0 1 while parsing <Game at 0x178fcc05ac0 ('?' vs. '?', '????.??.??' at '?')>
illegal san: 'h6' in rnbqkbnr/pppppppp/8/8/8/8/PPPPPPPP/RNBQKBNR w KQkq - 0 1 while parsing <Game at 0x178fcc05c70 ('?' vs. '?', '????.??.??' at '?')>
illegal san: 'h6' in rnbqkbnr/pppppppp/8/8/8/8/PPPPPPPP/RNBQKBNR w KQkq - 0 1 while parsing <Game at 0x178fcc05d00 ('?' vs. '?', '????.??.??' at '?')>
illegal san: 'f5' in rnbqkbnr/pppppppp/8/8/8/8/PPPPPPPP/RNBQKBNR w KQkq - 0 1 while parsing <Game at 0x178fcc05eb0 ('?' vs. '?', '????.??.??' at '?')>
illegal san: 'd1' in rnbqkbnr/pppppppp/8/8/8/8/PPPPPPPP/RNBQKBNR w KQkq - 0 1 while parsing <Game at 0x178fcc05f40 ('?' vs. '?', '????.??.??' at '?')>
illegal san: 'Rb8' in rnbqkbnr/pppppppp/8/8/8/8/PPPPPPPP/RNBQKBNR w KQkq - 0 1 while parsing <Game at 0x178fcc060f0 ('?' vs. '?', '????.??.??' at '?')>
illegal san: 'f8' in rnbqkbnr/pppppppp/8/8/8/8/PPPPPPPP/RNBQKBNR w KQkq - 0 1 while parsing <Game at 0x178fcc06210 ('?' vs. '?', '????.??.??' at '?')>
invalid san: '@e1' while parsing <Game at 0x178fcc062a0 ('?' vs. '?', '????.??.??' at '?')>
illegal san: 'f1' in rnbqkbnr/pppppppp/8/8/8/8/PPPPPPPP/RNBQKBNR b KQkq - 1 1 while parsing <Game at 0x178fcc063c0 ('?' vs. '?', '????.??.??' at '?')>
illegal san: '7c7' in rnbqkbnr/pppppppp/8/8/8/8/PPPPPPPP/RNBQKBNR w KQkq - 0 1 while parsing <Game at 0x178fcc06570 ('?' vs. '?', '????.??.??' at '?')>
invalid san: '*' while parsing <Game at 0x178fcc06690 ('?' vs. '?', '????.??.??' at '?')>
illegal san: 'f2' in rnbqkbnr/pppppppp/8/8/8/8/PPPPPPPP/RNBQKBNR w KQkq - 0 1 while parsing <Game at 0x178fcc06840 ('?' vs. '?', '????.??.??' at '?')>
invalid san: '*' while parsing <Game at 0x178fcc06960 ('?' vs. '?', '????.??.??' at '?')>
illegal san: 'd2' in rnbqkbnr/pppppppp/8/8/8/P7/1PPPPPPP/RNBQKBNR b KQkq - 0 1 while parsing <Game at 0x178fcc06a80 ('?' vs. '?', '????.??.??' at '?')>
illegal san: 'e2' in rnbqkbnr/pppppppp/8/8/8/8/PPPPPPPP/RNBQKBNR w KQkq - 0 1 while parsing <Game at 0x178fcc06c30 ('?' vs. '?', '????.??.??' at '?')>
invalid san: '*' while parsing <Game at 0x178fcc06d50 ('?' vs. '?', '????.??.??' at '?')>
illegal san: 'c5' in rnbqkbnr/pppppppp/8/8/8/8/PPPPPPPP/RNBQKBNR w KQkq - 0 1 while parsing <Game at 0x178fcc06d50 ('?' vs. '?', '????.??.??' at '?', 1 errors)>
illegal san: 'd1' in rnbqkbnr/pppppppp/8/8/8/8/PPPPPPPP/RNBQKBNR w KQkq - 0 1 while parsing <Game at 0x178fcc06e70 ('?' vs. '?', '????.??.??' at '?')>
illegal san: 'h7' in rnbqkbnr/pppppppp/8/8/8/8/PPPPPPPP/RNBQKBNR w KQkq - 0 1 while parsing <Game at 0x178fcc06f90 ('?' vs. '?', '????.??.??' at '?')>
illegal san: 'b6' in rnbqkbnr/pppppppp/8/8/8/8/PPPPPPPP/RNBQKBNR w KQkq - 0 1 while parsing <Game at 0x178fcc070b0 ('?' vs. '?', '????.??.??' at '?')>
illegal san: 'b5' in rnbqkbnr/pppppppp/8/8/8/8/PPPPPPPP/RNBQKBNR w KQkq - 0 1 while parsing <Game at 0x178fcc071d0 ('?' vs. '?', '????.??.??' at '?')>
illegal san: 'd8' in rnbqkbnr/pppppppp/8/8/8/8/PPPPPPPP/RNBQKBNR w KQkq - 0 1 while parsing <Game at 0x178fcc072f0 ('?' vs. '?', '????.??.??' at '?')>
illegal san: 'a2' in rnbqkbnr/pppppppp/8/8/8/8/PPPPPPPP/RNBQKBNR w KQkq - 0 1 while parsing <Game at 0x178fcc07410 ('?' vs. '?', '????.??.??' at '?')>
illegal san: 'h8' in rnbqkbnr/pppppppp/8/8/8/8/PPPPPPPP/RNBQKBNR w KQkq - 0 1 while parsing <Game at 0x178fcc07530 ('?' vs. '?', '????.??.??' at '?')>
no matching legal move for c4g2 (c4 -> g2) in rnbqkbnr/pppppppp/8/8/8/8/PPPPPPPP/RNBQKBNR w KQkq - 0 1 while parsing <Game at 0x178fcc07650 ('?' vs. '?', '????.??.??' at '?')>
illegal san: 'f1' in rnbqkbnr/pppppppp/8/8/8/8/PPPPPPPP/RNBQKBNR w KQkq - 0 1 while parsing <Game at 0x178fcc07770 ('?' vs. '?', '????.??.??' at '?')>
invalid san: '*' while parsing <Game at 0x178fcc079b0 ('?' vs. '?', '????.??.??' at '?')>
invalid san: '*' while parsing <Game at 0x178fcc079b0 ('?' vs. '?', '????.??.??' at '?', 1 errors)>
illegal san: '4a2' in rnbqkbnr/pppppppp/8/8/8/8/PPPPPPPP/RNBQKBNR w KQkq - 0 1 while parsing <Game at 0x178fcc07a40 ('?' vs. '?', '????.??.??' at '?')>
illegal san: 'a1' in rnbqkbnr/pppppppp/8/8/2P5/8/PP1PPPPP/RNBQKBNR b KQkq - 0 1 while parsing <Game at 0x178fcc07b60 ('?' vs. '?', '????.??.??' at '?')>
illegal san: 'g2' in rnbqkbnr/pppppppp/8/8/8/8/PPPPPPPP/RNBQKBNR w KQkq - 0 1 while parsing <Game at 0x178fcc07d10 ('?' vs. '?', '????.??.??' at '?')>
invalid san: '*' while parsing <Game at 0x178fcc07e30 ('?' vs. '?', '????.??.??' at '?')>
illegal san: 'f6' in rnbqkbnr/pppppppp/8/8/8/8/PPPPPPPP/RNBQKBNR w KQkq - 0 1 while parsing <Game at 0x178fcc07f50 ('?' vs. '?', '????.??.??' at '?')>
illegal san: 'h1' in rnbqkbnr/pppppppp/8/8/8/8/PPPPPPPP/RNBQKBNR w KQkq - 0 1 while parsing <Game at 0x178fcc07f50 ('?' vs. '?', '????.??.??' at '?', 1 errors)>
illegal san: 'd1' in rnbqkbnr/pppppppp/8/8/8/8/PPPPPPPP/RNBQKBNR w KQkq - 0 1 while parsing <Game at 0x178fcc440e0 ('?' vs. '?', '????.??.??' at '?')>
illegal san: 'f1' in rnbqkbnr/pppppppp/8/8/1P6/8/P1PPPPPP/RNBQKBNR b KQkq - 0 1 while parsing <Game at 0x178fcc44200 ('?' vs. '?', '????.??.??' at '?')>
illegal san: 'a7' in rnbqkbnr/pppppppp/8/8/8/8/PPPPPPPP/RNBQKBNR w KQkq - 0 1 while parsing <Game at 0x178fcc44440 ('?' vs. '?', '????.??.??' at '?')>
illegal san: 'a2' in rnbqkbnr/pppppppp/8/8/8/8/PPPPPPPP/RNBQKBNR w KQkq - 0 1 while parsing <Game at 0x178fcc44560 ('?' vs. '?', '????.??.??' at '?')>
illegal san: 'e8' in rnbqkbnr/pppppppp/8/8/8/8/PPPPPPPP/RNBQKBNR w KQkq - 0 1 while parsing <Game at 0x178fcc44560 ('?' vs. '?', '????.??.??' at '?', 1 errors)>
illegal san: 'c1' in rnbqkbnr/pppppppp/8/8/8/8/PPPPPPPP/RNBQKBNR w KQkq - 0 1 while parsing <Game at 0x178fcc44680 ('?' vs. '?', '????.??.??' at '?')>
invalid san: '*' while parsing <Game at 0x178fcc447a0 ('?' vs. '?', '????.??.??' at '?')>
illegal san: 'b8' in rnbqkbnr/pppppppp/8/8/8/8/PPPPPPPP/RNBQKBNR w KQkq - 0 1 while parsing <Game at 0x178fcc44830 ('?' vs. '?', '????.??.??' at '?')>
invalid san: '*' while parsing <Game at 0x178fcc449e0 ('?' vs. '?', '????.??.??' at '?')>
invalid san: '*' while parsing <Game at 0x178fcc449e0 ('?' vs. '?', '????.??.??' at '?', 1 errors)>
illegal san: 'g8' in rnbqkbnr/pppppppp/8/8/8/8/PPPPPPPP/RNBQKBNR w KQkq - 0 1 while parsing <Game at 0x178fcc44c20 ('?' vs. '?', '????.??.??' at '?')>
illegal san: '5f2' in rnbqkbnr/pppppppp/8/8/8/8/PPPPPPPP/RNBQKBNR w KQkq - 0 1 while parsing <Game at 0x178fcc44d40 ('?' vs. '?', '????.??.??' at '?')>
illegal san: 'b5' in rnbqkbnr/pppppppp/8/8/8/8/PPPPPPPP/RNBQKBNR w KQkq - 0 1 while parsing <Game at 0x178fcc44dd0 ('?' vs. '?', '????.??.??' at '?')>
illegal san: 'e5' in rnbqkbnr/pppppppp/8/8/8/8/PPPPPPPP/RNBQKBNR w KQkq - 0 1 while parsing <Game at 0x178fcc44f80 ('?' vs. '?', '????.??.??' at '?')>
illegal san: 'f8' in rnbqkbnr/pppppppp/8/8/8/8/PPPPPPPP/RNBQKBNR w KQkq - 0 1 while parsing <Game at 0x178fcc45010 ('?' vs. '?', '????.??.??' at '?')>
illegal san: 'a5' in rnbqkbnr/pppppppp/8/8/8/8/PPPPPPPP/RNBQKBNR w KQkq - 0 1 while parsing <Game at 0x178fcc451c0 ('?' vs. '?', '????.??.??' at '?')>
illegal san: 'h5' in rnbqkbnr/pppppppp/8/8/8/8/PPPPPPPP/RNBQKBNR w KQkq - 0 1 while parsing <Game at 0x178fcc452e0 ('?' vs. '?', '????.??.??' at '?')>
illegal san: 'h7' in rnbqkbnr/pppppppp/8/8/8/8/PPPPPPPP/RNBQKBNR w KQkq - 0 1 while parsing <Game at 0x178fcc45400 ('?' vs. '?', '????.??.??' at '?')>
illegal san: 'd2' in rnbqkbnr/pppppppp/8/8/8/8/PPPPPPPP/RNBQKBNR w KQkq - 0 1 while parsing <Game at 0x178fcc455b0 ('?' vs. '?', '????.??.??' at '?')>
illegal san: 'f2' in rnbqkbnr/pppppppp/8/8/8/8/PPPPPPPP/RNBQKBNR w KQkq - 0 1 while parsing <Game at 0x178fcc456d0 ('?' vs. '?', '????.??.??' at '?')>
illegal san: 'h1' in rnbqkbnr/pppppppp/8/8/8/8/PPPPPPPP/RNBQKBNR w KQkq - 0 1 while parsing <Game at 0x178fcc457f0 ('?' vs. '?', '????.??.??' at '?')>
illegal san: 'b1' in rnbqkbnr/pppppppp/8/8/5P2/8/PPPPP1PP/RNBQKBNR b KQkq - 0 1 while parsing <Game at 0x178fcc45910 ('?' vs. '?', '????.??.??' at '?')>
illegal san: 'c8' in rnbqkbnr/pppppppp/8/8/8/8/PPPPPPPP/RNBQKBNR w KQkq - 0 1 while parsing <Game at 0x178fcc45a30 ('?' vs. '?', '????.??.??' at '?')>
illegal san: 'ce8' in rnbqkbnr/pppppppp/8/8/8/8/PPPPPPPP/RNBQKBNR w KQkq - 0 1 while parsing <Game at 0x178fcc45b50 ('?' vs. '?', '????.??.??' at '?')>
illegal san: 'd8' in rnbqkbnr/pppppppp/8/8/8/8/PPPPPPPP/RNBQKBNR w KQkq - 0 1 while parsing <Game at 0x178fcc45c70 ('?' vs. '?', '????.??.??' at '?')>
illegal san: 'f1' in rnbqkbnr/pppppppp/8/8/8/8/PPPPPPPP/RNBQKBNR w KQkq - 0 1 while parsing <Game at 0x178fcc45d00 ('?' vs. '?', '????.??.??' at '?')>
illegal san: 'd5' in rnbqkbnr/pppppppp/8/8/8/8/PPPPPPPP/RNBQKBNR w KQkq - 0 1 while parsing <Game at 0x178fcc45eb0 ('?' vs. '?', '????.??.??' at '?')>
illegal san: 'd5' in rnbqkbnr/pppppppp/8/8/8/8/PPPPPPPP/RNBQKBNR w KQkq - 0 1 while parsing <Game at 0x178fcc45fd0 ('?' vs. '?', '????.??.??' at '?')>
illegal san: 'e2' in rnbqkbnr/pppppppp/8/8/8/8/PPPPPPPP/RNBQKBNR w KQkq - 0 1 while parsing <Game at 0x178fcc460f0 ('?' vs. '?', '????.??.??' at '?')>
invalid san: '*' while parsing <Game at 0x178fcc46210 ('?' vs. '?', '????.??.??' at '?')>
invalid san: '*' while parsing <Game at 0x178fcc463c0 ('?' vs. '?', '????.??.??' at '?')>
illegal san: 'ca3' in rnbqkbnr/pppppppp/8/8/8/8/PPPPPPPP/RNBQKBNR w KQkq - 0 1 while parsing <Game at 0x178fcc464e0 ('?' vs. '?', '????.??.??' at '?')>
illegal san: 'b2' in rnbqkbnr/pppppppp/8/8/8/7P/PPPPPPP1/RNBQKBNR b KQkq - 0 1 while parsing <Game at 0x178fcc46600 ('?' vs. '?', '????.??.??' at '?')>
illegal san: 'd6' in rnbqkbnr/pppppppp/8/8/8/8/PPPPPPPP/RNBQKBNR w KQkq - 0 1 while parsing <Game at 0x178fcc46720 ('?' vs. '?', '????.??.??' at '?')>
illegal san: 'd1' in rnbqkbnr/pppppppp/8/8/8/8/PPPPPPPP/RNBQKBNR w KQkq - 0 1 while parsing <Game at 0x178fcc46840 ('?' vs. '?', '????.??.??' at '?')>
illegal san: 'f5' in rnbqkbnr/pppppppp/8/8/8/8/PPPPPPPP/RNBQKBNR w KQkq - 0 1 while parsing <Game at 0x178fcc46960 ('?' vs. '?', '????.??.??' at '?')>
illegal san: 'h8' in rnbqkbnr/pppppppp/8/8/8/8/PPPPPPPP/RNBQKBNR w KQkq - 0 1 while parsing <Game at 0x178fcc46a80 ('?' vs. '?', '????.??.??' at '?')>
illegal san: 'd7' in rnbqkbnr/pppppppp/8/8/8/8/PPPPPPPP/RNBQKBNR w KQkq - 0 1 while parsing <Game at 0x178fcc46ba0 ('?' vs. '?', '????.??.??' at '?')>
illegal san: 'e5' in rnbqkbnr/pppppppp/8/8/8/8/PPPPPPPP/RNBQKBNR w KQkq - 0 1 while parsing <Game at 0x178fcc46c30 ('?' vs. '?', '????.??.??' at '?')>
illegal san: 'e7' in rnbqkbnr/pppppppp/8/8/8/8/PPPPPPPP/RNBQKBNR w KQkq - 0 1 while parsing <Game at 0x178fcc46de0 ('?' vs. '?', '????.??.??' at '?')>
illegal san: 'c8' in rnbqkbnr/pppppppp/8/8/8/8/PPPPPPPP/RNBQKBNR w KQkq - 0 1 while parsing <Game at 0x178fcc46f00 ('?' vs. '?', '????.??.??' at '?')>
illegal san: 'c2' in rnbqkbnr/pppppppp/8/8/7P/8/PPPPPPP1/RNBQKBNR b KQkq - 0 1 while parsing <Game at 0x178fcc47020 ('?' vs. '?', '????.??.??' at '?')>
illegal san: 'b8' in rnbqkbnr/pppppppp/8/8/8/8/PPPPPPPP/RNBQKBNR w KQkq - 0 1 while parsing <Game at 0x178fcc470b0 ('?' vs. '?', '????.??.??' at '?')>
illegal san: 'e5' in rnbqkbnr/pppppppp/8/8/8/8/PPPPPPPP/RNBQKBNR w KQkq - 0 1 while parsing <Game at 0x178fcc47260 ('?' vs. '?', '????.??.??' at '?')>
illegal san: 'd8' in rnbqkbnr/pppppppp/8/8/8/8/PPPPPPPP/RNBQKBNR w KQkq - 0 1 while parsing <Game at 0x178fcc47380 ('?' vs. '?', '????.??.??' at '?')>
invalid san: '*' while parsing <Game at 0x178fcc474a0 ('?' vs. '?', '????.??.??' at '?')>
invalid san: '*' while parsing <Game at 0x178fcc474a0 ('?' vs. '?', '????.??.??' at '?', 1 errors)>
illegal san: 'g8' in rnbqkbnr/pppppppp/8/8/8/P7/1PPPPPPP/RNBQKBNR b KQkq - 0 1 while parsing <Game at 0x178fcc475c0 ('?' vs. '?', '????.??.??' at '?')>
illegal san: 'h8' in rnbqkbnr/pppppppp/8/8/8/8/PPPPPPPP/RNBQKBNR w KQkq - 0 1 while parsing <Game at 0x178fcc476e0 ('?' vs. '?', '????.??.??' at '?')>
invalid san: '*' while parsing <Game at 0x178fcc476e0 ('?' vs. '?', '????.??.??' at '?', 1 errors)>
illegal san: 'd1' in rnbqkbnr/pppppppp/8/8/8/8/PPPPPPPP/RNBQKBNR w KQkq - 0 1 while parsing <Game at 0x178fcc47800 ('?' vs. '?', '????.??.??' at '?')>
illegal san: 'c6' in rnbqkbnr/pppppppp/8/8/8/8/PPPPPPPP/RNBQKBNR w KQkq - 0 1 while parsing <Game at 0x178fcc47920 ('?' vs. '?', '????.??.??' at '?')>
illegal san: 'h5' in rnbqkbnr/pppppppp/8/8/8/8/PPPPPPPP/RNBQKBNR w KQkq - 0 1 while parsing <Game at 0x178fcc479b0 ('?' vs. '?', '????.??.??' at '?')>
illegal san: 'd2' in rnbqkbnr/pppppppp/8/8/8/8/PPPPPPPP/RNBQKBNR w KQkq - 0 1 while parsing <Game at 0x178fcc47b60 ('?' vs. '?', '????.??.??' at '?')>
illegal san: 'h6' in rnbqkbnr/pppppppp/8/8/8/8/PPPPPPPP/RNBQKBNR w KQkq - 0 1 while parsing <Game at 0x178fcc47c80 ('?' vs. '?', '????.??.??' at '?')>
illegal san: 'Qe3' in rnbqkbnr/pppppppp/8/8/8/8/PPPPPPPP/RNBQKBNR w KQkq - 0 1 while parsing <Game at 0x178fcc47da0 ('?' vs. '?', '????.??.??' at '?')>
illegal san: 'b2' in rnbqkbnr/pppppppp/8/8/8/8/PPPPPPPP/RNBQKBNR w KQkq - 0 1 while parsing <Game at 0x178fcc47ec0 ('?' vs. '?', '????.??.??' at '?')>
illegal san: 'e6' in rnbqkbnr/pppppppp/8/8/8/8/PPPPPPPP/RNBQKBNR w KQkq - 0 1 while parsing <Game at 0x178fdc680e0 ('?' vs. '?', '????.??.??' at '?')>
illegal san: 'b8' in rnbqkbnr/pppppppp/8/8/8/8/PPPPPPPP/RNBQKBNR w KQkq - 0 1 while parsing <Game at 0x178fdc68200 ('?' vs. '?', '????.??.??' at '?')>
illegal san: 'c6' in rnbqkbnr/pppppppp/8/8/8/8/PPPPPPPP/RNBQKBNR w KQkq - 0 1 while parsing <Game at 0x178fdc68320 ('?' vs. '?', '????.??.??' at '?')>
invalid san: '*' while parsing <Game at 0x178fdc684d0 ('?' vs. '?', '????.??.??' at '?')>
invalid san: '*' while parsing <Game at 0x178fdc684d0 ('?' vs. '?', '????.??.??' at '?', 1 errors)>
illegal san: 'b2r' in rnbqkbnr/pppppppp/8/8/8/8/PPPPPPPP/RNBQKBNR w KQkq - 0 1 while parsing <Game at 0x178fdc68560 ('?' vs. '?', '????.??.??' at '?')>
illegal san: 'b8' in rnbqkbnr/pppppppp/8/8/8/8/PPPPPPPP/RNBQKBNR w KQkq - 0 1 while parsing <Game at 0x178fdc68710 ('?' vs. '?', '????.??.??' at '?')>
illegal san: 'h8' in rnbqkbnr/pppppppp/8/8/8/8/PPPPPPPP/RNBQKBNR w KQkq - 0 1 while parsing <Game at 0x178fdc687a0 ('?' vs. '?', '????.??.??' at '?')>
illegal san: 'a1' in rnbqkbnr/pppppppp/8/8/8/8/PPPPPPPP/RNBQKBNR w KQkq - 0 1 while parsing <Game at 0x178fdc68950 ('?' vs. '?', '????.??.??' at '?')>
illegal san: 'h5' in rnbqkbnr/pppppppp/8/8/8/8/PPPPPPPP/RNBQKBNR w KQkq - 0 1 while parsing <Game at 0x178fdc68a70 ('?' vs. '?', '????.??.??' at '?')>
illegal san: 'e8' in rnbqkbnr/pppppppp/8/8/8/8/PPPPPPPP/RNBQKBNR w KQkq - 0 1 while parsing <Game at 0x178fdc68b00 ('?' vs. '?', '????.??.??' at '?')>
illegal san: 'g5' in rnbqkbnr/pppppppp/8/8/8/8/PPPPPPPP/RNBQKBNR w KQkq - 0 1 while parsing <Game at 0x178fdc68cb0 ('?' vs. '?', '????.??.??' at '?')>
illegal san: 'ef2' in rnbqkbnr/pppppppp/8/8/8/8/PPPPPPPP/RNBQKBNR w KQkq - 0 1 while parsing <Game at 0x178fdc68dd0 ('?' vs. '?', '????.??.??' at '?')>
illegal san: 'f8' in rnbqkbnr/pppppppp/8/8/8/8/PPPPPPPP/RNBQKBNR w KQkq - 0 1 while parsing <Game at 0x178fdc68f80 ('?' vs. '?', '????.??.??' at '?')>
illegal san: 'h2' in rnbqkbnr/pppppppp/8/8/8/8/PPPPPPPP/RNBQKBNR w KQkq - 0 1 while parsing <Game at 0x178fdc690a0 ('?' vs. '?', '????.??.??' at '?')>
invalid san: '*' while parsing <Game at 0x178fdc691c0 ('?' vs. '?', '????.??.??' at '?')>
illegal san: 'e8' in rnbqkbnr/pppppppp/8/8/8/8/PPPPPPPP/RNBQKBNR w KQkq - 0 1 while parsing <Game at 0x178fdc69370 ('?' vs. '?', '????.??.??' at '?')>
illegal san: '4b7' in rnbqkbnr/pppppppp/8/8/8/8/PPPPPPPP/RNBQKBNR w KQkq - 0 1 while parsing <Game at 0x178fdc69490 ('?' vs. '?', '????.??.??' at '?')>
illegal san: 'h8' in rnbqkbnr/pppppppp/8/8/8/8/PPPPPPPP/RNBQKBNR w KQkq - 0 1 while parsing <Game at 0x178fdc69640 ('?' vs. '?', '????.??.??' at '?')>
illegal san: 'd1' in rnbqkbnr/pppppppp/8/8/8/8/PPPPPPPP/RNBQKBNR w KQkq - 0 1 while parsing <Game at 0x178fdc69520 ('?' vs. '?', '????.??.??' at '?')>
illegal san: 'a6' in rnbqkbnr/pppppppp/8/8/8/8/PPPPPPPP/RNBQKBNR w KQkq - 0 1 while parsing <Game at 0x178fdc697f0 ('?' vs. '?', '????.??.??' at '?')>
illegal san: 'c2' in rnbqkbnr/pppppppp/8/8/8/8/PPPPPPPP/RNBQKBNR w KQkq - 0 1 while parsing <Game at 0x178fdc69910 ('?' vs. '?', '????.??.??' at '?')>
illegal san: 'd5' in rnbqkbnr/pppppppp/8/8/8/8/PPPPPPPP/RNBQKBNR w KQkq - 0 1 while parsing <Game at 0x178fdc69a30 ('?' vs. '?', '????.??.??' at '?')>
illegal san: 'h2' in rnbqkbnr/pppppppp/8/8/8/8/PPPPPPPP/RNBQKBNR w KQkq - 0 1 while parsing <Game at 0x178fdc69b50 ('?' vs. '?', '????.??.??' at '?')>
illegal san: 'd5' in rnbqkbnr/1ppppppp/p7/8/8/2P5/PP1PPPPP/RNBQKBNR w KQkq - 0 2 while parsing <Game at 0x178fdc69c70 ('?' vs. '?', '????.??.??' at '?')>
invalid san: '*' while parsing <Game at 0x178fdc69d00 ('?' vs. '?', '????.??.??' at '?')>
illegal san: 'a8' in rnbqkbnr/pppppppp/8/8/8/7P/PPPPPPP1/RNBQKBNR b KQkq - 0 1 while parsing <Game at 0x178fdc69eb0 ('?' vs. '?', '????.??.??' at '?')>
invalid san: '*' while parsing <Game at 0x178fdc69f40 ('?' vs. '?', '????.??.??' at '?')>
illegal san: 'h8' in rnbqkbnr/pppppppp/8/8/8/8/PPPPPPPP/RNBQKBNR w KQkq - 0 1 while parsing <Game at 0x178fdc6a0f0 ('?' vs. '?', '????.??.??' at '?')>
illegal san: 'a1' in rnbqkbnr/p1pppppp/8/1p6/7P/8/PPPPPPP1/RNBQKBNR w KQkq - 0 2 while parsing <Game at 0x178fdc6a180 ('?' vs. '?', '????.??.??' at '?')>
illegal san: 'g7N' in rnbqkbnr/pppppppp/8/8/8/8/PPPPPPPP/RNBQKBNR w KQkq - 0 1 while parsing <Game at 0x178fdc6a2a0 ('?' vs. '?', '????.??.??' at '?')>
invalid san: '*' while parsing <Game at 0x178fdc6a450 ('?' vs. '?', '????.??.??' at '?')>
illegal san: 'c2' in rnbqkbnr/pppppppp/8/8/8/8/PPPPPPPP/RNBQKBNR w KQkq - 0 1 while parsing <Game at 0x178fdc6a570 ('?' vs. '?', '????.??.??' at '?')>
invalid san: '*' while parsing <Game at 0x178fdc6a690 ('?' vs. '?', '????.??.??' at '?')>
invalid san: '*' while parsing <Game at 0x178fdc6a690 ('?' vs. '?', '????.??.??' at '?', 1 errors)>
invalid san: '*' while parsing <Game at 0x178fdc6a690 ('?' vs. '?', '????.??.??' at '?', 2 errors)>
illegal san: 'b1' in rnbqkbnr/pppppppp/8/8/8/8/PPPPPPPP/RNBQKBNR w KQkq - 0 1 while parsing <Game at 0x178fdc6a7b0 ('?' vs. '?', '????.??.??' at '?')>
invalid san: '*' while parsing <Game at 0x178fdc6a8d0 ('?' vs. '?', '????.??.??' at '?')>
illegal san: 'c3' in rnbqkbnr/pppppppp/8/8/5P2/8/PPPPP1PP/RNBQKBNR b KQkq - 0 1 while parsing <Game at 0x178fdc6a8d0 ('?' vs. '?', '????.??.??' at '?', 1 errors)>
illegal san: 'e5' in rnbqkbnr/pppppppp/8/8/8/8/PPPPPPPP/RNBQKBNR w KQkq - 0 1 while parsing <Game at 0x178fdc6a9f0 ('?' vs. '?', '????.??.??' at '?')>
illegal san: 'd2' in rnbqkbnr/pppppppp/8/8/8/8/PPPPPPPP/RNBQKBNR w KQkq - 0 1 while parsing <Game at 0x178fdc6ab10 ('?' vs. '?', '????.??.??' at '?')>
invalid san: '*' while parsing <Game at 0x178fdc6ac30 ('?' vs. '?', '????.??.??' at '?')>
invalid san: '*' while parsing <Game at 0x178fdc6ac30 ('?' vs. '?', '????.??.??' at '?', 1 errors)>
illegal san: 'a2' in rnbqkbnr/pppppppp/8/8/8/8/PPPPPPPP/RNBQKBNR w KQkq - 0 1 while parsing <Game at 0x178fdc6ad50 ('?' vs. '?', '????.??.??' at '?')>
illegal san: 'e2' in rnbqkbnr/pppppppp/8/8/8/8/PPPPPPPP/RNBQKBNR w KQkq - 0 1 while parsing <Game at 0x178fdc6af00 ('?' vs. '?', '????.??.??' at '?')>
invalid san: '*' while parsing <Game at 0x178fdc6af90 ('?' vs. '?', '????.??.??' at '?')>
invalid san: '*' while parsing <Game at 0x178fdc6af90 ('?' vs. '?', '????.??.??' at '?', 1 errors)>
invalid san: '*' while parsing <Game at 0x178fdc6af90 ('?' vs. '?', '????.??.??' at '?', 2 errors)>
illegal san: 'd1' in rnbqkbnr/pppppppp/8/8/8/8/PPPPPPPP/RNBQKBNR w KQkq - 0 1 while parsing <Game at 0x178fdc6b260 ('?' vs. '?', '????.??.??' at '?')>
illegal san: 'h8' in rnbqkbnr/pppppppp/8/8/8/8/PPPPPPPP/RNBQKBNR w KQkq - 0 1 while parsing <Game at 0x178fdc6b2f0 ('?' vs. '?', '????.??.??' at '?')>
illegal san: 'a5' in rnbqkbnr/pppppppp/8/8/8/8/PPPPPPPP/RNBQKBNR w KQkq - 0 1 while parsing <Game at 0x178fdc6b4a0 ('?' vs. '?', '????.??.??' at '?')>
invalid san: '*' while parsing <Game at 0x178fdc6b650 ('?' vs. '?', '????.??.??' at '?')>
illegal san: 'g8' in rnbqkbnr/pppppppp/8/8/8/8/PPPPPPPP/RNBQKBNR w KQkq - 0 1 while parsing <Game at 0x178fdc6b800 ('?' vs. '?', '????.??.??' at '?')>
illegal san: 'd1' in rnbqkbnr/pppppppp/8/8/8/8/PPPPPPPP/RNBQKBNR w KQkq - 0 1 while parsing <Game at 0x178fdc6b920 ('?' vs. '?', '????.??.??' at '?')>
illegal san: 'h7' in rnbqkbnr/pppppppp/8/8/8/8/PPPPPPPP/RNBQKBNR w KQkq - 0 1 while parsing <Game at 0x178fdc6ba40 ('?' vs. '?', '????.??.??' at '?')>
invalid san: '*' while parsing <Game at 0x178fdc6bbf0 ('?' vs. '?', '????.??.??' at '?')>
invalid san: '*' while parsing <Game at 0x178fdc6bda0 ('?' vs. '?', '????.??.??' at '?')>
illegal san: 'g8' in rnbqkbnr/pppppppp/8/8/8/8/PPPPPPPP/RNBQKBNR w KQkq - 0 1 while parsing <Game at 0x178fdc6bec0 ('?' vs. '?', '????.??.??' at '?')>
invalid san: '*' while parsing <Game at 0x178fdcc0050 ('?' vs. '?', '????.??.??' at '?')>
illegal san: 'b8' in rnbqkbnr/pppppppp/8/8/8/8/PPPPPPPP/RNBQKBNR w KQkq - 0 1 while parsing <Game at 0x178fdcc0170 ('?' vs. '?', '????.??.??' at '?')>
illegal san: 'h8' in rnbqkbnr/pppppppp/8/8/8/8/PPPPPPPP/RNBQKBNR w KQkq - 0 1 while parsing <Game at 0x178fdcc0290 ('?' vs. '?', '????.??.??' at '?')>
illegal san: 'de7=R' in rnbqkbnr/pppppppp/8/8/8/8/PPPPPPPP/RNBQKBNR w KQkq - 0 1 while parsing <Game at 0x178fdcc0320 ('?' vs. '?', '????.??.??' at '?')>
invalid san: '*' while parsing <Game at 0x178fdcc0440 ('?' vs. '?', '????.??.??' at '?')>
illegal san: 'd6' in rnbqkbnr/pppppppp/8/8/8/8/PPPPPPPP/RNBQKBNR w KQkq - 0 1 while parsing <Game at 0x178fdcc05f0 ('?' vs. '?', '????.??.??' at '?')>
illegal san: 'b3' in rnbqkbnr/pppppppp/8/8/8/1P6/P1PPPPPP/RNBQKBNR b KQkq - 0 1 while parsing <Game at 0x178fdcc0710 ('?' vs. '?', '????.??.??' at '?')>
illegal san: 'a8' in rnbqkbnr/pppppppp/8/8/8/8/PPPPPPPP/RNBQKBNR w KQkq - 0 1 while parsing <Game at 0x178fdcc0830 ('?' vs. '?', '????.??.??' at '?')>
illegal san: 'd2' in rnbqkbnr/pppppppp/8/8/8/8/PPPPPPPP/RNBQKBNR w KQkq - 0 1 while parsing <Game at 0x178fdcc0950 ('?' vs. '?', '????.??.??' at '?')>
invalid san: '*' while parsing <Game at 0x178fdcc0950 ('?' vs. '?', '????.??.??' at '?', 1 errors)>
illegal san: 'a8' in rnbqkbnr/pppppppp/8/8/8/8/PPPPPPPP/RNBQKBNR w KQkq - 0 1 while parsing <Game at 0x178fdcc0a70 ('?' vs. '?', '????.??.??' at '?')>
invalid san: '*' while parsing <Game at 0x178fdcc0a70 ('?' vs. '?', '????.??.??' at '?', 1 errors)>
illegal san: 'f5' in rnbqkbnr/pppppppp/8/8/8/8/PPPPPPPP/RNBQKBNR w KQkq - 0 1 while parsing <Game at 0x178fdcc0b90 ('?' vs. '?', '????.??.??' at '?')>
illegal san: 'a5' in rnbqkbnr/pppppppp/8/8/8/8/PPPPPPPP/RNBQKBNR w KQkq - 0 1 while parsing <Game at 0x178fdcc0cb0 ('?' vs. '?', '????.??.??' at '?')>
illegal san: 'c6' in rnbqkbnr/pppppppp/8/8/8/8/PPPPPPPP/RNBQKBNR w KQkq - 0 1 while parsing <Game at 0x178fdcc0cb0 ('?' vs. '?', '????.??.??' at '?', 1 errors)>
illegal san: 'b8' in rnbqkbnr/pppppppp/8/8/8/8/PPPPPPPP/RNBQKBNR w KQkq - 0 1 while parsing <Game at 0x178fdcc0dd0 ('?' vs. '?', '????.??.??' at '?')>
illegal san: 'h2' in rnbqkbnr/pppppppp/8/8/1P6/8/P1PPPPPP/RNBQKBNR b KQkq - 0 1 while parsing <Game at 0x178fdcc0ef0 ('?' vs. '?', '????.??.??' at '?')>
invalid san: '*' while parsing <Game at 0x178fdcc0ef0 ('?' vs. '?', '????.??.??' at '?', 1 errors)>
illegal san: 'b5' in rnbqkbnr/pppppppp/8/8/8/8/PPPPPPPP/RNBQKBNR w KQkq - 0 1 while parsing <Game at 0x178fdcc1010 ('?' vs. '?', '????.??.??' at '?')>
illegal san: 'e5' in rnbqkbnr/pppppppp/8/8/8/8/PPPPPPPP/RNBQKBNR w KQkq - 0 1 while parsing <Game at 0x178fdcc1130 ('?' vs. '?', '????.??.??' at '?')>
illegal san: 'c1' in rnbqkbnr/pppppppp/8/8/1P6/8/P1PPPPPP/RNBQKBNR b KQkq - 0 1 while parsing <Game at 0x178fdcc1250 ('?' vs. '?', '????.??.??' at '?')>
illegal san: 'b2' in rnbqkbnr/pppppppp/8/8/8/8/PPPPPPPP/RNBQKBNR w KQkq - 0 1 while parsing <Game at 0x178fdcc1400 ('?' vs. '?', '????.??.??' at '?')>
illegal san: 'd2' in rnbqkbnr/pppppppp/8/8/8/8/PPPPPPPP/RNBQKBNR w KQkq - 0 1 while parsing <Game at 0x178fdcc11c0 ('?' vs. '?', '????.??.??' at '?')>
invalid san: '*' while parsing <Game at 0x178fdcc15b0 ('?' vs. '?', '????.??.??' at '?')>
invalid san: '*' while parsing <Game at 0x178fdcc15b0 ('?' vs. '?', '????.??.??' at '?', 1 errors)>
invalid san: '*' while parsing <Game at 0x178fdcc15b0 ('?' vs. '?', '????.??.??' at '?', 2 errors)>
illegal san: 'a1' in rnbqkbnr/pppppppp/8/8/8/8/PPPPPPPP/RNBQKBNR w KQkq - 0 1 while parsing <Game at 0x178fdcc16d0 ('?' vs. '?', '????.??.??' at '?')>
illegal san: 'f4K' in rnbqkbnr/pppppppp/8/8/8/8/PPPPPPPP/RNBQKBNR w KQkq - 0 1 while parsing <Game at 0x178fdcc1760 ('?' vs. '?', '????.??.??' at '?')>
illegal san: 'g2' in rnbqkbnr/pppppppp/8/8/8/8/PPPPPPPP/RNBQKBNR w KQkq - 0 1 while parsing <Game at 0x178fdcc1910 ('?' vs. '?', '????.??.??' at '?')>
illegal san: 'f1' in rnbqkbnr/pppppppp/8/8/8/8/PPPPPPPP/RNBQKBNR w KQkq - 0 1 while parsing <Game at 0x178fdcc19a0 ('?' vs. '?', '????.??.??' at '?')>
illegal san: 'd1n' in rnbqkbnr/pppppppp/8/8/8/8/PPPPPPPP/RNBQKBNR w KQkq - 0 1 while parsing <Game at 0x178fdcc1be0 ('?' vs. '?', '????.??.??' at '?')>
illegal san: 'b2' in rnbqkbnr/pppppppp/8/8/8/8/PPPPPPPP/RNBQKBNR w KQkq - 0 1 while parsing <Game at 0x178fdcc1d00 ('?' vs. '?', '????.??.??' at '?')>
illegal san: 'c4b' in rnbqkbnr/pppppppp/8/8/8/8/PPPPPPPP/RNBQKBNR w KQkq - 0 1 while parsing <Game at 0x178fdcc1d90 ('?' vs. '?', '????.??.??' at '?')>
illegal san: 'a7' in rnbqkbnr/pppppppp/8/8/8/8/PPPPPPPP/RNBQKBNR w KQkq - 0 1 while parsing <Game at 0x178fdcc1f40 ('?' vs. '?', '????.??.??' at '?')>
invalid san: '*' while parsing <Game at 0x178fdcc1fd0 ('?' vs. '?', '????.??.??' at '?')>
invalid san: '*' while parsing <Game at 0x178fdcc2180 ('?' vs. '?', '????.??.??' at '?')>
invalid san: '*' while parsing <Game at 0x178fdcc22a0 ('?' vs. '?', '????.??.??' at '?')>
illegal san: 'Rb8' in rnbqkbnr/pppppppp/8/8/8/8/PPPPPPPP/RNBQKBNR w KQkq - 0 1 while parsing <Game at 0x178fdcc23c0 ('?' vs. '?', '????.??.??' at '?')>
illegal san: 'h1' in rnbqkbnr/pppppppp/8/8/8/8/PPPPPPPP/RNBQKBNR w KQkq - 0 1 while parsing <Game at 0x178fdcc24e0 ('?' vs. '?', '????.??.??' at '?')>
invalid san: '*' while parsing <Game at 0x178fdcc2600 ('?' vs. '?', '????.??.??' at '?')>
invalid san: '*' while parsing <Game at 0x178fdcc2720 ('?' vs. '?', '????.??.??' at '?')>
invalid san: '*' while parsing <Game at 0x178fdcc2720 ('?' vs. '?', '????.??.??' at '?', 1 errors)>
invalid san: '*' while parsing <Game at 0x178fdcc2840 ('?' vs. '?', '????.??.??' at '?')>
invalid san: '*' while parsing <Game at 0x178fdcc2840 ('?' vs. '?', '????.??.??' at '?', 1 errors)>
illegal san: 'h1Q' in rnbqkbnr/pppppppp/8/8/8/8/PPPPPPPP/RNBQKBNR w KQkq - 0 1 while parsing <Game at 0x178fdcc2960 ('?' vs. '?', '????.??.??' at '?')>
illegal san: 'd2' in rnbqkbnr/pppppppp/8/8/8/8/PPPPPPPP/RNBQKBNR w KQkq - 0 1 while parsing <Game at 0x178fdcc2a80 ('?' vs. '?', '????.??.??' at '?')>
illegal san: 'c8' in rnbqkbnr/pppppppp/8/8/8/8/PPPPPPPP/RNBQKBNR w KQkq - 0 1 while parsing <Game at 0x178fdcc2ba0 ('?' vs. '?', '????.??.??' at '?')>
illegal san: '6f3' in rnbqkbnr/pppppppp/8/8/8/8/PPPPPPPP/RNBQKBNR w KQkq - 0 1 while parsing <Game at 0x178fdcc2cc0 ('?' vs. '?', '????.??.??' at '?')>
illegal san: 'Rb8' in rnbqkbnr/pppppppp/8/8/8/8/PPPPPPPP/RNBQKBNR w KQkq - 0 1 while parsing <Game at 0x178fdcc2de0 ('?' vs. '?', '????.??.??' at '?')>
illegal san: 'f6' in rnbqkbnr/pppppppp/8/8/8/8/PPPPPPPP/RNBQKBNR w KQkq - 0 1 while parsing <Game at 0x178fdcc2e70 ('?' vs. '?', '????.??.??' at '?')>
illegal san: 'Qd1' in rnbqkbnr/pppppppp/8/8/8/8/PPPPPPPP/RNBQKBNR w KQkq - 0 1 while parsing <Game at 0x178fdcc3020 ('?' vs. '?', '????.??.??' at '?')>
illegal san: 'c1' in rnbqkbnr/pppppppp/8/8/8/8/PPPPPPPP/RNBQKBNR w KQkq - 0 1 while parsing <Game at 0x178fdcc3140 ('?' vs. '?', '????.??.??' at '?')>
illegal san: 'a2' in rnbqkbnr/pppppppp/8/8/8/8/PPPPPPPP/RNBQKBNR w KQkq - 0 1 while parsing <Game at 0x178fdcc3260 ('?' vs. '?', '????.??.??' at '?')>
illegal san: 'a5' in rnbqkbnr/pppppppp/8/8/8/8/PPPPPPPP/RNBQKBNR w KQkq - 0 1 while parsing <Game at 0x178fdcc3380 ('?' vs. '?', '????.??.??' at '?')>
illegal san: 'e2' in rnbqkbnr/pppppppp/8/8/8/8/PPPPPPPP/RNBQKBNR w KQkq - 0 1 while parsing <Game at 0x178fdcc3410 ('?' vs. '?', '????.??.??' at '?')>
illegal san: 'a6' in rnbqkbnr/pppppppp/8/8/8/8/PPPPPPPP/RNBQKBNR w KQkq - 0 1 while parsing <Game at 0x178fdcc3410 ('?' vs. '?', '????.??.??' at '?', 1 errors)>
illegal san: 'e7' in rnbqkbnr/pppppppp/8/8/8/8/PPPPPPPP/RNBQKBNR w KQkq - 0 1 while parsing <Game at 0x178fdcc3530 ('?' vs. '?', '????.??.??' at '?')>
illegal san: 'c7' in rnbqkbnr/pppppppp/8/8/8/8/PPPPPPPP/RNBQKBNR w KQkq - 0 1 while parsing <Game at 0x178fdcc36e0 ('?' vs. '?', '????.??.??' at '?')>
illegal san: 'h7' in rnbqkbnr/pppppppp/8/8/8/8/PPPPPPPP/RNBQKBNR w KQkq - 0 1 while parsing <Game at 0x178fdcc3800 ('?' vs. '?', '????.??.??' at '?')>
illegal san: 'a2' in rnbqkbnr/pppppppp/8/8/8/8/PPPPPPPP/RNBQKBNR w KQkq - 0 1 while parsing <Game at 0x178fdcc3920 ('?' vs. '?', '????.??.??' at '?')>
invalid san: '*' while parsing <Game at 0x178fdcc3a40 ('?' vs. '?', '????.??.??' at '?')>
illegal san: 'h8' in rnbqkbnr/pppppppp/8/8/8/8/PPPPPPPP/RNBQKBNR w KQkq - 0 1 while parsing <Game at 0x178fdcc3b60 ('?' vs. '?', '????.??.??' at '?')>
invalid san: '*' while parsing <Game at 0x178fdcc3c80 ('?' vs. '?', '????.??.??' at '?')>
invalid san: '@f7' while parsing <Game at 0x178fdcc3da0 ('?' vs. '?', '????.??.??' at '?')>
invalid san: '*' while parsing <Game at 0x178fdcc3ec0 ('?' vs. '?', '????.??.??' at '?')>
illegal san: 'Rb8' in rnbqkbnr/pppppppp/8/8/8/8/PPPPPPPP/RNBQKBNR w KQkq - 0 1 while parsing <Game at 0x178fdd1c050 ('?' vs. '?', '????.??.??' at '?')>
illegal san: 'a7' in rnbqkbnr/pppppppp/8/8/8/8/PPPPPPPP/RNBQKBNR w KQkq - 0 1 while parsing <Game at 0x178fdd1c170 ('?' vs. '?', '????.??.??' at '?')>
illegal san: 'Qa7' in rnbqkbnr/pppppppp/8/8/8/8/PPPPPPPP/RNBQKBNR w KQkq - 0 1 while parsing <Game at 0x178fdd1c290 ('?' vs. '?', '????.??.??' at '?')>
illegal san: 'h6' in rnbqkbnr/pppppppp/8/8/8/8/PPPPPPPP/RNBQKBNR w KQkq - 0 1 while parsing <Game at 0x178fdd1c3b0 ('?' vs. '?', '????.??.??' at '?')>
illegal san: 'f6' in rnbqkbnr/pppppppp/8/8/8/8/PPPPPPPP/RNBQKBNR w KQkq - 0 1 while parsing <Game at 0x178fdd1c4d0 ('?' vs. '?', '????.??.??' at '?')>
illegal san: 'h7' in rnbqkbnr/pppppppp/8/8/8/8/PPPPPPPP/RNBQKBNR w KQkq - 0 1 while parsing <Game at 0x178fdd1c5f0 ('?' vs. '?', '????.??.??' at '?')>
illegal san: 'h6' in rnbqkbnr/pppppppp/8/8/8/8/PPPPPPPP/RNBQKBNR w KQkq - 0 1 while parsing <Game at 0x178fdd1c710 ('?' vs. '?', '????.??.??' at '?')>
illegal san: 'a1' in rnbqkbnr/pppppppp/8/8/8/8/PPPPPPPP/RNBQKBNR w KQkq - 0 1 while parsing <Game at 0x178fdd1c830 ('?' vs. '?', '????.??.??' at '?')>
invalid san: '*' while parsing <Game at 0x178fdd1c9e0 ('?' vs. '?', '????.??.??' at '?')>
illegal san: 'c5' in rnbqkbnr/pppppppp/8/8/8/8/PPPPPPPP/RNBQKBNR w KQkq - 0 1 while parsing <Game at 0x178fdd1cb00 ('?' vs. '?', '????.??.??' at '?')>
invalid san: '*' while parsing <Game at 0x178fdd1cb90 ('?' vs. '?', '????.??.??' at '?')>
illegal san: 'g7' in rnbqkbnr/pppppppp/8/8/8/8/PPPPPPPP/RNBQKBNR w KQkq - 0 1 while parsing <Game at 0x178fdd1cdd0 ('?' vs. '?', '????.??.??' at '?')>
illegal san: '2c5' in rnbqkbnr/pppppppp/8/8/8/8/PPPPPPPP/RNBQKBNR w KQkq - 0 1 while parsing <Game at 0x178fdd1cef0 ('?' vs. '?', '????.??.??' at '?')>
illegal san: 'b2' in rnbqkbnr/pppppppp/8/8/8/8/PPPPPPPP/RNBQKBNR w KQkq - 0 1 while parsing <Game at 0x178fdd1cf80 ('?' vs. '?', '????.??.??' at '?')>
illegal san: 'b5' in rnbqkbnr/pppppppp/8/8/8/8/PPPPPPPP/RNBQKBNR w KQkq - 0 1 while parsing <Game at 0x178fdd1d130 ('?' vs. '?', '????.??.??' at '?')>
invalid san: '*' while parsing <Game at 0x178fdd1d250 ('?' vs. '?', '????.??.??' at '?')>
invalid san: '*' while parsing <Game at 0x178fdd1d250 ('?' vs. '?', '????.??.??' at '?', 1 errors)>
illegal san: 'da2' in rnbqkbnr/pppppppp/8/8/8/8/PPPPPPPP/RNBQKBNR w KQkq - 0 1 while parsing <Game at 0x178fdd1d370 ('?' vs. '?', '????.??.??' at '?')>
illegal san: 'h6' in rnbqkbnr/pppppppp/8/8/8/8/PPPPPPPP/RNBQKBNR w KQkq - 0 1 while parsing <Game at 0x178fdd1d490 ('?' vs. '?', '????.??.??' at '?')>
illegal san: 'h8' in rnbqkbnr/pppppppp/8/8/8/8/PPPPPPPP/RNBQKBNR w KQkq - 0 1 while parsing <Game at 0x178fdd1d5b0 ('?' vs. '?', '????.??.??' at '?')>
illegal san: 'c6' in rnbqkbnr/pppppppp/8/8/8/8/PPPPPPPP/RNBQKBNR w KQkq - 0 1 while parsing <Game at 0x178fdd1d6d0 ('?' vs. '?', '????.??.??' at '?')>
illegal san: 'd8' in rnbqkbnr/pppppppp/8/8/8/8/PPPPPPPP/RNBQKBNR w KQkq - 0 1 while parsing <Game at 0x178fdd1d7f0 ('?' vs. '?', '????.??.??' at '?')>
illegal san: 'b6' in rnbqkbnr/pppppppp/8/8/8/8/PPPPPPPP/RNBQKBNR w KQkq - 0 1 while parsing <Game at 0x178fdd1d7f0 ('?' vs. '?', '????.??.??' at '?', 1 errors)>
illegal san: 'h8' in rnbqkbnr/pppppppp/8/8/8/8/PPPPPPPP/RNBQKBNR w KQkq - 0 1 while parsing <Game at 0x178fdd1d910 ('?' vs. '?', '????.??.??' at '?')>
invalid san: '*' while parsing <Game at 0x178fdd1da30 ('?' vs. '?', '????.??.??' at '?')>
illegal san: '1f4' in rnbqkbnr/pppppppp/8/8/8/8/PPPPPPPP/RNBQKBNR w KQkq - 0 1 while parsing <Game at 0x178fdd1db50 ('?' vs. '?', '????.??.??' at '?')>
illegal san: 'd6' in rnbqkbnr/pppppppp/8/8/8/8/PPPPPPPP/RNBQKBNR w KQkq - 0 1 while parsing <Game at 0x178fdd1dc70 ('?' vs. '?', '????.??.??' at '?')>
illegal san: 'h1' in rnbqkbnr/pppppppp/8/8/8/8/PPPPPPPP/RNBQKBNR w KQkq - 0 1 while parsing <Game at 0x178fdd1dc70 ('?' vs. '?', '????.??.??' at '?', 1 errors)>
illegal san: 'Be3' in rnbqkbnr/pppppppp/8/8/8/8/PPPPPPPP/RNBQKBNR w KQkq - 0 1 while parsing <Game at 0x178fdd1dd90 ('?' vs. '?', '????.??.??' at '?')>
illegal san: 'Nd6' in rnbqkbnr/pppppppp/8/8/8/8/PPPPPPPP/RNBQKBNR w KQkq - 0 1 while parsing <Game at 0x178fdd1deb0 ('?' vs. '?', '????.??.??' at '?')>
illegal san: 'b5' in rnbqkbnr/pppppppp/8/8/8/8/PPPPPPPP/RNBQKBNR w KQkq - 0 1 while parsing <Game at 0x178fdd1e060 ('?' vs. '?', '????.??.??' at '?')>
invalid san: '*' while parsing <Game at 0x178fdd1e0f0 ('?' vs. '?', '????.??.??' at '?')>
invalid san: '*' while parsing <Game at 0x178fdd1e0f0 ('?' vs. '?', '????.??.??' at '?', 1 errors)>
illegal san: 'f6' in rnbqkbnr/pppppppp/8/8/8/8/PPPPPPPP/RNBQKBNR w KQkq - 0 1 while parsing <Game at 0x178fdd1e210 ('?' vs. '?', '????.??.??' at '?')>
illegal san: '-e1' in rnbqkbnr/pppppppp/8/8/8/8/PPPPPPPP/RNBQKBNR w KQkq - 0 1 while parsing <Game at 0x178fdd1e330 ('?' vs. '?', '????.??.??' at '?')>
illegal san: 'b7' in rnbqkbnr/pppppppp/8/8/8/3P4/PPP1PPPP/RNBQKBNR b KQkq - 0 1 while parsing <Game at 0x178fdd1e450 ('?' vs. '?', '????.??.??' at '?')>
illegal san: 'f7' in rnbqkbnr/pppppppp/8/8/8/8/PPPPPPPP/RNBQKBNR w KQkq - 0 1 while parsing <Game at 0x178fdd1e570 ('?' vs. '?', '????.??.??' at '?')>
invalid san: '*' while parsing <Game at 0x178fdd1e690 ('?' vs. '?', '????.??.??' at '?')>
illegal san: 'g5' in rnbqkbnr/pppppppp/8/8/8/8/PPPPPPPP/RNBQKBNR w KQkq - 0 1 while parsing <Game at 0x178fdd1e720 ('?' vs. '?', '????.??.??' at '?')>
illegal san: 'e2' in rnbqkbnr/pppppppp/8/8/8/8/PPPPPPPP/RNBQKBNR w KQkq - 0 1 while parsing <Game at 0x178fdd1e8d0 ('?' vs. '?', '????.??.??' at '?')>
illegal san: 'a5' in rnbqkbnr/pppppppp/8/8/8/8/PPPPPPPP/RNBQKBNR w KQkq - 0 1 while parsing <Game at 0x178fdd1e9f0 ('?' vs. '?', '????.??.??' at '?')>
illegal san: 'f1' in rnbqkbnr/pppppppp/8/8/8/8/PPPPPPPP/RNBQKBNR w KQkq - 0 1 while parsing <Game at 0x178fdd1eb10 ('?' vs. '?', '????.??.??' at '?')>
illegal san: 'Qh4' in rnbqkbnr/pppppppp/8/8/8/8/PPPPPPPP/RNBQKBNR w KQkq - 0 1 while parsing <Game at 0x178fdd1ec30 ('?' vs. '?', '????.??.??' at '?')>
illegal san: 'h5' in rnbqkbnr/pppppppp/8/8/8/8/PPPPPPPP/RNBQKBNR w KQkq - 0 1 while parsing <Game at 0x178fdd1ec30 ('?' vs. '?', '????.??.??' at '?', 1 errors)>
invalid san: '@a8' while parsing <Game at 0x178fdd1ed50 ('?' vs. '?', '????.??.??' at '?')>
illegal san: 'b1' in rnbqkbnr/pppppppp/8/8/8/8/PPPPPPPP/RNBQKBNR w KQkq - 0 1 while parsing <Game at 0x178fdd1ee70 ('?' vs. '?', '????.??.??' at '?')>
illegal san: 'a5' in rnbqkbnr/pppppppp/8/8/8/8/PPPPPPPP/RNBQKBNR w KQkq - 0 1 while parsing <Game at 0x178fdd1ef90 ('?' vs. '?', '????.??.??' at '?')>
illegal san: 'a1' in rnbqkbnr/pppppppp/8/8/8/8/PPPPPPPP/RNBQKBNR w KQkq - 0 1 while parsing <Game at 0x178fdd1f0b0 ('?' vs. '?', '????.??.??' at '?')>
illegal san: 'b1' in rnbqkbnr/pppppppp/8/8/8/8/PPPPPPPP/RNBQKBNR w KQkq - 0 1 while parsing <Game at 0x178fdd1f1d0 ('?' vs. '?', '????.??.??' at '?')>
illegal san: 'a7' in rnbqkbnr/pppppppp/8/8/8/8/PPPPPPPP/RNBQKBNR w KQkq - 0 1 while parsing <Game at 0x178fdd1f2f0 ('?' vs. '?', '????.??.??' at '?')>
illegal san: 'h5' in rnbqkbnr/pppppppp/8/8/8/8/PPPPPPPP/RNBQKBNR w KQkq - 0 1 while parsing <Game at 0x178fdd1f410 ('?' vs. '?', '????.??.??' at '?')>
illegal san: 'e2' in rnbqkbnr/pppppppp/8/8/8/8/PPPPPPPP/RNBQKBNR w KQkq - 0 1 while parsing <Game at 0x178fdd1f4a0 ('?' vs. '?', '????.??.??' at '?')>
illegal san: 'd5' in rnbqkbnr/pppppppp/8/8/8/8/PPPPPPPP/RNBQKBNR w KQkq - 0 1 while parsing <Game at 0x178fdd1f650 ('?' vs. '?', '????.??.??' at '?')>
illegal san: 'b6' in rnbqkbnr/pppppppp/8/8/8/8/PPPPPPPP/RNBQKBNR w KQkq - 0 1 while parsing <Game at 0x178fdd1f770 ('?' vs. '?', '????.??.??' at '?')>
illegal san: 'a5' in rnbqkbnr/pppppppp/8/8/8/8/PPPPPPPP/RNBQKBNR w KQkq - 0 1 while parsing <Game at 0x178fdd1f890 ('?' vs. '?', '????.??.??' at '?')>
illegal san: 'c2' in rnbqkbnr/pppppppp/8/8/8/8/PPPPPPPP/RNBQKBNR w KQkq - 0 1 while parsing <Game at 0x178fdd1f920 ('?' vs. '?', '????.??.??' at '?')>
illegal san: 'd7' in rnbqkbnr/pppppppp/8/8/8/8/PPPPPPPP/RNBQKBNR w KQkq - 0 1 while parsing <Game at 0x178fdd1fad0 ('?' vs. '?', '????.??.??' at '?')>
illegal san: 'g7' in rnbqkbnr/pppppppp/8/8/8/8/PPPPPPPP/RNBQKBNR w KQkq - 0 1 while parsing <Game at 0x178fdd1fb60 ('?' vs. '?', '????.??.??' at '?')>
illegal san: 'b2' in rnbqkbnr/pppppppp/8/8/8/8/PPPPPPPP/RNBQKBNR w KQkq - 0 1 while parsing <Game at 0x178fdd1fda0 ('?' vs. '?', '????.??.??' at '?')>
illegal san: 'b5' in rnbqkbnr/pppppppp/8/8/8/8/PPPPPPPP/RNBQKBNR w KQkq - 0 1 while parsing <Game at 0x178fdd1fec0 ('?' vs. '?', '????.??.??' at '?')>
illegal san: 'c8' in rnbqkbnr/pppppppp/8/8/8/8/PPPPPPPP/RNBQKBNR w KQkq - 0 1 while parsing <Game at 0x178fed40050 ('?' vs. '?', '????.??.??' at '?')>
invalid san: '*' while parsing <Game at 0x178fed40170 ('?' vs. '?', '????.??.??' at '?')>
illegal san: 'e8' in rnbqkbnr/pppppppp/8/8/8/8/PPPPPPPP/RNBQKBNR w KQkq - 0 1 while parsing <Game at 0x178fed40200 ('?' vs. '?', '????.??.??' at '?')>
invalid san: '*' while parsing <Game at 0x178fed403b0 ('?' vs. '?', '????.??.??' at '?')>
invalid san: '*' while parsing <Game at 0x178fed40560 ('?' vs. '?', '????.??.??' at '?')>
invalid san: '*' while parsing <Game at 0x178fed40560 ('?' vs. '?', '????.??.??' at '?', 1 errors)>
illegal san: 'g7' in rnbqkbnr/pppppppp/8/8/8/8/PPPPPPPP/RNBQKBNR w KQkq - 0 1 while parsing <Game at 0x178fed405f0 ('?' vs. '?', '????.??.??' at '?')>
illegal san: 'c2' in rnbqkbnr/pppppppp/8/8/8/8/PPPPPPPP/RNBQKBNR w KQkq - 0 1 while parsing <Game at 0x178fed40680 ('?' vs. '?', '????.??.??' at '?')>
invalid san: '*' while parsing <Game at 0x178fed40830 ('?' vs. '?', '????.??.??' at '?')>
invalid san: '*' while parsing <Game at 0x178fed40950 ('?' vs. '?', '????.??.??' at '?')>
invalid san: '*' while parsing <Game at 0x178fed40950 ('?' vs. '?', '????.??.??' at '?', 1 errors)>
illegal san: 'b5' in rnbqkbnr/pppppppp/8/8/8/8/PPPPPPPP/RNBQKBNR w KQkq - 0 1 while parsing <Game at 0x178fed409e0 ('?' vs. '?', '????.??.??' at '?')>
illegal san: 'g5' in rnbqkbnr/pppppppp/8/8/8/8/PPPPPPPP/RNBQKBNR w KQkq - 0 1 while parsing <Game at 0x178fed40c20 ('?' vs. '?', '????.??.??' at '?')>
illegal san: '8b1' in rnbqkbnr/pppppppp/8/8/8/8/PPPPPPPP/RNBQKBNR w KQkq - 0 1 while parsing <Game at 0x178fed40cb0 ('?' vs. '?', '????.??.??' at '?')>
invalid san: '*' while parsing <Game at 0x178fed40cb0 ('?' vs. '?', '????.??.??' at '?', 1 errors)>
illegal san: 'b6' in rnbqkbnr/pppppppp/8/8/8/8/PPPPPPPP/RNBQKBNR w KQkq - 0 1 while parsing <Game at 0x178fed40dd0 ('?' vs. '?', '????.??.??' at '?')>
illegal san: 'fg4' in rnbqkbnr/pppppppp/8/8/8/8/PPPPPPPP/RNBQKBNR w KQkq - 0 1 while parsing <Game at 0x178fed40ef0 ('?' vs. '?', '????.??.??' at '?')>
invalid san: '*' while parsing <Game at 0x178fed41010 ('?' vs. '?', '????.??.??' at '?')>
invalid san: '*' while parsing <Game at 0x178fed41010 ('?' vs. '?', '????.??.??' at '?', 1 errors)>
invalid san: '*' while parsing <Game at 0x178fed41010 ('?' vs. '?', '????.??.??' at '?', 2 errors)>
illegal san: 'a6' in rnbqkbnr/pppppppp/8/8/8/8/PPPPPPPP/RNBQKBNR w KQkq - 0 1 while parsing <Game at 0x178fed411c0 ('?' vs. '?', '????.??.??' at '?')>
invalid san: '*' while parsing <Game at 0x178fed412e0 ('?' vs. '?', '????.??.??' at '?')>
invalid san: '*' while parsing <Game at 0x178fed41400 ('?' vs. '?', '????.??.??' at '?')>
invalid san: '*' while parsing <Game at 0x178fed41400 ('?' vs. '?', '????.??.??' at '?', 1 errors)>
invalid san: '*' while parsing <Game at 0x178fed41400 ('?' vs. '?', '????.??.??' at '?', 2 errors)>
invalid san: '*' while parsing <Game at 0x178fed41520 ('?' vs. '?', '????.??.??' at '?')>
invalid san: '*' while parsing <Game at 0x178fed41520 ('?' vs. '?', '????.??.??' at '?', 1 errors)>
illegal san: 'e7' in rnbqkbnr/pppppppp/8/8/8/8/PPPPPPPP/RNBQKBNR w KQkq - 0 1 while parsing <Game at 0x178fed41640 ('?' vs. '?', '????.??.??' at '?')>
illegal san: 'd8' in rnbqkbnr/pppppppp/8/8/8/8/PPPPPPPP/RNBQKBNR w KQkq - 0 1 while parsing <Game at 0x178fed41760 ('?' vs. '?', '????.??.??' at '?')>
illegal san: 'b2' in rnbqkbnr/pppppppp/8/8/8/8/PPPPPPPP/RNBQKBNR w KQkq - 0 1 while parsing <Game at 0x178fed41880 ('?' vs. '?', '????.??.??' at '?')>
illegal san: 'b1' in rnbqkbnr/pppppppp/8/8/8/8/PPPPPPPP/RNBQKBNR w KQkq - 0 1 while parsing <Game at 0x178fed419a0 ('?' vs. '?', '????.??.??' at '?')>
illegal san: 'f6' in rnbqkbnr/pppppppp/8/8/8/8/PPPPPPPP/RNBQKBNR w KQkq - 0 1 while parsing <Game at 0x178fed41ac0 ('?' vs. '?', '????.??.??' at '?')>
illegal san: 'e1b' in rnbqkbnr/pppppppp/8/8/8/8/PPPPPPPP/RNBQKBNR w KQkq - 0 1 while parsing <Game at 0x178fed41be0 ('?' vs. '?', '????.??.??' at '?')>
illegal san: 'e1' in rnbqkbnr/pppppppp/8/8/8/8/PPPPPPPP/RNBQKBNR w KQkq - 0 1 while parsing <Game at 0x178fed41d00 ('?' vs. '?', '????.??.??' at '?')>
illegal san: 'd2' in rnbqkbnr/pppppppp/8/8/8/8/PPPPPPPP/RNBQKBNR w KQkq - 0 1 while parsing <Game at 0x178fed41e20 ('?' vs. '?', '????.??.??' at '?')>
illegal san: 'a6' in rnbqkbnr/pppppppp/8/8/8/8/PPPPPPPP/RNBQKBNR w KQkq - 0 1 while parsing <Game at 0x178fed41eb0 ('?' vs. '?', '????.??.??' at '?')>
illegal san: 'a8' in rnbqkbnr/pppppppp/8/8/8/8/PPPPPPPP/RNBQKBNR w KQkq - 0 1 while parsing <Game at 0x178fed42060 ('?' vs. '?', '????.??.??' at '?')>
illegal san: 'Rb8' in rnbqkbnr/pppppppp/8/8/8/8/PPPPPPPP/RNBQKBNR w KQkq - 0 1 while parsing <Game at 0x178fed420f0 ('?' vs. '?', '????.??.??' at '?')>
invalid san: '*' while parsing <Game at 0x178fed42210 ('?' vs. '?', '????.??.??' at '?')>
invalid san: '*' while parsing <Game at 0x178fed42210 ('?' vs. '?', '????.??.??' at '?', 1 errors)>
invalid san: '*' while parsing <Game at 0x178fed42210 ('?' vs. '?', '????.??.??' at '?', 2 errors)>
illegal san: 'c7' in rnbqkbnr/pppppppp/8/8/8/8/PPPPPPPP/RNBQKBNR w KQkq - 0 1 while parsing <Game at 0x178fed42450 ('?' vs. '?', '????.??.??' at '?')>
invalid san: '*' while parsing <Game at 0x178fed42600 ('?' vs. '?', '????.??.??' at '?')>
invalid san: '*' while parsing <Game at 0x178fed42600 ('?' vs. '?', '????.??.??' at '?', 1 errors)>
invalid san: '*' while parsing <Game at 0x178fed42600 ('?' vs. '?', '????.??.??' at '?', 2 errors)>
illegal san: 'e2' in rnbqkbnr/pppppppp/8/8/8/8/PPPPPPPP/RNBQKBNR w KQkq - 0 1 while parsing <Game at 0x178fed42690 ('?' vs. '?', '????.??.??' at '?')>
illegal san: 'f2' in rnbqkbnr/pppppppp/8/8/8/8/PPPPPPPP/RNBQKBNR w KQkq - 0 1 while parsing <Game at 0x178fed42840 ('?' vs. '?', '????.??.??' at '?')>
illegal san: 'eg4' in rnbqkbnr/pppppppp/8/8/8/8/PPPPPPPP/RNBQKBNR w KQkq - 0 1 while parsing <Game at 0x178fed42840 ('?' vs. '?', '????.??.??' at '?', 1 errors)>
illegal san: 'a1' in rnbqkbnr/pppppppp/8/8/8/8/PPPPPPPP/RNBQKBNR w KQkq - 0 1 while parsing <Game at 0x178fed42960 ('?' vs. '?', '????.??.??' at '?')>
invalid san: '*' while parsing <Game at 0x178fed42a80 ('?' vs. '?', '????.??.??' at '?')>
invalid san: '*' while parsing <Game at 0x178fed42a80 ('?' vs. '?', '????.??.??' at '?', 1 errors)>
illegal san: 'c2' in rnbqkbnr/pppppppp/8/8/8/8/PPPPPPPP/RNBQKBNR w KQkq - 0 1 while parsing <Game at 0x178fed42c30 ('?' vs. '?', '????.??.??' at '?')>
illegal san: 'h2' in rnbqkbnr/pppppppp/8/8/8/8/PPPPPPPP/RNBQKBNR w KQkq - 0 1 while parsing <Game at 0x178fed42d50 ('?' vs. '?', '????.??.??' at '?')>
illegal san: 'f5' in rnbqkbnr/pppppppp/8/8/8/8/PPPPPPPP/RNBQKBNR w KQkq - 0 1 while parsing <Game at 0x178fed42e70 ('?' vs. '?', '????.??.??' at '?')>
invalid san: '*' while parsing <Game at 0x178fed42f90 ('?' vs. '?', '????.??.??' at '?')>
illegal san: 'f1' in rnbqkbnr/pppppppp/8/8/8/8/PPPPPPPP/RNBQKBNR w KQkq - 0 1 while parsing <Game at 0x178fed430b0 ('?' vs. '?', '????.??.??' at '?')>
illegal san: 'g8' in rnbqkbnr/pppppppp/8/8/8/8/PPPPPPPP/RNBQKBNR w KQkq - 0 1 while parsing <Game at 0x178fed431d0 ('?' vs. '?', '????.??.??' at '?')>
illegal san: 'c2' in rnbqkbnr/pppppppp/8/8/8/8/PPPPPPPP/RNBQKBNR w KQkq - 0 1 while parsing <Game at 0x178fed43260 ('?' vs. '?', '????.??.??' at '?')>
invalid san: '*' while parsing <Game at 0x178fed43410 ('?' vs. '?', '????.??.??' at '?')>
invalid san: '*' while parsing <Game at 0x178fed43410 ('?' vs. '?', '????.??.??' at '?', 1 errors)>
illegal san: 'c2' in rnbqkbnr/pppppppp/8/8/8/8/PPPPPPPP/RNBQKBNR w KQkq - 0 1 while parsing <Game at 0x178fed43530 ('?' vs. '?', '????.??.??' at '?')>
illegal san: 'a8' in rnbqkbnr/pppppppp/8/8/8/8/PPPPPPPP/RNBQKBNR w KQkq - 0 1 while parsing <Game at 0x178fed436e0 ('?' vs. '?', '????.??.??' at '?')>
illegal san: 'f2' in rnbqkbnr/pppppppp/8/8/8/8/PPPPPPPP/RNBQKBNR w KQkq - 0 1 while parsing <Game at 0x178fed43770 ('?' vs. '?', '????.??.??' at '?')>
illegal san: '3g7' in rnbqkbnr/pppppppp/8/8/8/8/PPPPPPPP/RNBQKBNR w KQkq - 0 1 while parsing <Game at 0x178fed43890 ('?' vs. '?', '????.??.??' at '?')>
illegal san: 'g5' in rnbqkbnr/pppppppp/8/8/8/8/PPPPPPPP/RNBQKBNR w KQkq - 0 1 while parsing <Game at 0x178fed439b0 ('?' vs. '?', '????.??.??' at '?')>
illegal san: 'h5' in rnbqkbnr/pppppppp/8/8/8/8/PPPPPPPP/RNBQKBNR w KQkq - 0 1 while parsing <Game at 0x178fed43ad0 ('?' vs. '?', '????.??.??' at '?')>
invalid san: '*' while parsing <Game at 0x178fed43bf0 ('?' vs. '?', '????.??.??' at '?')>
invalid san: '*' while parsing <Game at 0x178fed43bf0 ('?' vs. '?', '????.??.??' at '?', 1 errors)>
illegal san: 'Nh2' in rnbqkbnr/pppppppp/8/8/8/8/PPPPPPPP/RNBQKBNR w KQkq - 0 1 while parsing <Game at 0x178fed43bf0 ('?' vs. '?', '????.??.??' at '?', 2 errors)>
illegal san: 'hb8' in rnbqkbnr/pppppppp/8/8/8/8/PPPPPPPP/RNBQKBNR w KQkq - 0 1 while parsing <Game at 0x178fed43e30 ('?' vs. '?', '????.??.??' at '?')>
illegal san: 'a5' in rnbqkbnr/pppppppp/8/8/8/8/PPPPPPPP/RNBQKBNR w KQkq - 0 1 while parsing <Game at 0x178fed43ec0 ('?' vs. '?', '????.??.??' at '?')>
illegal san: 'd7' in rnbqkbnr/pppppppp/8/8/7P/8/PPPPPPP1/RNBQKBNR b KQkq - 0 1 while parsing <Game at 0x178fed94050 ('?' vs. '?', '????.??.??' at '?')>
illegal san: 'd1' in rnbqkbnr/pppppppp/8/8/8/8/PPPPPPPP/RNBQKBNR b KQkq - 1 1 while parsing <Game at 0x178fed94290 ('?' vs. '?', '????.??.??' at '?')>
illegal san: 'Qe2' in rnbqkbnr/pppppppp/8/8/8/8/PPPPPPPP/RNBQKBNR w KQkq - 0 1 while parsing <Game at 0x178fed94320 ('?' vs. '?', '????.??.??' at '?')>
illegal san: 'f2' in rnbqkbnr/pppppppp/8/8/8/8/PPPPPPPP/RNBQKBNR w KQkq - 0 1 while parsing <Game at 0x178fed944d0 ('?' vs. '?', '????.??.??' at '?')>
illegal san: 'e7' in rnbqkbnr/pppppppp/8/8/8/8/PPPPPPPP/RNBQKBNR w KQkq - 0 1 while parsing <Game at 0x178fed94680 ('?' vs. '?', '????.??.??' at '?')>
invalid san: '*' while parsing <Game at 0x178fed947a0 ('?' vs. '?', '????.??.??' at '?')>
illegal san: 'g8' in rnbqkbnr/pppppppp/8/8/8/8/PPPPPPPP/RNBQKBNR w KQkq - 0 1 while parsing <Game at 0x178fed94950 ('?' vs. '?', '????.??.??' at '?')>
illegal san: 'hc1' in rnbqkbnr/pppppppp/8/8/8/8/PPPPPPPP/RNBQKBNR w KQkq - 0 1 while parsing <Game at 0x178fed949e0 ('?' vs. '?', '????.??.??' at '?')>
illegal san: 'h5' in rnbqkbnr/pppppppp/8/8/8/8/PPPPPPPP/RNBQKBNR w KQkq - 0 1 while parsing <Game at 0x178fed94b90 ('?' vs. '?', '????.??.??' at '?')>
illegal san: 'g7' in rnbqkbnr/pppppppp/8/8/8/8/PPPPPPPP/RNBQKBNR w KQkq - 0 1 while parsing <Game at 0x178fed94cb0 ('?' vs. '?', '????.??.??' at '?')>
invalid san: '*' while parsing <Game at 0x178fed94dd0 ('?' vs. '?', '????.??.??' at '?')>
illegal san: 'f1' in rnbqkbnr/pppppppp/8/8/8/8/PPPPPPPP/RNBQKBNR w KQkq - 0 1 while parsing <Game at 0x178fed94dd0 ('?' vs. '?', '????.??.??' at '?', 1 errors)>
illegal san: 'b7' in rnbqkbnr/pppppppp/8/8/8/8/PPPPPPPP/RNBQKBNR w KQkq - 0 1 while parsing <Game at 0x178fed94ef0 ('?' vs. '?', '????.??.??' at '?')>
illegal san: 'e8' in rnbqkbnr/pppppppp/8/8/8/8/PPPPPPPP/RNBQKBNR w KQkq - 0 1 while parsing <Game at 0x178fed95010 ('?' vs. '?', '????.??.??' at '?')>
illegal san: 'b7b' in rnbqkbnr/pppppppp/8/8/8/8/PPPPPPPP/RNBQKBNR w KQkq - 0 1 while parsing <Game at 0x178fed95130 ('?' vs. '?', '????.??.??' at '?')>
illegal san: 'c1' in rnbqkbnr/pppppppp/8/8/8/8/PPPPPPPP/RNBQKBNR w KQkq - 0 1 while parsing <Game at 0x178fed95250 ('?' vs. '?', '????.??.??' at '?')>
illegal san: 'd1' in rnbqkbnr/pppppppp/8/8/8/8/PPPPPPPP/RNBQKBNR w KQkq - 0 1 while parsing <Game at 0x178fed952e0 ('?' vs. '?', '????.??.??' at '?')>
illegal san: 'd7' in rnbqkbnr/pppppppp/8/8/8/8/PPPPPPPP/RNBQKBNR w KQkq - 0 1 while parsing <Game at 0x178fed95520 ('?' vs. '?', '????.??.??' at '?')>
illegal san: 'f2' in rnbqkbnr/pppppppp/8/8/8/8/PPPPPPPP/RNBQKBNR w KQkq - 0 1 while parsing <Game at 0x178fed95640 ('?' vs. '?', '????.??.??' at '?')>
illegal san: 'a5' in rnbqkbnr/pppppppp/8/8/8/8/PPPPPPPP/RNBQKBNR w KQkq - 0 1 while parsing <Game at 0x178fed957f0 ('?' vs. '?', '????.??.??' at '?')>
illegal san: 'e8' in rnbqkbnr/pppppppp/8/8/8/8/PPPPPPPP/RNBQKBNR w KQkq - 0 1 while parsing <Game at 0x178fed957f0 ('?' vs. '?', '????.??.??' at '?', 1 errors)>
illegal san: 'f1' in rnbqkbnr/pppppppp/8/8/8/8/PPPPPPPP/RNBQKBNR w KQkq - 0 1 while parsing <Game at 0x178fed95880 ('?' vs. '?', '????.??.??' at '?')>
illegal san: 'e2' in rnbqkbnr/pppppppp/8/8/8/8/PPPPPPPP/RNBQKBNR w KQkq - 0 1 while parsing <Game at 0x178fed959a0 ('?' vs. '?', '????.??.??' at '?')>
illegal san: 'c5' in rnbqkbnr/pppppppp/8/8/8/8/PPPPPPPP/RNBQKBNR w KQkq - 0 1 while parsing <Game at 0x178fed95be0 ('?' vs. '?', '????.??.??' at '?')>
illegal san: 'a1' in rnbqkbnr/pppppppp/8/8/8/8/PPPPPPPP/RNBQKBNR w KQkq - 0 1 while parsing <Game at 0x178fed95d00 ('?' vs. '?', '????.??.??' at '?')>
illegal san: 'b6' in rnbqkbnr/pppppppp/8/8/8/8/PPPPPPPP/RNBQKBNR w KQkq - 0 1 while parsing <Game at 0x178fed95d90 ('?' vs. '?', '????.??.??' at '?')>
illegal san: 'g5' in rnbqkbnr/pppppppp/8/8/8/8/PPPPPPPP/RNBQKBNR w KQkq - 0 1 while parsing <Game at 0x178fed95d90 ('?' vs. '?', '????.??.??' at '?', 1 errors)>
illegal san: 'f2' in rnbqkbnr/pppppppp/8/8/8/8/PPPPPPPP/RNBQKBNR w KQkq - 0 1 while parsing <Game at 0x178fed95f40 ('?' vs. '?', '????.??.??' at '?')>
illegal san: 'e8' in rnbqkbnr/pppppppp/8/8/8/8/PPPPPPPP/RNBQKBNR w KQkq - 0 1 while parsing <Game at 0x178fed96060 ('?' vs. '?', '????.??.??' at '?')>
illegal san: 'h8' in rnbqkbnr/pppppppp/8/8/8/8/PPPPPPPP/RNBQKBNR w KQkq - 0 1 while parsing <Game at 0x178fed96180 ('?' vs. '?', '????.??.??' at '?')>
illegal san: 'e2' in rnbqkbnr/pppppppp/8/8/8/8/PPPPPPPP/RNBQKBNR w KQkq - 0 1 while parsing <Game at 0x178fed962a0 ('?' vs. '?', '????.??.??' at '?')>
illegal san: 'b8' in rnbqkbnr/pppppppp/8/8/8/8/PPPPPPPP/RNBQKBNR w KQkq - 0 1 while parsing <Game at 0x178fed963c0 ('?' vs. '?', '????.??.??' at '?')>
illegal san: 'f2' in rnbqkbnr/pppppppp/8/8/8/8/PPPPPPPP/RNBQKBNR w KQkq - 0 1 while parsing <Game at 0x178fed964e0 ('?' vs. '?', '????.??.??' at '?')>
invalid san: '*' while parsing <Game at 0x178fed96690 ('?' vs. '?', '????.??.??' at '?')>
invalid san: '*' while parsing <Game at 0x178fed96690 ('?' vs. '?', '????.??.??' at '?', 1 errors)>
illegal san: 'a5' in rnbqkbnr/pppppppp/8/8/8/8/PPPPPPPP/RNBQKBNR w KQkq - 0 1 while parsing <Game at 0x178fed967b0 ('?' vs. '?', '????.??.??' at '?')>
illegal san: 'g4' in rnbqkbnr/pppppppp/8/8/4P3/8/PPPP1PPP/RNBQKBNR b KQkq - 0 1 while parsing <Game at 0x178fed96840 ('?' vs. '?', '????.??.??' at '?')>
invalid san: '*' while parsing <Game at 0x178fed96840 ('?' vs. '?', '????.??.??' at '?', 1 errors)>
illegal san: 'aa6' in rnbqkbnr/pppppppp/8/8/8/8/PPPPPPPP/RNBQKBNR w KQkq - 0 1 while parsing <Game at 0x178fed96960 ('?' vs. '?', '????.??.??' at '?')>
illegal san: 'f5N' in rnbqkbnr/pppppppp/8/8/8/8/PPPPPPPP/RNBQKBNR w KQkq - 0 1 while parsing <Game at 0x178fed96b10 ('?' vs. '?', '????.??.??' at '?')>
illegal san: 'Rb8' in rnbqkbnr/pppppppp/8/8/8/8/PPPPPPPP/RNBQKBNR w KQkq - 0 1 while parsing <Game at 0x178fed96ba0 ('?' vs. '?', '????.??.??' at '?')>
illegal san: 'g7' in rnbqkbnr/pppppppp/8/8/8/8/PPPPPPPP/RNBQKBNR w KQkq - 0 1 while parsing <Game at 0x178fed96de0 ('?' vs. '?', '????.??.??' at '?')>
illegal san: 'd7' in rnbqkbnr/pppppppp/8/8/8/8/PPPPPPPP/RNBQKBNR w KQkq - 0 1 while parsing <Game at 0x178fed96f00 ('?' vs. '?', '????.??.??' at '?')>
illegal san: 'c8' in rnbqkbnr/pppppppp/8/8/8/8/PPPPPPPP/RNBQKBNR w KQkq - 0 1 while parsing <Game at 0x178fed97020 ('?' vs. '?', '????.??.??' at '?')>
invalid san: '*' while parsing <Game at 0x178fed97140 ('?' vs. '?', '????.??.??' at '?')>
illegal san: 'b5' in rnbqkbnr/pppppppp/8/8/8/8/PPPPPPPP/RNBQKBNR w KQkq - 0 1 while parsing <Game at 0x178fed971d0 ('?' vs. '?', '????.??.??' at '?')>
illegal san: 'h7' in rnbqkbnr/pppppppp/8/8/8/8/PPPPPPPP/RNBQKBNR w KQkq - 0 1 while parsing <Game at 0x178fed97380 ('?' vs. '?', '????.??.??' at '?')>
illegal san: 'c8' in rnbqkbnr/pppppppp/8/8/8/8/PPPPPPPP/RNBQKBNR w KQkq - 0 1 while parsing <Game at 0x178fed974a0 ('?' vs. '?', '????.??.??' at '?')>
illegal san: 'd2' in rnbqkbnr/pppppppp/8/8/8/8/PPPPPPPP/RNBQKBNR w KQkq - 0 1 while parsing <Game at 0x178fed975c0 ('?' vs. '?', '????.??.??' at '?')>
invalid san: '*' while parsing <Game at 0x178fed976e0 ('?' vs. '?', '????.??.??' at '?')>
illegal san: 'Rb8' in rnbqkbnr/pppppppp/8/8/8/8/PPPPPPPP/RNBQKBNR w KQkq - 0 1 while parsing <Game at 0x178fed97800 ('?' vs. '?', '????.??.??' at '?')>
illegal san: 'c2' in rnbqkbnr/pppppppp/8/8/8/8/PPPPPPPP/RNBQKBNR w KQkq - 0 1 while parsing <Game at 0x178fed97920 ('?' vs. '?', '????.??.??' at '?')>
illegal san: 'e8' in rnbqkbnr/pppppppp/8/8/8/8/PPPPPPPP/RNBQKBNR w KQkq - 0 1 while parsing <Game at 0x178fed97a40 ('?' vs. '?', '????.??.??' at '?')>
illegal san: 'a8' in rnbqkbnr/pppppppp/8/8/8/8/PPPPPPPP/RNBQKBNR w KQkq - 0 1 while parsing <Game at 0x178fed97b60 ('?' vs. '?', '????.??.??' at '?')>
illegal san: 'c1' in rnbqkbnr/pppppppp/8/8/8/8/PPPPPPPP/RNBQKBNR w KQkq - 0 1 while parsing <Game at 0x178fed97c80 ('?' vs. '?', '????.??.??' at '?')>
illegal san: 'Rb8' in rnbqkbnr/pppppppp/8/8/8/8/PPPPPPPP/RNBQKBNR w KQkq - 0 1 while parsing <Game at 0x178fed97da0 ('?' vs. '?', '????.??.??' at '?')>
illegal san: 'a8Q' in rnbqkbnr/pppppppp/8/8/8/8/PPPPPPPP/RNBQKBNR w KQkq - 0 1 while parsing <Game at 0x178fed97ec0 ('?' vs. '?', '????.??.??' at '?')>
illegal san: 'c1' in rnbqkbnr/pppppppp/8/8/8/8/PPPPPPPP/RNBQKBNR w KQkq - 0 1 while parsing <Game at 0x178fede4050 ('?' vs. '?', '????.??.??' at '?')>
invalid san: '*' while parsing <Game at 0x178fede4050 ('?' vs. '?', '????.??.??' at '?', 1 errors)>
invalid san: '*' while parsing <Game at 0x178fede4050 ('?' vs. '?', '????.??.??' at '?', 2 errors)>
illegal san: 'Rb8' in rnbqkbnr/pppppppp/8/8/8/8/PPPPPPPP/RNBQKBNR w KQkq - 0 1 while parsing <Game at 0x178fede40e0 ('?' vs. '?', '????.??.??' at '?')>
illegal san: 'd2' in rnbqkbnr/pppppppp/8/8/8/8/PPPPPPPP/RNBQKBNR w KQkq - 0 1 while parsing <Game at 0x178fede4320 ('?' vs. '?', '????.??.??' at '?')>
illegal san: 'd6' in rnbqkbnr/pppppppp/8/8/8/8/PPPPPPPP/RNBQKBNR w KQkq - 0 1 while parsing <Game at 0x178fede43b0 ('?' vs. '?', '????.??.??' at '?')>
illegal san: 'g8k' in rnbqkbnr/pppppppp/8/8/8/8/PPPPPPPP/RNBQKBNR w KQkq - 0 1 while parsing <Game at 0x178fede44d0 ('?' vs. '?', '????.??.??' at '?')>
illegal san: 'h5' in rnbqkbnr/pppppppp/8/8/8/8/PPPPPPPP/RNBQKBNR w KQkq - 0 1 while parsing <Game at 0x178fede44d0 ('?' vs. '?', '????.??.??' at '?', 1 errors)>
invalid san: '*' while parsing <Game at 0x178fede44d0 ('?' vs. '?', '????.??.??' at '?', 2 errors)>
illegal san: 'Rb8' in rnbqkbnr/pppppppp/8/8/8/8/PPPPPPPP/RNBQKBNR w KQkq - 0 1 while parsing <Game at 0x178fede45f0 ('?' vs. '?', '????.??.??' at '?')>
illegal san: '2e5' in rnbqkbnr/pppppppp/8/8/8/8/PPPPPPPP/RNBQKBNR w KQkq - 0 1 while parsing <Game at 0x178fede4710 ('?' vs. '?', '????.??.??' at '?')>
illegal san: 'h4' in rnbqkbnr/pppppppp/8/8/8/5P2/PPPPP1PP/RNBQKBNR b KQkq - 0 1 while parsing <Game at 0x178fede4830 ('?' vs. '?', '????.??.??' at '?')>
invalid san: '*' while parsing <Game at 0x178fede4950 ('?' vs. '?', '????.??.??' at '?')>
invalid san: '*' while parsing <Game at 0x178fede4950 ('?' vs. '?', '????.??.??' at '?', 1 errors)>
invalid san: '*' while parsing <Game at 0x178fede4950 ('?' vs. '?', '????.??.??' at '?', 2 errors)>
illegal san: 'e5' in rnbqkbnr/pppppppp/8/8/8/8/PPPPPPPP/RNBQKBNR w KQkq - 0 1 while parsing <Game at 0x178fede49e0 ('?' vs. '?', '????.??.??' at '?')>
illegal san: 'b7' in rnbqkbnr/pppppppp/8/8/8/8/PPPPPPPP/RNBQKBNR w KQkq - 0 1 while parsing <Game at 0x178fede4b90 ('?' vs. '?', '????.??.??' at '?')>
illegal san: 'g2' in rnbqkbnr/pppppppp/8/8/8/8/PPPPPPPP/RNBQKBNR b KQkq - 1 1 while parsing <Game at 0x178fede4cb0 ('?' vs. '?', '????.??.??' at '?')>
illegal san: 'h7' in rnbqkbnr/pppppppp/8/8/8/8/PPPPPPPP/RNBQKBNR w KQkq - 0 1 while parsing <Game at 0x178fede4dd0 ('?' vs. '?', '????.??.??' at '?')>
illegal san: 'g6' in rnbqkbnr/pppppppp/8/8/8/8/PPPPPPPP/RNBQKBNR w KQkq - 0 1 while parsing <Game at 0x178fede4ef0 ('?' vs. '?', '????.??.??' at '?')>
illegal san: 'b2K' in rnbqkbnr/pppppppp/8/8/8/8/PPPPPPPP/RNBQKBNR w KQkq - 0 1 while parsing <Game at 0x178fede50a0 ('?' vs. '?', '????.??.??' at '?')>
illegal san: '1e1' in rnbqkbnr/pppppppp/8/8/8/8/PPPPPPPP/RNBQKBNR w KQkq - 0 1 while parsing <Game at 0x178fede4f80 ('?' vs. '?', '????.??.??' at '?')>
illegal san: 'f6' in rnbqkbnr/pppppppp/8/8/8/8/PPPPPPPP/RNBQKBNR w KQkq - 0 1 while parsing <Game at 0x178fede5250 ('?' vs. '?', '????.??.??' at '?')>
illegal san: 'f6' in rnbqkbnr/pppppppp/8/8/8/8/PPPPPPPP/RNBQKBNR w KQkq - 0 1 while parsing <Game at 0x178fede52e0 ('?' vs. '?', '????.??.??' at '?')>
illegal san: 'h8' in rnbqkbnr/pppppppp/8/8/8/8/PPPPPPPP/RNBQKBNR w KQkq - 0 1 while parsing <Game at 0x178fede5490 ('?' vs. '?', '????.??.??' at '?')>
illegal san: 'a6' in rnbqkbnr/pppppppp/8/8/8/8/PPPPPPPP/RNBQKBNR w KQkq - 0 1 while parsing <Game at 0x178fede55b0 ('?' vs. '?', '????.??.??' at '?')>
invalid san: '*' while parsing <Game at 0x178fede56d0 ('?' vs. '?', '????.??.??' at '?')>
invalid san: '*' while parsing <Game at 0x178fede56d0 ('?' vs. '?', '????.??.??' at '?', 1 errors)>
illegal san: 'c2' in rnbqkbnr/pppppppp/8/8/8/8/PPPPPPPP/RNBQKBNR w KQkq - 0 1 while parsing <Game at 0x178fede57f0 ('?' vs. '?', '????.??.??' at '?')>
invalid san: '*' while parsing <Game at 0x178fede5910 ('?' vs. '?', '????.??.??' at '?')>
illegal san: 'f7' in rnbqkbnr/pppppppp/8/8/8/8/PPPPPPPP/RNBQKBNR w KQkq - 0 1 while parsing <Game at 0x178fede5910 ('?' vs. '?', '????.??.??' at '?', 1 errors)>
illegal san: 'd2' in rnbqkbnr/pppppppp/8/8/8/8/PPPPPPPP/RNBQKBNR w KQkq - 0 1 while parsing <Game at 0x178fede5a30 ('?' vs. '?', '????.??.??' at '?')>
illegal san: 'f8' in rnbqkbnr/pppppppp/8/8/8/8/PPPPPPPP/RNBQKBNR w KQkq - 0 1 while parsing <Game at 0x178fede5b50 ('?' vs. '?', '????.??.??' at '?')>
illegal san: 'g1' in rnbqkbnr/pppppppp/8/8/8/8/PPPPPPPP/RNBQKBNR w KQkq - 0 1 while parsing <Game at 0x178fede5d00 ('?' vs. '?', '????.??.??' at '?')>
illegal san: 'c6' in rnbqkbnr/pppppppp/8/8/8/8/PPPPPPPP/RNBQKBNR w KQkq - 0 1 while parsing <Game at 0x178fede5e20 ('?' vs. '?', '????.??.??' at '?')>
invalid san: '*' while parsing <Game at 0x178fede5f40 ('?' vs. '?', '????.??.??' at '?')>
illegal san: 'Rb8' in rnbqkbnr/pppppppp/8/8/8/8/PPPPPPPP/RNBQKBNR w KQkq - 0 1 while parsing <Game at 0x178fede6180 ('?' vs. '?', '????.??.??' at '?')>
illegal san: 'b8' in rnbqkbnr/pppppppp/8/8/8/8/PPPPPPPP/RNBQKBNR w KQkq - 0 1 while parsing <Game at 0x178fede62a0 ('?' vs. '?', '????.??.??' at '?')>
illegal san: 'h2' in rnbqkbnr/pppppppp/8/8/8/8/PPPPPPPP/RNBQKBNR w KQkq - 0 1 while parsing <Game at 0x178fede63c0 ('?' vs. '?', '????.??.??' at '?')>
illegal san: 'ca8' in rnbqkbnr/pppppppp/8/8/8/8/PPPPPPPP/RNBQKBNR w KQkq - 0 1 while parsing <Game at 0x178fede6600 ('?' vs. '?', '????.??.??' at '?')>
illegal san: 'h7' in rnbqkbnr/pppppppp/8/8/8/8/PPPPPPPP/RNBQKBNR w KQkq - 0 1 while parsing <Game at 0x178fede6720 ('?' vs. '?', '????.??.??' at '?')>
invalid san: '*' while parsing <Game at 0x178fede6840 ('?' vs. '?', '????.??.??' at '?')>
illegal san: 'e3N' in rnbqkbnr/pppppppp/8/8/8/8/PPPPPPPP/RNBQKBNR w KQkq - 0 1 while parsing <Game at 0x178fede6960 ('?' vs. '?', '????.??.??' at '?')>
illegal san: 'c5r' in rnbqkbnr/pppppppp/8/8/8/8/PPPPPPPP/RNBQKBNR w KQkq - 0 1 while parsing <Game at 0x178fede6a80 ('?' vs. '?', '????.??.??' at '?')>
invalid san: '*' while parsing <Game at 0x178fede69f0 ('?' vs. '?', '????.??.??' at '?')>
illegal san: 'a8' in rnbqkbnr/pppppppp/8/8/8/8/PPPPPPPP/RNBQKBNR w KQkq - 0 1 while parsing <Game at 0x178fede6cc0 ('?' vs. '?', '????.??.??' at '?')>
illegal san: '6e8' in rnbqkbnr/pppppppp/8/8/8/8/PPPPPPPP/RNBQKBNR w KQkq - 0 1 while parsing <Game at 0x178fede6d50 ('?' vs. '?', '????.??.??' at '?')>
illegal san: 'h5' in rnbqkbnr/pppppppp/8/8/8/8/PPPPPPPP/RNBQKBNR w KQkq - 0 1 while parsing <Game at 0x178fede6f00 ('?' vs. '?', '????.??.??' at '?')>
invalid san: '*' while parsing <Game at 0x178fede7020 ('?' vs. '?', '????.??.??' at '?')>
invalid san: '*' while parsing <Game at 0x178fede7020 ('?' vs. '?', '????.??.??' at '?', 1 errors)>
illegal san: '4c4' in rnbqkbnr/pppppppp/8/8/8/8/PPPPPPPP/RNBQKBNR w KQkq - 0 1 while parsing <Game at 0x178fede7140 ('?' vs. '?', '????.??.??' at '?')>
illegal san: 'a2' in rnbqkbnr/pppppppp/8/8/8/8/PPPPPPPP/RNBQKBNR w KQkq - 0 1 while parsing <Game at 0x178fede71d0 ('?' vs. '?', '????.??.??' at '?')>
illegal san: 'f2' in rnbqkbnr/pppppppp/8/8/5P2/8/PPPPP1PP/RNBQKBNR b KQkq - 0 1 while parsing <Game at 0x178fede71d0 ('?' vs. '?', '????.??.??' at '?', 1 errors)>
illegal san: '1g7' in rnbqkbnr/pppppppp/8/8/8/8/PPPPPPPP/RNBQKBNR w KQkq - 0 1 while parsing <Game at 0x178fede7380 ('?' vs. '?', '????.??.??' at '?')>
illegal san: 'e2' in rnbqkbnr/pppppppp/8/8/8/8/PPPPPPPP/RNBQKBNR w KQkq - 0 1 while parsing <Game at 0x178fede74a0 ('?' vs. '?', '????.??.??' at '?')>
illegal san: 'd4' in rnbqkbnr/pppppppp/8/8/P7/8/1PPPPPPP/RNBQKBNR b KQkq - 0 1 while parsing <Game at 0x178fede75c0 ('?' vs. '?', '????.??.??' at '?')>
illegal san: 'f6' in rnbqkbnr/pppppppp/8/8/8/8/PPPPPPPP/RNBQKBNR w KQkq - 0 1 while parsing <Game at 0x178fede76e0 ('?' vs. '?', '????.??.??' at '?')>
illegal san: 'b2' in rnbqkbnr/pppppppp/8/8/8/8/PPPPPPPP/RNBQKBNR w KQkq - 0 1 while parsing <Game at 0x178fede7800 ('?' vs. '?', '????.??.??' at '?')>
illegal san: 'd6' in rnbqkbnr/pppppppp/8/8/8/8/PPPPPPPP/RNBQKBNR w KQkq - 0 1 while parsing <Game at 0x178fede7890 ('?' vs. '?', '????.??.??' at '?')>
invalid san: '*' while parsing <Game at 0x178fede7a40 ('?' vs. '?', '????.??.??' at '?')>
invalid san: '*' while parsing <Game at 0x178fede7a40 ('?' vs. '?', '????.??.??' at '?', 1 errors)>
illegal san: 'e7' in rnbqkbnr/pppppppp/8/8/8/8/PPPPPPPP/RNBQKBNR w KQkq - 0 1 while parsing <Game at 0x178fede7b60 ('?' vs. '?', '????.??.??' at '?')>
illegal san: 'c8' in rnbqkbnr/pppppppp/8/8/8/8/PPPPPPPP/RNBQKBNR w KQkq - 0 1 while parsing <Game at 0x178fede7c80 ('?' vs. '?', '????.??.??' at '?')>
invalid san: '*' while parsing <Game at 0x178fede7da0 ('?' vs. '?', '????.??.??' at '?')>
illegal san: 'h1' in rnbqkbnr/pppppppp/8/8/8/8/PPPPPPPP/RNBQKBNR w KQkq - 0 1 while parsing <Game at 0x178fede7f50 ('?' vs. '?', '????.??.??' at '?')>
invalid san: '*' while parsing <Game at 0x178ffe0c0e0 ('?' vs. '?', '????.??.??' at '?')>
illegal san: '7d4' in rnbqkbnr/pppppppp/8/8/8/8/PPPPPPPP/RNBQKBNR w KQkq - 0 1 while parsing <Game at 0x178ffe0c170 ('?' vs. '?', '????.??.??' at '?')>
illegal san: 'h1' in rnbqkbnr/pppppppp/8/8/8/8/PPPPPPPP/RNBQKBNR w KQkq - 0 1 while parsing <Game at 0x178ffe0c320 ('?' vs. '?', '????.??.??' at '?')>
illegal san: 'd7' in rnbqkbnr/pppppppp/8/8/8/8/PPPPPPPP/RNBQKBNR w KQkq - 0 1 while parsing <Game at 0x178ffe0c440 ('?' vs. '?', '????.??.??' at '?')>
invalid san: '*' while parsing <Game at 0x178ffe0c560 ('?' vs. '?', '????.??.??' at '?')>
invalid san: '*' while parsing <Game at 0x178ffe0c560 ('?' vs. '?', '????.??.??' at '?', 1 errors)>
invalid san: '*' while parsing <Game at 0x178ffe0c560 ('?' vs. '?', '????.??.??' at '?', 2 errors)>
illegal san: 'e2' in rnbqkbnr/pppppppp/8/8/8/8/PPPPPPPP/RNBQKBNR w KQkq - 0 1 while parsing <Game at 0x178ffe0c5f0 ('?' vs. '?', '????.??.??' at '?')>
illegal san: 'f7' in rnbqkbnr/pppppppp/8/8/8/8/PPPPPPPP/RNBQKBNR w KQkq - 0 1 while parsing <Game at 0x178ffe0c7a0 ('?' vs. '?', '????.??.??' at '?')>
invalid san: '*' while parsing <Game at 0x178ffe0c8c0 ('?' vs. '?', '????.??.??' at '?')>
invalid san: '*' while parsing <Game at 0x178ffe0c8c0 ('?' vs. '?', '????.??.??' at '?', 1 errors)>
illegal san: 'a2' in rnbqkbnr/pppppppp/8/8/8/8/PPPPPPPP/RNBQKBNR w KQkq - 0 1 while parsing <Game at 0x178ffe0cb00 ('?' vs. '?', '????.??.??' at '?')>
illegal san: 'b7' in rnbqkbnr/pppppppp/8/8/8/8/PPPPPPPP/RNBQKBNR w KQkq - 0 1 while parsing <Game at 0x178ffe0cd40 ('?' vs. '?', '????.??.??' at '?')>
illegal san: 'd2' in rnbqkbnr/pppppppp/8/8/8/8/PPPPPPPP/RNBQKBNR w KQkq - 0 1 while parsing <Game at 0x178ffe0ce60 ('?' vs. '?', '????.??.??' at '?')>
illegal san: 'b5' in rnbqkbnr/pppppppp/8/8/8/8/PPPPPPPP/RNBQKBNR w KQkq - 0 1 while parsing <Game at 0x178ffe0cf80 ('?' vs. '?', '????.??.??' at '?')>
illegal san: 'd6' in rnbqkbnr/pppppppp/8/8/8/8/PPPPPPPP/RNBQKBNR w KQkq - 0 1 while parsing <Game at 0x178ffe0d130 ('?' vs. '?', '????.??.??' at '?')>
illegal san: 'b7' in rnbqkbnr/pppppppp/8/8/8/8/PPPPPPPP/RNBQKBNR w KQkq - 0 1 while parsing <Game at 0x178ffe0d1c0 ('?' vs. '?', '????.??.??' at '?')>
illegal san: 'e2' in rnbqkbnr/pppppppp/8/8/8/8/PPPPPPPP/RNBQKBNR w KQkq - 0 1 while parsing <Game at 0x178ffe0d400 ('?' vs. '?', '????.??.??' at '?')>
illegal san: 'h7' in rnbqkbnr/pppppppp/8/8/8/8/PPPPPPPP/RNBQKBNR w KQkq - 0 1 while parsing <Game at 0x178ffe0d520 ('?' vs. '?', '????.??.??' at '?')>
illegal san: 'ed3' in rnbqkbnr/pppppppp/8/8/8/8/PPPPPPPP/RNBQKBNR w KQkq - 0 1 while parsing <Game at 0x178ffe0d640 ('?' vs. '?', '????.??.??' at '?')>
illegal san: 'g7' in rnbqkbnr/pppppppp/8/8/8/8/PPPPPPPP/RNBQKBNR w KQkq - 0 1 while parsing <Game at 0x178ffe0d760 ('?' vs. '?', '????.??.??' at '?')>
illegal san: 'f2' in rnbqkbnr/pppppppp/8/8/8/8/PPPPPPPP/RNBQKBNR w KQkq - 0 1 while parsing <Game at 0x178ffe0d910 ('?' vs. '?', '????.??.??' at '?')>
illegal san: 'c7' in rnbqkbnr/pppppppp/8/8/8/8/PPPPPPPP/RNBQKBNR w KQkq - 0 1 while parsing <Game at 0x178ffe0da30 ('?' vs. '?', '????.??.??' at '?')>
illegal san: 'd6' in rnbqkbnr/pppppppp/8/8/8/8/PPPPPPPP/RNBQKBNR w KQkq - 0 1 while parsing <Game at 0x178ffe0dbe0 ('?' vs. '?', '????.??.??' at '?')>
invalid san: '*' while parsing <Game at 0x178ffe0dd90 ('?' vs. '?', '????.??.??' at '?')>
invalid san: '*' while parsing <Game at 0x178ffe0dd90 ('?' vs. '?', '????.??.??' at '?', 1 errors)>
invalid san: '*' while parsing <Game at 0x178ffe0dd90 ('?' vs. '?', '????.??.??' at '?', 2 errors)>
illegal san: 'b8' in rnbqkbnr/pppppppp/8/8/8/8/PPPPPPPP/RNBQKBNR w KQkq - 0 1 while parsing <Game at 0x178ffe0deb0 ('?' vs. '?', '????.??.??' at '?')>
illegal san: '-b8' in rnbqkbnr/pppppppp/8/8/8/8/PPPPPPPP/RNBQKBNR w KQkq - 0 1 while parsing <Game at 0x178ffe0df40 ('?' vs. '?', '????.??.??' at '?')>
illegal san: 'c6' in rnbqkbnr/pppppppp/8/8/8/8/PPPPPPPP/RNBQKBNR w KQkq - 0 1 while parsing <Game at 0x178ffe0e060 ('?' vs. '?', '????.??.??' at '?')>
illegal san: 'e2' in rnbqkbnr/pppppppp/8/8/8/5P2/PPPPP1PP/RNBQKBNR b KQkq - 0 1 while parsing <Game at 0x178ffe0e0f0 ('?' vs. '?', '????.??.??' at '?')>
illegal san: 'd6' in rnbqkbnr/pppppppp/8/8/8/8/PPPPPPPP/RNBQKBNR w KQkq - 0 1 while parsing <Game at 0x178ffe0e2a0 ('?' vs. '?', '????.??.??' at '?')>
illegal san: 'xd8' in rnbqkbnr/pppppppp/8/8/8/8/PPPPPPPP/RNBQKBNR w KQkq - 0 1 while parsing <Game at 0x178ffe0e4e0 ('?' vs. '?', '????.??.??' at '?')>
illegal san: 'a8' in rnbqkbnr/pppppppp/8/8/8/8/PPPPPPPP/RNBQKBNR w KQkq - 0 1 while parsing <Game at 0x178ffe0e570 ('?' vs. '?', '????.??.??' at '?')>
illegal san: 'f6' in rnbqkbnr/pppppppp/8/8/8/8/PPPPPPPP/RNBQKBNR w KQkq - 0 1 while parsing <Game at 0x178ffe0e720 ('?' vs. '?', '????.??.??' at '?')>
illegal san: 'f8' in rnbqkbnr/pppppppp/8/8/8/8/PPPPPPPP/RNBQKBNR w KQkq - 0 1 while parsing <Game at 0x178ffe0e840 ('?' vs. '?', '????.??.??' at '?')>
illegal san: 'f8' in rnbqkbnr/pppppppp/8/8/8/8/PPPPPPPP/RNBQKBNR w KQkq - 0 1 while parsing <Game at 0x178ffe0e960 ('?' vs. '?', '????.??.??' at '?')>
illegal san: 'f8' in rnbqkbnr/pppppppp/8/8/8/8/PPPPPPPP/RNBQKBNR w KQkq - 0 1 while parsing <Game at 0x178ffe0ea80 ('?' vs. '?', '????.??.??' at '?')>
illegal san: 'gc5B' in rnbqkbnr/pppppppp/8/8/8/8/PPPPPPPP/RNBQKBNR w KQkq - 0 1 while parsing <Game at 0x178ffe0eba0 ('?' vs. '?', '????.??.??' at '?')>
illegal san: 'b7' in rnbqkbnr/pppppppp/8/8/8/8/PPPPPPPP/RNBQKBNR w KQkq - 0 1 while parsing <Game at 0x178ffe0ec30 ('?' vs. '?', '????.??.??' at '?')>
illegal san: 'c6' in rnbqkbnr/pppppppp/8/8/8/8/PPPPPPPP/RNBQKBNR w KQkq - 0 1 while parsing <Game at 0x178ffe0ee70 ('?' vs. '?', '????.??.??' at '?')>
illegal san: 'd5' in rnbqkbnr/pppppppp/8/8/8/8/PPPPPPPP/RNBQKBNR w KQkq - 0 1 while parsing <Game at 0x178ffe0ef90 ('?' vs. '?', '????.??.??' at '?')>
illegal san: 'c2' in rnbqkbnr/pppppppp/8/8/8/8/PPPPPPPP/RNBQKBNR w KQkq - 0 1 while parsing <Game at 0x178ffe0f140 ('?' vs. '?', '????.??.??' at '?')>
illegal san: '7e3' in rnbqkbnr/pppppppp/8/8/8/8/PPPPPPPP/RNBQKBNR w KQkq - 0 1 while parsing <Game at 0x178ffe0f1d0 ('?' vs. '?', '????.??.??' at '?')>
illegal san: 'd8' in rnbqkbnr/pppppppp/8/8/8/8/PPPPPPPP/RNBQKBNR w KQkq - 0 1 while parsing <Game at 0x178ffe0f2f0 ('?' vs. '?', '????.??.??' at '?')>
invalid san: '*' while parsing <Game at 0x178ffe0f410 ('?' vs. '?', '????.??.??' at '?')>
illegal san: '7g3' in rnbqkbnr/pppppppp/8/8/8/8/PPPPPPPP/RNBQKBNR w KQkq - 0 1 while parsing <Game at 0x178ffe0f5c0 ('?' vs. '?', '????.??.??' at '?')>
illegal san: 'd6' in rnbqkbnr/pppppppp/8/8/8/8/PPPPPPPP/RNBQKBNR w KQkq - 0 1 while parsing <Game at 0x178ffe0f6e0 ('?' vs. '?', '????.??.??' at '?')>
illegal san: 'c7' in rnbqkbnr/pppppppp/8/8/8/8/PPPPPPPP/RNBQKBNR w KQkq - 0 1 while parsing <Game at 0x178ffe0f800 ('?' vs. '?', '????.??.??' at '?')>
illegal san: 'c1' in rnbqkbnr/pppppppp/8/8/8/8/PPPPPPPP/RNBQKBNR b KQkq - 1 1 while parsing <Game at 0x178ffe0f920 ('?' vs. '?', '????.??.??' at '?')>
illegal san: 'a2' in rnbqkbnr/pppppppp/8/8/8/8/PPPPPPPP/RNBQKBNR w KQkq - 0 1 while parsing <Game at 0x178ffe0fa40 ('?' vs. '?', '????.??.??' at '?')>
illegal san: 'c7' in rnbqkbnr/pppppppp/8/8/8/8/PPPPPPPP/RNBQKBNR w KQkq - 0 1 while parsing <Game at 0x178ffe0fb60 ('?' vs. '?', '????.??.??' at '?')>
illegal san: 'h1' in rnbqkbnr/pppppppp/8/8/8/8/PPPPPPPP/RNBQKBNR w KQkq - 0 1 while parsing <Game at 0x178ffe0fbf0 ('?' vs. '?', '????.??.??' at '?')>
illegal san: 'c2b' in rnbqkbnr/pppppppp/8/8/8/8/PPPPPPPP/RNBQKBNR w KQkq - 0 1 while parsing <Game at 0x178ffe0fda0 ('?' vs. '?', '????.??.??' at '?')>
illegal san: 'a1' in rnbqkbnr/pppppppp/8/8/8/8/PPPPPPPP/RNBQKBNR w KQkq - 0 1 while parsing <Game at 0x178ffe0ff50 ('?' vs. '?', '????.??.??' at '?')>
illegal san: 'Qe3' in rnbqkbnr/pppppppp/8/8/8/8/PPPPPPPP/RNBQKBNR w KQkq - 0 1 while parsing <Game at 0x178ffe0ff50 ('?' vs. '?', '????.??.??' at '?', 1 errors)>
illegal san: 'a1' in rnbqkbnr/pppppppp/8/8/8/8/PPPPPPPP/RNBQKBNR w KQkq - 0 1 while parsing <Game at 0x178ffe580e0 ('?' vs. '?', '????.??.??' at '?')>
illegal san: 'f5' in rnbqkbnr/pppppppp/8/8/8/8/PPPPPPPP/RNBQKBNR w KQkq - 0 1 while parsing <Game at 0x178ffe58290 ('?' vs. '?', '????.??.??' at '?')>
illegal san: 'f6R' in rnbqkbnr/pppppppp/8/8/8/8/PPPPPPPP/RNBQKBNR w KQkq - 0 1 while parsing <Game at 0x178ffe58320 ('?' vs. '?', '????.??.??' at '?')>
illegal san: 'a7' in rnbqkbnr/pppppppp/8/8/8/8/PPPPPPPP/RNBQKBNR w KQkq - 0 1 while parsing <Game at 0x178ffe58440 ('?' vs. '?', '????.??.??' at '?')>
illegal san: 'f6' in rnbqkbnr/pppppppp/8/8/8/8/PPPPPPPP/RNBQKBNR w KQkq - 0 1 while parsing <Game at 0x178ffe58560 ('?' vs. '?', '????.??.??' at '?')>
illegal san: 'b2' in rnbqkbnr/pppppppp/8/8/8/8/PPPPPPPP/RNBQKBNR w KQkq - 0 1 while parsing <Game at 0x178ffe58710 ('?' vs. '?', '????.??.??' at '?')>
illegal san: 'b6' in rnbqkbnr/pppppppp/8/8/8/8/PPPPPPPP/RNBQKBNR w KQkq - 0 1 while parsing <Game at 0x178ffe58830 ('?' vs. '?', '????.??.??' at '?')>
illegal san: 'c8' in rnbqkbnr/pppppppp/8/8/8/8/PPPPPPPP/RNBQKBNR w KQkq - 0 1 while parsing <Game at 0x178ffe58830 ('?' vs. '?', '????.??.??' at '?', 1 errors)>
illegal san: 'c7' in rnbqkbnr/pppppppp/8/8/8/8/PPPPPPPP/RNBQKBNR w KQkq - 0 1 while parsing <Game at 0x178ffe58950 ('?' vs. '?', '????.??.??' at '?')>
illegal san: 'd5' in rnbqkbnr/pppppppp/8/8/8/8/PPPPPPPP/RNBQKBNR w KQkq - 0 1 while parsing <Game at 0x178ffe58b90 ('?' vs. '?', '????.??.??' at '?')>
illegal san: 'b8' in rnbqkbnr/pppppppp/8/8/8/8/PPPPPPPP/RNBQKBNR w KQkq - 0 1 while parsing <Game at 0x178ffe58d40 ('?' vs. '?', '????.??.??' at '?')>
invalid san: '*' while parsing <Game at 0x178ffe58e60 ('?' vs. '?', '????.??.??' at '?')>
invalid san: '*' while parsing <Game at 0x178ffe58e60 ('?' vs. '?', '????.??.??' at '?', 1 errors)>
illegal san: 'f5' in rnbqkbnr/pppppppp/8/8/8/8/PPPPPPPP/RNBQKBNR w KQkq - 0 1 while parsing <Game at 0x178ffe58f80 ('?' vs. '?', '????.??.??' at '?')>
illegal san: 'b8' in rnbqkbnr/pppppppp/8/8/8/8/PPPPPPPP/RNBQKBNR w KQkq - 0 1 while parsing <Game at 0x178ffe590a0 ('?' vs. '?', '????.??.??' at '?')>
illegal san: 'f5' in rnbqkbnr/pppppppp/8/8/8/8/PPPPPPPP/RNBQKBNR w KQkq - 0 1 while parsing <Game at 0x178ffe591c0 ('?' vs. '?', '????.??.??' at '?')>
illegal san: 'a2' in rnbqkbnr/pppppppp/8/8/8/8/PPPPPPPP/RNBQKBNR w KQkq - 0 1 while parsing <Game at 0x178ffe592e0 ('?' vs. '?', '????.??.??' at '?')>
invalid san: '*' while parsing <Game at 0x178ffe59370 ('?' vs. '?', '????.??.??' at '?')>
illegal san: 'h5' in rnbqkbnr/pppppppp/8/8/8/8/PPPPPPPP/RNBQKBNR w KQkq - 0 1 while parsing <Game at 0x178ffe59520 ('?' vs. '?', '????.??.??' at '?')>
illegal san: 'd6' in rnbqkbnr/pppppppp/8/8/8/8/PPPPPPPP/RNBQKBNR w KQkq - 0 1 while parsing <Game at 0x178ffe59640 ('?' vs. '?', '????.??.??' at '?')>
illegal san: 'f1' in rnbqkbnr/pppppppp/8/8/8/8/PPPPPPPP/RNBQKBNR w KQkq - 0 1 while parsing <Game at 0x178ffe59760 ('?' vs. '?', '????.??.??' at '?')>
invalid san: '*' while parsing <Game at 0x178ffe59880 ('?' vs. '?', '????.??.??' at '?')>
invalid san: '*' while parsing <Game at 0x178ffe59880 ('?' vs. '?', '????.??.??' at '?', 1 errors)>
illegal san: 'd5' in rnbqkbnr/pppppppp/8/8/8/8/PPPPPPPP/RNBQKBNR w KQkq - 0 1 while parsing <Game at 0x178ffe599a0 ('?' vs. '?', '????.??.??' at '?')>
illegal san: 'h7' in rnbqkbnr/pppppppp/8/8/8/8/PPPPPPPP/RNBQKBNR w KQkq - 0 1 while parsing <Game at 0x178ffe59ac0 ('?' vs. '?', '????.??.??' at '?')>
illegal san: 'a1' in rnbqkbnr/pppppppp/8/8/8/8/PPPPPPPP/RNBQKBNR w KQkq - 0 1 while parsing <Game at 0x178ffe59be0 ('?' vs. '?', '????.??.??' at '?')>
illegal san: 'd2' in rnbqkbnr/pppppppp/8/8/8/8/PPPPPPPP/RNBQKBNR w KQkq - 0 1 while parsing <Game at 0x178ffe59d00 ('?' vs. '?', '????.??.??' at '?')>
illegal san: 'a1' in rnbqkbnr/pppppppp/8/8/8/8/PPPPPPPP/RNBQKBNR w KQkq - 0 1 while parsing <Game at 0x178ffe59d00 ('?' vs. '?', '????.??.??' at '?', 1 errors)>
illegal san: 'c1' in rnbqkbnr/pppppppp/8/8/8/8/PPPPPPPP/RNBQKBNR w KQkq - 0 1 while parsing <Game at 0x178ffe59e20 ('?' vs. '?', '????.??.??' at '?')>
illegal san: 'a5' in rnbqkbnr/pppppppp/8/8/8/8/PPPPPPPP/RNBQKBNR w KQkq - 0 1 while parsing <Game at 0x178ffe59f40 ('?' vs. '?', '????.??.??' at '?')>
illegal san: 'ae6' in rnbqkbnr/pppppppp/8/8/8/8/PPPPPPPP/RNBQKBNR w KQkq - 0 1 while parsing <Game at 0x178ffe59eb0 ('?' vs. '?', '????.??.??' at '?')>
invalid san: '*' while parsing <Game at 0x178ffe5a180 ('?' vs. '?', '????.??.??' at '?')>
illegal san: 'g6' in rnbqkbnr/pppppppp/8/8/8/8/PPPPPPPP/RNBQKBNR w KQkq - 0 1 while parsing <Game at 0x178ffe5a210 ('?' vs. '?', '????.??.??' at '?')>
illegal san: 'f2K' in rnbqkbnr/pppppppp/8/8/8/8/PPPPPPPP/RNBQKBNR w KQkq - 0 1 while parsing <Game at 0x178ffe5a3c0 ('?' vs. '?', '????.??.??' at '?')>
illegal san: 'e6' in rnbqkbnr/pppppppp/8/8/8/8/PPPPPPPP/RNBQKBNR w KQkq - 0 1 while parsing <Game at 0x178ffe5a570 ('?' vs. '?', '????.??.??' at '?')>
illegal san: 'f7' in rnbqkbnr/pppppppp/8/8/8/8/PPPPPPPP/RNBQKBNR w KQkq - 0 1 while parsing <Game at 0x178ffe5a450 ('?' vs. '?', '????.??.??' at '?')>
illegal san: 'd6' in rnbqkbnr/pppppppp/8/8/8/8/PPPPPPPP/RNBQKBNR w KQkq - 0 1 while parsing <Game at 0x178ffe5a7b0 ('?' vs. '?', '????.??.??' at '?')>
illegal san: 'g7' in rnbqkbnr/pppppppp/8/8/8/8/PPPPPPPP/RNBQKBNR w KQkq - 0 1 while parsing <Game at 0x178ffe5a960 ('?' vs. '?', '????.??.??' at '?')>
invalid san: '*' while parsing <Game at 0x178ffe5ab10 ('?' vs. '?', '????.??.??' at '?')>
invalid san: '*' while parsing <Game at 0x178ffe5ab10 ('?' vs. '?', '????.??.??' at '?', 1 errors)>
illegal san: 'd7' in rnbqkbnr/pppppppp/8/8/8/8/PPPPPPPP/RNBQKBNR w KQkq - 0 1 while parsing <Game at 0x178ffe5ac30 ('?' vs. '?', '????.??.??' at '?')>
illegal san: 'e5' in rnbqkbnr/pppppppp/8/8/8/8/PPPPPPPP/RNBQKBNR w KQkq - 0 1 while parsing <Game at 0x178ffe5acc0 ('?' vs. '?', '????.??.??' at '?')>
illegal san: 'ca5' in rnbqkbnr/pppppppp/8/8/8/8/PPPPPPPP/RNBQKBNR w KQkq - 0 1 while parsing <Game at 0x178ffe5ae70 ('?' vs. '?', '????.??.??' at '?')>
illegal san: 'd1' in rnbqkbnr/pppppppp/8/8/8/8/PPPPPPPP/RNBQKBNR w KQkq - 0 1 while parsing <Game at 0x178ffe5af90 ('?' vs. '?', '????.??.??' at '?')>
illegal san: 'Kf5' in rnbqkbnr/pppppppp/8/8/8/8/PPPPPPPP/RNBQKBNR w KQkq - 0 1 while parsing <Game at 0x178ffe5b260 ('?' vs. '?', '????.??.??' at '?')>
invalid san: '*' while parsing <Game at 0x178ffe5b380 ('?' vs. '?', '????.??.??' at '?')>
illegal san: 'g5' in rnbqkbnr/pppppppp/8/8/8/8/PPPPPPPP/RNBQKBNR w KQkq - 0 1 while parsing <Game at 0x178ffe5b4a0 ('?' vs. '?', '????.??.??' at '?')>
illegal san: 'b6' in rnbqkbnr/pppppppp/8/8/8/8/PPPPPPPP/RNBQKBNR w KQkq - 0 1 while parsing <Game at 0x178ffe5b530 ('?' vs. '?', '????.??.??' at '?')>
illegal san: 'b2' in rnbqkbnr/pppppppp/8/8/8/8/PPPPPPPP/RNBQKBNR w KQkq - 0 1 while parsing <Game at 0x178ffe5b6e0 ('?' vs. '?', '????.??.??' at '?')>
illegal san: 'h6' in rnbqkbnr/pppppppp/8/8/8/8/PPPPPPPP/RNBQKBNR w KQkq - 0 1 while parsing <Game at 0x178ffe5b800 ('?' vs. '?', '????.??.??' at '?')>
illegal san: 'a7' in rnbqkbnr/pppppppp/8/8/8/8/PPPPPPPP/RNBQKBNR w KQkq - 0 1 while parsing <Game at 0x178ffe5b920 ('?' vs. '?', '????.??.??' at '?')>
illegal san: 'e8' in rnbqkbnr/pppppppp/8/8/8/8/PPPPPPPP/RNBQKBNR w KQkq - 0 1 while parsing <Game at 0x178ffe5ba40 ('?' vs. '?', '????.??.??' at '?')>
invalid san: '*' while parsing <Game at 0x178ffe5ba40 ('?' vs. '?', '????.??.??' at '?', 1 errors)>
illegal san: 'd1' in rnbqkbnr/pppppppp/8/8/8/8/PPPPPPPP/RNBQKBNR w KQkq - 0 1 while parsing <Game at 0x178ffe5ba40 ('?' vs. '?', '????.??.??' at '?', 2 errors)>
illegal san: 'Rb8' in rnbqkbnr/pppppppp/8/8/8/8/PPPPPPPP/RNBQKBNR w KQkq - 0 1 while parsing <Game at 0x178ffe5bb60 ('?' vs. '?', '????.??.??' at '?')>
illegal san: 'a2' in rnbqkbnr/pppppppp/8/8/8/8/PPPPPPPP/RNBQKBNR w KQkq - 0 1 while parsing <Game at 0x178ffe5bbf0 ('?' vs. '?', '????.??.??' at '?')>
illegal san: 'b8' in rnbqkbnr/pppppppp/8/8/8/8/PPPPPPPP/RNBQKBNR w KQkq - 0 1 while parsing <Game at 0x178ffe5bda0 ('?' vs. '?', '????.??.??' at '?')>
illegal san: 'd1' in rnbqkbnr/pppppppp/8/8/8/8/PPPPPPPP/RNBQKBNR w KQkq - 0 1 while parsing <Game at 0x178ffe5be30 ('?' vs. '?', '????.??.??' at '?')>
invalid san: '*' while parsing <Game at 0x178ffe9c050 ('?' vs. '?', '????.??.??' at '?')>
invalid san: '*' while parsing <Game at 0x178ffe9c050 ('?' vs. '?', '????.??.??' at '?', 1 errors)>
illegal san: 'h8' in rnbqkbnr/pppppppp/8/8/8/8/PPPPPPPP/RNBQKBNR w KQkq - 0 1 while parsing <Game at 0x178ffe9c170 ('?' vs. '?', '????.??.??' at '?')>
illegal san: 'a5' in rnbqkbnr/pppppppp/8/8/8/8/PPPPPPPP/RNBQKBNR w KQkq - 0 1 while parsing <Game at 0x178ffe9c200 ('?' vs. '?', '????.??.??' at '?')>
invalid san: '*' while parsing <Game at 0x178ffe9c3b0 ('?' vs. '?', '????.??.??' at '?')>
invalid san: '*' while parsing <Game at 0x178ffe9c3b0 ('?' vs. '?', '????.??.??' at '?', 1 errors)>
illegal san: 'e4' in rnbqkbnr/pppppppp/8/8/6P1/8/PPPPPP1P/RNBQKBNR b KQkq - 0 1 while parsing <Game at 0x178ffe9c4d0 ('?' vs. '?', '????.??.??' at '?')>
illegal san: 'h8' in rnbqkbnr/pppppppp/8/8/8/8/PPPPPPPP/RNBQKBNR w KQkq - 0 1 while parsing <Game at 0x178ffe9c560 ('?' vs. '?', '????.??.??' at '?')>
illegal san: 'f2' in rnbqkbnr/pppppppp/8/8/8/8/PPPPPPPP/RNBQKBNR w KQkq - 0 1 while parsing <Game at 0x178ffe9c710 ('?' vs. '?', '????.??.??' at '?')>
illegal san: 'h2' in rnbqkbnr/pppppppp/8/8/8/8/PPPPPPPP/RNBQKBNR w KQkq - 0 1 while parsing <Game at 0x178ffe9c7a0 ('?' vs. '?', '????.??.??' at '?')>
illegal san: 'c2' in rnbqkbnr/pppppppp/8/8/8/8/PPPPPPPP/RNBQKBNR w KQkq - 0 1 while parsing <Game at 0x178ffe9c950 ('?' vs. '?', '????.??.??' at '?')>
illegal san: '8e5' in rnbqkbnr/pppppppp/8/8/8/8/PPPPPPPP/RNBQKBNR w KQkq - 0 1 while parsing <Game at 0x178ffe9cb00 ('?' vs. '?', '????.??.??' at '?')>
illegal san: 'e5' in rnbqkbnr/pppppppp/8/8/8/8/PPPPPPPP/RNBQKBNR w KQkq - 0 1 while parsing <Game at 0x178ffe9cb90 ('?' vs. '?', '????.??.??' at '?')>
illegal san: 'c5' in rnbqkbnr/pppppppp/8/8/8/8/PPPPPPPP/RNBQKBNR w KQkq - 0 1 while parsing <Game at 0x178ffe9cd40 ('?' vs. '?', '????.??.??' at '?')>
illegal san: 'f2' in rnbqkbnr/pppppppp/8/8/8/8/PPPPPPPP/RNBQKBNR w KQkq - 0 1 while parsing <Game at 0x178ffe9ce60 ('?' vs. '?', '????.??.??' at '?')>
illegal san: 'c8' in rnbqkbnr/pppppppp/8/8/8/8/PPPPPPPP/RNBQKBNR w KQkq - 0 1 while parsing <Game at 0x178ffe9cf80 ('?' vs. '?', '????.??.??' at '?')>
invalid san: '*' while parsing <Game at 0x178ffe9d0a0 ('?' vs. '?', '????.??.??' at '?')>
invalid san: '*' while parsing <Game at 0x178ffe9d0a0 ('?' vs. '?', '????.??.??' at '?', 1 errors)>
illegal san: 'a5' in rnbqkbnr/pppppppp/8/8/8/8/PPPPPPPP/RNBQKBNR w KQkq - 0 1 while parsing <Game at 0x178ffe9d1c0 ('?' vs. '?', '????.??.??' at '?')>
illegal san: '7e6' in rnbqkbnr/pppppppp/8/8/8/8/PPPPPPPP/RNBQKBNR w KQkq - 0 1 while parsing <Game at 0x178ffe9d1c0 ('?' vs. '?', '????.??.??' at '?', 1 errors)>
illegal san: 'f5' in rnbqkbnr/pppppppp/8/8/8/8/PPPPPPPP/RNBQKBNR w KQkq - 0 1 while parsing <Game at 0x178ffe9d2e0 ('?' vs. '?', '????.??.??' at '?')>
invalid san: '*' while parsing <Game at 0x178ffe9d370 ('?' vs. '?', '????.??.??' at '?')>
illegal san: 'a7' in rnbqkbnr/pppppppp/8/8/8/8/PPPPPPPP/RNBQKBNR w KQkq - 0 1 while parsing <Game at 0x178ffe9d520 ('?' vs. '?', '????.??.??' at '?')>
illegal san: 'f2' in rnbqkbnr/pppppppp/8/8/8/8/PPPPPPPP/RNBQKBNR w KQkq - 0 1 while parsing <Game at 0x178ffe9d640 ('?' vs. '?', '????.??.??' at '?')>
illegal san: 'ce5' in rnbqkbnr/pppppppp/8/8/1P6/8/P1PPPPPP/RNBQKBNR b KQkq - 0 1 while parsing <Game at 0x178ffe9d760 ('?' vs. '?', '????.??.??' at '?')>
illegal san: 'hg3' in rnbqkbnr/pppppppp/8/8/8/8/PPPPPPPP/RNBQKBNR w KQkq - 0 1 while parsing <Game at 0x178ffe9d910 ('?' vs. '?', '????.??.??' at '?')>
illegal san: 'e7' in rnbqkbnr/pppppppp/8/8/8/8/PPPPPPPP/RNBQKBNR w KQkq - 0 1 while parsing <Game at 0x178ffe9da30 ('?' vs. '?', '????.??.??' at '?')>
illegal san: 'b7' in rnbqkbnr/pppppppp/8/8/8/8/PPPPPPPP/RNBQKBNR w KQkq - 0 1 while parsing <Game at 0x178ffe9dac0 ('?' vs. '?', '????.??.??' at '?')>
illegal san: 'g5' in rnbqkbnr/pppppppp/8/8/8/8/PPPPPPPP/RNBQKBNR w KQkq - 0 1 while parsing <Game at 0x178ffe9dc70 ('?' vs. '?', '????.??.??' at '?')>
illegal san: 'a2' in rnbqkbnr/pppppppp/8/8/8/8/PPPPPPPP/RNBQKBNR w KQkq - 0 1 while parsing <Game at 0x178ffe9de20 ('?' vs. '?', '????.??.??' at '?')>
illegal san: 'c7' in rnbqkbnr/pppppppp/8/8/8/8/PPPPPPPP/RNBQKBNR w KQkq - 0 1 while parsing <Game at 0x178ffe9deb0 ('?' vs. '?', '????.??.??' at '?')>
illegal san: 'c2' in rnbqkbnr/pppppppp/8/8/8/8/PPPPPPPP/RNBQKBNR w KQkq - 0 1 while parsing <Game at 0x178ffe9df40 ('?' vs. '?', '????.??.??' at '?')>
illegal san: 'd1' in rnbqkbnr/pppppppp/8/8/8/8/PPPPPPPP/RNBQKBNR w KQkq - 0 1 while parsing <Game at 0x178ffe9e0f0 ('?' vs. '?', '????.??.??' at '?')>
illegal san: 'c5' in rnbqkbnr/pppppppp/8/8/8/8/PPPPPPPP/RNBQKBNR w KQkq - 0 1 while parsing <Game at 0x178ffe9e210 ('?' vs. '?', '????.??.??' at '?')>
illegal san: 'e6' in rnbqkbnr/pppppppp/8/8/8/8/PPPPPPPP/RNBQKBNR w KQkq - 0 1 while parsing <Game at 0x178ffe9e330 ('?' vs. '?', '????.??.??' at '?')>
illegal san: 'bc3' in rnbqkbnr/pppppppp/8/8/8/8/PPPPPPPP/RNBQKBNR w KQkq - 0 1 while parsing <Game at 0x178ffe9e450 ('?' vs. '?', '????.??.??' at '?')>
invalid san: '*' while parsing <Game at 0x178ffe9e570 ('?' vs. '?', '????.??.??' at '?')>
invalid san: '*' while parsing <Game at 0x178ffe9e570 ('?' vs. '?', '????.??.??' at '?', 1 errors)>
invalid san: '*' while parsing <Game at 0x178ffe9e570 ('?' vs. '?', '????.??.??' at '?', 2 errors)>
illegal san: 'fc7' in rnbqkbnr/pppppppp/8/8/8/8/PPPPPPPP/RNBQKBNR w KQkq - 0 1 while parsing <Game at 0x178ffe9e600 ('?' vs. '?', '????.??.??' at '?')>
invalid san: '*' while parsing <Game at 0x178ffe9e7b0 ('?' vs. '?', '????.??.??' at '?')>
invalid san: '*' while parsing <Game at 0x178ffe9e7b0 ('?' vs. '?', '????.??.??' at '?', 1 errors)>
invalid san: '*' while parsing <Game at 0x178ffe9e7b0 ('?' vs. '?', '????.??.??' at '?', 2 errors)>
illegal san: 'f7' in rnbqkbnr/pppppppp/8/8/8/8/PPPPPPPP/RNBQKBNR w KQkq - 0 1 while parsing <Game at 0x178ffe9e9f0 ('?' vs. '?', '????.??.??' at '?')>
illegal san: 'h8' in rnbqkbnr/pppppppp/8/8/8/8/PPPPPPPP/RNBQKBNR w KQkq - 0 1 while parsing <Game at 0x178ffe9eb10 ('?' vs. '?', '????.??.??' at '?')>
illegal san: 'g5' in rnbqkbnr/pppppppp/8/8/8/8/PPPPPPPP/RNBQKBNR w KQkq - 0 1 while parsing <Game at 0x178ffe9ecc0 ('?' vs. '?', '????.??.??' at '?')>
invalid san: '*' while parsing <Game at 0x178ffe9ede0 ('?' vs. '?', '????.??.??' at '?')>
illegal san: 'g1' in rnbqkbnr/pppppppp/8/8/8/8/PPPPPPPP/RNBQKBNR w KQkq - 0 1 while parsing <Game at 0x178ffe9ef00 ('?' vs. '?', '????.??.??' at '?')>
illegal san: 'h1' in rnbqkbnr/pppppppp/8/8/8/8/PPPPPPPP/RNBQKBNR w KQkq - 0 1 while parsing <Game at 0x178ffe9f020 ('?' vs. '?', '????.??.??' at '?')>
illegal san: 'f6' in rnbqkbnr/pppppppp/8/8/8/8/PPPPPPPP/RNBQKBNR w KQkq - 0 1 while parsing <Game at 0x178ffe9f140 ('?' vs. '?', '????.??.??' at '?')>
illegal san: 'a2' in rnbqkbnr/pppppppp/8/8/8/8/PPPPPPPP/RNBQKBNR w KQkq - 0 1 while parsing <Game at 0x178ffe9f260 ('?' vs. '?', '????.??.??' at '?')>
invalid san: '*' while parsing <Game at 0x178ffe9f530 ('?' vs. '?', '????.??.??' at '?')>
invalid san: '*' while parsing <Game at 0x178ffe9f530 ('?' vs. '?', '????.??.??' at '?', 1 errors)>
invalid san: '*' while parsing <Game at 0x178ffe9f4a0 ('?' vs. '?', '????.??.??' at '?')>
invalid san: '*' while parsing <Game at 0x178ffe9f4a0 ('?' vs. '?', '????.??.??' at '?', 1 errors)>
illegal san: 'a7' in rnbqkbnr/pppppppp/8/8/8/8/PPPPPPPP/RNBQKBNR w KQkq - 0 1 while parsing <Game at 0x178ffe9f650 ('?' vs. '?', '????.??.??' at '?')>
illegal san: 'a2' in rnbqkbnr/pppppppp/8/8/8/8/PPPPPPPP/RNBQKBNR w KQkq - 0 1 while parsing <Game at 0x178ffe9f800 ('?' vs. '?', '????.??.??' at '?')>
invalid san: '*' while parsing <Game at 0x178ffe9f920 ('?' vs. '?', '????.??.??' at '?')>
invalid san: '*' while parsing <Game at 0x178ffe9f920 ('?' vs. '?', '????.??.??' at '?', 1 errors)>
illegal san: 'f7' in rnbqkbnr/pppppppp/8/8/8/8/PPPPPPPP/RNBQKBNR w KQkq - 0 1 while parsing <Game at 0x178ffe9fad0 ('?' vs. '?', '????.??.??' at '?')>
illegal san: 'e5' in rnbqkbnr/pppppppp/8/8/8/8/PPPPPPPP/RNBQKBNR w KQkq - 0 1 while parsing <Game at 0x178ffe9fbf0 ('?' vs. '?', '????.??.??' at '?')>
illegal san: 'c6' in rnbqkbnr/pppppppp/8/8/8/8/PPPPPPPP/RNBQKBNR w KQkq - 0 1 while parsing <Game at 0x178ffe9fd10 ('?' vs. '?', '????.??.??' at '?')>
illegal san: 'e8' in rnbqkbnr/pppppppp/8/8/8/8/PPPPPPPP/RNBQKBNR w KQkq - 0 1 while parsing <Game at 0x178ffe9fec0 ('?' vs. '?', '????.??.??' at '?')>
illegal san: 'h8' in rnbqkbnr/pppppppp/8/8/8/8/PPPPPPPP/RNBQKBNR w KQkq - 0 1 while parsing <Game at 0x178ffee40e0 ('?' vs. '?', '????.??.??' at '?')>
illegal san: 'd8' in rnbqkbnr/pppppppp/8/8/8/8/PPPPPPPP/RNBQKBNR w KQkq - 0 1 while parsing <Game at 0x178ffee4200 ('?' vs. '?', '????.??.??' at '?')>
illegal san: 'e5' in rnbqkbnr/pppppppp/8/8/8/8/PPPPPPPP/RNBQKBNR w KQkq - 0 1 while parsing <Game at 0x178ffee4320 ('?' vs. '?', '????.??.??' at '?')>
illegal san: 'Rb8' in rnbqkbnr/pppppppp/8/8/8/8/PPPPPPPP/RNBQKBNR w KQkq - 0 1 while parsing <Game at 0x178ffee44d0 ('?' vs. '?', '????.??.??' at '?')>
illegal san: 'Qb7' in rnbqkbnr/pppppppp/8/8/8/8/PPPPPPPP/RNBQKBNR w KQkq - 0 1 while parsing <Game at 0x178ffee4560 ('?' vs. '?', '????.??.??' at '?')>
illegal san: 'Ke4' in rnbqkbnr/pppppppp/8/8/8/8/PPPPPPPP/RNBQKBNR w KQkq - 0 1 while parsing <Game at 0x178ffee4680 ('?' vs. '?', '????.??.??' at '?')>
illegal san: '6f2' in rnbqkbnr/pppppppp/8/8/8/8/PPPPPPPP/RNBQKBNR w KQkq - 0 1 while parsing <Game at 0x178ffee4830 ('?' vs. '?', '????.??.??' at '?')>
illegal san: 'dg2' in rnbqkbnr/pppppppp/8/8/8/8/PPPPPPPP/RNBQKBNR w KQkq - 0 1 while parsing <Game at 0x178ffee4950 ('?' vs. '?', '????.??.??' at '?')>
invalid san: '*' while parsing <Game at 0x178ffee4a70 ('?' vs. '?', '????.??.??' at '?')>
invalid san: '*' while parsing <Game at 0x178ffee4b90 ('?' vs. '?', '????.??.??' at '?')>
illegal san: 'a5' in rnbqkbnr/pppppppp/8/8/8/8/PPPPPPPP/RNBQKBNR w KQkq - 0 1 while parsing <Game at 0x178ffee4c20 ('?' vs. '?', '????.??.??' at '?')>
illegal san: 'd5' in rnbqkbnr/pppppppp/8/8/8/8/PPPPPPPP/RNBQKBNR w KQkq - 0 1 while parsing <Game at 0x178ffee4ef0 ('?' vs. '?', '????.??.??' at '?')>
illegal san: 'b2' in rnbqkbnr/pppppppp/8/8/8/8/PPPPPPPP/RNBQKBNR w KQkq - 0 1 while parsing <Game at 0x178ffee4ef0 ('?' vs. '?', '????.??.??' at '?', 1 errors)>
illegal san: 'd7' in rnbqkbnr/pppppppp/8/8/8/8/PPPPPPPP/RNBQKBNR w KQkq - 0 1 while parsing <Game at 0x178ffee4f80 ('?' vs. '?', '????.??.??' at '?')>
illegal san: 'g6' in rnbqkbnr/pppppppp/8/8/8/8/PPPPPPPP/RNBQKBNR w KQkq - 0 1 while parsing <Game at 0x178ffee5130 ('?' vs. '?', '????.??.??' at '?')>
illegal san: 'd7' in rnbqkbnr/pppppppp/8/8/8/8/PPPPPPPP/RNBQKBNR w KQkq - 0 1 while parsing <Game at 0x178ffee5250 ('?' vs. '?', '????.??.??' at '?')>
illegal san: 'g6' in rnbqkbnr/pppppppp/8/8/8/8/PPPPPPPP/RNBQKBNR w KQkq - 0 1 while parsing <Game at 0x178ffee5370 ('?' vs. '?', '????.??.??' at '?')>
illegal san: 'd2' in rnbqkbnr/pppppppp/8/8/8/8/PPPPPPPP/RNBQKBNR w KQkq - 0 1 while parsing <Game at 0x178ffee5640 ('?' vs. '?', '????.??.??' at '?')>
illegal san: 'c5' in rnbqkbnr/pppppppp/8/8/8/8/PPPPPPPP/RNBQKBNR w KQkq - 0 1 while parsing <Game at 0x178ffee55b0 ('?' vs. '?', '????.??.??' at '?')>
invalid san: '*' while parsing <Game at 0x178ffee5490 ('?' vs. '?', '????.??.??' at '?')>
illegal san: 'e8' in rnbqkbnr/pppppppp/8/8/8/8/PPPPPPPP/RNBQKBNR w KQkq - 0 1 while parsing <Game at 0x178ffee5490 ('?' vs. '?', '????.??.??' at '?', 1 errors)>
illegal san: 'f2' in rnbqkbnr/pppppppp/8/8/8/8/PPPPPPPP/RNBQKBNR w KQkq - 0 1 while parsing <Game at 0x178ffee5760 ('?' vs. '?', '????.??.??' at '?')>
invalid san: '*' while parsing <Game at 0x178ffee5a30 ('?' vs. '?', '????.??.??' at '?')>
illegal san: 'f1' in rnbqkbnr/pppppppp/8/8/8/8/PPPPPPPP/RNBQKBNR w KQkq - 0 1 while parsing <Game at 0x178ffee5b50 ('?' vs. '?', '????.??.??' at '?')>
invalid san: '*' while parsing <Game at 0x178ffee5c70 ('?' vs. '?', '????.??.??' at '?')>
illegal san: 'a6' in rnbqkbnr/pppppppp/8/8/8/8/PPPPPPPP/RNBQKBNR w KQkq - 0 1 while parsing <Game at 0x178ffee5c70 ('?' vs. '?', '????.??.??' at '?', 1 errors)>
illegal san: 'Qdg3' in rnbqkbnr/pppppppp/8/8/8/8/PPPPPPPP/RNBQKBNR w KQkq - 0 1 while parsing <Game at 0x178ffee5e20 ('?' vs. '?', '????.??.??' at '?')>
invalid san: '*' while parsing <Game at 0x178ffee5eb0 ('?' vs. '?', '????.??.??' at '?')>
invalid san: '*' while parsing <Game at 0x178ffee5eb0 ('?' vs. '?', '????.??.??' at '?', 1 errors)>
illegal san: '1f6' in rnbqkbnr/pppppppp/8/8/4P3/8/PPPP1PPP/RNBQKBNR b KQkq - 0 1 while parsing <Game at 0x178ffee5fd0 ('?' vs. '?', '????.??.??' at '?')>
illegal san: 'c8' in rnbqkbnr/pppppppp/8/8/8/8/PPPPPPPP/RNBQKBNR w KQkq - 0 1 while parsing <Game at 0x178ffee60f0 ('?' vs. '?', '????.??.??' at '?')>
illegal san: 'd1' in rnbqkbnr/pppppppp/8/8/8/8/PPPPPPPP/RNBQKBNR w KQkq - 0 1 while parsing <Game at 0x178ffee6210 ('?' vs. '?', '????.??.??' at '?')>
illegal san: 'Rb8' in rnbqkbnr/pppppppp/8/8/8/8/PPPPPPPP/RNBQKBNR w KQkq - 0 1 while parsing <Game at 0x178ffee6330 ('?' vs. '?', '????.??.??' at '?')>
illegal san: 'd2' in rnbqkbnr/pppppppp/8/8/8/8/PPPPPPPP/RNBQKBNR w KQkq - 0 1 while parsing <Game at 0x178ffee6450 ('?' vs. '?', '????.??.??' at '?')>
illegal san: 'h1' in rnbqkbnr/pppppppp/8/8/8/8/PPPPPPPP/RNBQKBNR w KQkq - 0 1 while parsing <Game at 0x178ffee64e0 ('?' vs. '?', '????.??.??' at '?')>
illegal san: 'b8' in rnbqkbnr/pppppppp/8/8/8/8/PPPPPPPP/RNBQKBNR w KQkq - 0 1 while parsing <Game at 0x178ffee64e0 ('?' vs. '?', '????.??.??' at '?', 1 errors)>
illegal san: 'h8' in rnbqkbnr/pppppppp/8/8/8/8/PPPPPPPP/RNBQKBNR w KQkq - 0 1 while parsing <Game at 0x178ffee6720 ('?' vs. '?', '????.??.??' at '?')>
illegal san: 'c5' in rnbqkbnr/pppppppp/8/8/8/8/PPPPPPPP/RNBQKBNR w KQkq - 0 1 while parsing <Game at 0x178ffee6840 ('?' vs. '?', '????.??.??' at '?')>
illegal san: 'Rb8' in rnbqkbnr/pppppppp/8/8/8/8/PPPPPPPP/RNBQKBNR w KQkq - 0 1 while parsing <Game at 0x178ffee68d0 ('?' vs. '?', '????.??.??' at '?')>
illegal san: 'e6' in rnbqkbnr/pppppppp/8/8/8/8/PPPPPPPP/RNBQKBNR w KQkq - 0 1 while parsing <Game at 0x178ffee6a80 ('?' vs. '?', '????.??.??' at '?')>
invalid san: '*' while parsing <Game at 0x178ffee6ba0 ('?' vs. '?', '????.??.??' at '?')>
illegal san: 'c7' in rnbqkbnr/pppppppp/8/8/8/8/PPPPPPPP/RNBQKBNR w KQkq - 0 1 while parsing <Game at 0x178ffee6c30 ('?' vs. '?', '????.??.??' at '?')>
invalid san: '*' while parsing <Game at 0x178ffee6de0 ('?' vs. '?', '????.??.??' at '?')>
illegal san: 'a1' in rnbqkbnr/pppppppp/8/8/8/8/PPPPPPPP/RNBQKBNR w KQkq - 0 1 while parsing <Game at 0x178ffee6f00 ('?' vs. '?', '????.??.??' at '?')>
illegal san: 'b1' in rnbqkbnr/pppppppp/8/8/8/8/PPPPPPPP/RNBQKBNR w KQkq - 0 1 while parsing <Game at 0x178ffee7020 ('?' vs. '?', '????.??.??' at '?')>
invalid san: '*' while parsing <Game at 0x178ffee7140 ('?' vs. '?', '????.??.??' at '?')>
invalid san: '*' while parsing <Game at 0x178ffee71d0 ('?' vs. '?', '????.??.??' at '?')>
invalid san: '*' while parsing <Game at 0x178ffee7410 ('?' vs. '?', '????.??.??' at '?')>
illegal san: 'd7' in rnbqkbnr/pppppppp/8/8/8/8/PPPPPPPP/RNBQKBNR w KQkq - 0 1 while parsing <Game at 0x178ffee75c0 ('?' vs. '?', '????.??.??' at '?')>
illegal san: 'b6' in rnbqkbnr/pppppppp/8/8/8/8/PPPPPPPP/RNBQKBNR w KQkq - 0 1 while parsing <Game at 0x178ffee7650 ('?' vs. '?', '????.??.??' at '?')>
illegal san: 'd5' in rnbqkbnr/pppppppp/8/8/8/8/PPPPPPPP/RNBQKBNR w KQkq - 0 1 while parsing <Game at 0x178ffee7650 ('?' vs. '?', '????.??.??' at '?', 1 errors)>
illegal san: 'g5' in rnbqkbnr/pppppppp/8/8/8/8/PPPPPPPP/RNBQKBNR w KQkq - 0 1 while parsing <Game at 0x178ffee7800 ('?' vs. '?', '????.??.??' at '?')>
invalid san: '*' while parsing <Game at 0x178ffee7890 ('?' vs. '?', '????.??.??' at '?')>
invalid san: '*' while parsing <Game at 0x178ffee7890 ('?' vs. '?', '????.??.??' at '?', 1 errors)>
illegal san: 'Rb8' in rnbqkbnr/pppppppp/8/8/8/8/PPPPPPPP/RNBQKBNR w KQkq - 0 1 while parsing <Game at 0x178ffee7a40 ('?' vs. '?', '????.??.??' at '?')>
illegal san: 'd8' in rnbqkbnr/pppppppp/8/8/8/8/PPPPPPPP/RNBQKBNR w KQkq - 0 1 while parsing <Game at 0x178ffee7b60 ('?' vs. '?', '????.??.??' at '?')>
illegal san: 'g5' in rnbqkbnr/pppppppp/8/8/8/8/PPPPPPPP/RNBQKBNR w KQkq - 0 1 while parsing <Game at 0x178ffee7c80 ('?' vs. '?', '????.??.??' at '?')>
illegal san: 'h2' in rnbqkbnr/pppppppp/8/8/8/8/PPPPPPPP/RNBQKBNR w KQkq - 0 1 while parsing <Game at 0x178ffee7c80 ('?' vs. '?', '????.??.??' at '?', 1 errors)>
illegal san: 'c8' in rnbqkbnr/pppppppp/8/8/8/8/PPPPPPPP/RNBQKBNR w KQkq - 0 1 while parsing <Game at 0x178ffee7e30 ('?' vs. '?', '????.??.??' at '?')>
invalid san: '*' while parsing <Game at 0x178ffee7f50 ('?' vs. '?', '????.??.??' at '?')>
invalid san: '*' while parsing <Game at 0x178ffee7f50 ('?' vs. '?', '????.??.??' at '?', 1 errors)>
invalid san: '*' while parsing <Game at 0x178ffee7f50 ('?' vs. '?', '????.??.??' at '?', 2 errors)>
illegal san: 'a3' in rnbqkbnr/pppppppp/8/8/5P2/8/PPPPP1PP/RNBQKBNR b KQkq - 0 1 while parsing <Game at 0x178fff340e0 ('?' vs. '?', '????.??.??' at '?')>
illegal san: 'g8' in rnbqkbnr/pppppppp/8/8/8/8/PPPPPPPP/RNBQKBNR w KQkq - 0 1 while parsing <Game at 0x178fff34170 ('?' vs. '?', '????.??.??' at '?')>
illegal san: 'b2' in rnbqkbnr/pppppppp/8/8/8/8/PPPPPPPP/RNBQKBNR w KQkq - 0 1 while parsing <Game at 0x178fff34320 ('?' vs. '?', '????.??.??' at '?')>
invalid san: '*' while parsing <Game at 0x178fff343b0 ('?' vs. '?', '????.??.??' at '?')>
invalid san: '*' while parsing <Game at 0x178fff343b0 ('?' vs. '?', '????.??.??' at '?', 1 errors)>
invalid san: '*' while parsing <Game at 0x178fff343b0 ('?' vs. '?', '????.??.??' at '?', 2 errors)>
illegal san: 'bb6' in rnbqkbnr/pppppppp/8/8/8/8/PPPPPPPP/RNBQKBNR w KQkq - 0 1 while parsing <Game at 0x178fff345f0 ('?' vs. '?', '????.??.??' at '?')>
illegal san: 'h2b' in rnbqkbnr/pppppppp/8/8/8/8/PPPPPPPP/RNBQKBNR w KQkq - 0 1 while parsing <Game at 0x178fff34680 ('?' vs. '?', '????.??.??' at '?')>
illegal san: 'h8' in rnbqkbnr/pppppppp/8/8/8/8/PPPPPPPP/RNBQKBNR w KQkq - 0 1 while parsing <Game at 0x178fff347a0 ('?' vs. '?', '????.??.??' at '?')>
illegal san: 'd2' in rnbqkbnr/pppppppp/8/8/8/8/PPPPPPPP/RNBQKBNR w KQkq - 0 1 while parsing <Game at 0x178fff348c0 ('?' vs. '?', '????.??.??' at '?')>
illegal san: 'c5' in rnbqkbnr/pppppppp/8/8/8/8/PPPPPPPP/RNBQKBNR w KQkq - 0 1 while parsing <Game at 0x178fff349e0 ('?' vs. '?', '????.??.??' at '?')>
illegal san: 'b7' in rnbqkbnr/pppppppp/8/8/8/8/PPPPPPPP/RNBQKBNR w KQkq - 0 1 while parsing <Game at 0x178fff34b00 ('?' vs. '?', '????.??.??' at '?')>
illegal san: 'h3q' in rnbqkbnr/pppppppp/8/8/8/8/PPPPPPPP/RNBQKBNR w KQkq - 0 1 while parsing <Game at 0x178fff34c20 ('?' vs. '?', '????.??.??' at '?')>
illegal san: 'g5' in rnbqkbnr/pppppppp/8/8/8/8/PPPPPPPP/RNBQKBNR w KQkq - 0 1 while parsing <Game at 0x178fff34dd0 ('?' vs. '?', '????.??.??' at '?')>
illegal san: 'b2' in rnbqkbnr/pppppppp/8/8/8/8/PPPPPPPP/RNBQKBNR w KQkq - 0 1 while parsing <Game at 0x178fff34ef0 ('?' vs. '?', '????.??.??' at '?')>
invalid san: '*' while parsing <Game at 0x178fff35010 ('?' vs. '?', '????.??.??' at '?')>
invalid san: '*' while parsing <Game at 0x178fff35130 ('?' vs. '?', '????.??.??' at '?')>
invalid san: '*' while parsing <Game at 0x178fff35130 ('?' vs. '?', '????.??.??' at '?', 1 errors)>
illegal san: 'f1' in rnbqkbnr/pppppppp/8/8/8/8/PPPPPPPP/RNBQKBNR w KQkq - 0 1 while parsing <Game at 0x178fff35250 ('?' vs. '?', '????.??.??' at '?')>
illegal san: 'c7' in rnbqkbnr/pppppppp/8/8/8/1P6/P1PPPPPP/RNBQKBNR b KQkq - 0 1 while parsing <Game at 0x178fff352e0 ('?' vs. '?', '????.??.??' at '?')>
illegal san: 'e5' in rnbqkbnr/pppppppp/8/8/8/8/PPPPPPPP/RNBQKBNR w KQkq - 0 1 while parsing <Game at 0x178fff35520 ('?' vs. '?', '????.??.??' at '?')>
illegal san: 'd1' in rnbqkbnr/pppppppp/8/8/8/8/PPPPPPPP/RNBQKBNR w KQkq - 0 1 while parsing <Game at 0x178fff35640 ('?' vs. '?', '????.??.??' at '?')>
illegal san: 'd7' in rnbqkbnr/pppppppp/8/8/8/8/PPPPPPPP/RNBQKBNR w KQkq - 0 1 while parsing <Game at 0x178fff35760 ('?' vs. '?', '????.??.??' at '?')>
invalid san: '*' while parsing <Game at 0x178fff35880 ('?' vs. '?', '????.??.??' at '?')>
illegal san: 'c1' in rnbqkbnr/pppppppp/8/8/8/8/PPPPPPPP/RNBQKBNR w KQkq - 0 1 while parsing <Game at 0x178fff35880 ('?' vs. '?', '????.??.??' at '?', 1 errors)>
illegal san: 'c5' in rnbqkbnr/pppppppp/8/8/8/8/PPPPPPPP/RNBQKBNR w KQkq - 0 1 while parsing <Game at 0x178fff359a0 ('?' vs. '?', '????.??.??' at '?')>
illegal san: 'd1' in rnbqkbnr/pppppppp/8/8/8/8/PPPPPPPP/RNBQKBNR w KQkq - 0 1 while parsing <Game at 0x178fff35ac0 ('?' vs. '?', '????.??.??' at '?')>
illegal san: 'h5' in rnbqkbnr/pppppppp/8/8/8/8/PPPPPPPP/RNBQKBNR w KQkq - 0 1 while parsing <Game at 0x178fff35ac0 ('?' vs. '?', '????.??.??' at '?', 1 errors)>
invalid san: '*' while parsing <Game at 0x178fff35c70 ('?' vs. '?', '????.??.??' at '?')>
illegal san: 'a5' in rnbqkbnr/pppppppp/8/8/8/8/PPPPPPPP/RNBQKBNR w KQkq - 0 1 while parsing <Game at 0x178fff35d90 ('?' vs. '?', '????.??.??' at '?')>
illegal san: 'e7' in rnbqkbnr/pppppppp/8/8/8/8/PPPPPPPP/RNBQKBNR w KQkq - 0 1 while parsing <Game at 0x178fff35eb0 ('?' vs. '?', '????.??.??' at '?')>
illegal san: 'd1' in rnbqkbnr/pppppppp/8/8/8/8/PPPPPPPP/RNBQKBNR w KQkq - 0 1 while parsing <Game at 0x178fff35fd0 ('?' vs. '?', '????.??.??' at '?')>
illegal san: 'a8' in rnbqkbnr/pppppppp/8/8/8/8/PPPPPPPP/RNBQKBNR w KQkq - 0 1 while parsing <Game at 0x178fff35fd0 ('?' vs. '?', '????.??.??' at '?', 1 errors)>
illegal san: 'Qh5' in rnbqkbnr/pppppppp/8/8/8/8/PPPPPPPP/RNBQKBNR w KQkq - 0 1 while parsing <Game at 0x178fff36060 ('?' vs. '?', '????.??.??' at '?')>
illegal san: 'a7' in rnbqkbnr/pppppppp/8/8/8/8/PPPPPPPP/RNBQKBNR w KQkq - 0 1 while parsing <Game at 0x178fff36060 ('?' vs. '?', '????.??.??' at '?', 1 errors)>
illegal san: 'h7' in rnbqkbnr/pppppppp/8/8/8/8/PPPPPPPP/RNBQKBNR w KQkq - 0 1 while parsing <Game at 0x178fff360f0 ('?' vs. '?', '????.??.??' at '?')>
illegal san: 'f5' in rnbqkbnr/pppppppp/8/8/8/8/PPPPPPPP/RNBQKBNR w KQkq - 0 1 while parsing <Game at 0x178fff36330 ('?' vs. '?', '????.??.??' at '?')>
illegal san: 'Nb4' in rnbqkbnr/pppppppp/8/8/8/8/PPPPPPPP/RNBQKBNR w KQkq - 0 1 while parsing <Game at 0x178fff36450 ('?' vs. '?', '????.??.??' at '?')>
illegal san: 'd8' in rnbqkbnr/pppppppp/8/8/8/8/PPPPPPPP/RNBQKBNR w KQkq - 0 1 while parsing <Game at 0x178fff36570 ('?' vs. '?', '????.??.??' at '?')>
illegal san: 'e8r' in rnbqkbnr/pppppppp/8/8/8/8/PPPPPPPP/RNBQKBNR w KQkq - 0 1 while parsing <Game at 0x178fff36600 ('?' vs. '?', '????.??.??' at '?')>
illegal san: 'b5' in rnbqkbnr/pppppppp/8/8/8/8/PPPPPPPP/RNBQKBNR w KQkq - 0 1 while parsing <Game at 0x178fff367b0 ('?' vs. '?', '????.??.??' at '?')>
illegal san: 'b8' in rnbqkbnr/pppppppp/8/8/8/8/PPPPPPPP/RNBQKBNR w KQkq - 0 1 while parsing <Game at 0x178fff36960 ('?' vs. '?', '????.??.??' at '?')>
illegal san: 'b1' in rnbqkbnr/pppppppp/8/8/8/8/PPPPPPPP/RNBQKBNR w KQkq - 0 1 while parsing <Game at 0x178fff36a80 ('?' vs. '?', '????.??.??' at '?')>
illegal san: 'e7' in rnbqkbnr/pppppppp/8/8/8/8/PPPPPPPP/RNBQKBNR w KQkq - 0 1 while parsing <Game at 0x178fff36a80 ('?' vs. '?', '????.??.??' at '?', 1 errors)>
illegal san: 'a5' in rnbqkbnr/pppppppp/8/8/8/8/PPPPPPPP/RNBQKBNR w KQkq - 0 1 while parsing <Game at 0x178fff36ba0 ('?' vs. '?', '????.??.??' at '?')>
invalid san: '*' while parsing <Game at 0x178fff36cc0 ('?' vs. '?', '????.??.??' at '?')>
illegal san: 'b8' in rnbqkbnr/pppppppp/8/8/8/8/PPPPPPPP/RNBQKBNR w KQkq - 0 1 while parsing <Game at 0x178fff36e70 ('?' vs. '?', '????.??.??' at '?')>
invalid san: '*' while parsing <Game at 0x178fff36f90 ('?' vs. '?', '????.??.??' at '?')>
illegal san: 'a4' in rnbqkbnr/pppppppp/8/8/1P6/8/P1PPPPPP/RNBQKBNR b KQkq - 0 1 while parsing <Game at 0x178fff36f90 ('?' vs. '?', '????.??.??' at '?', 1 errors)>
illegal san: 'b6' in rnbqkbnr/pppppppp/8/8/8/8/PPPPPPPP/RNBQKBNR w KQkq - 0 1 while parsing <Game at 0x178fff37140 ('?' vs. '?', '????.??.??' at '?')>
illegal san: 'g7' in rnbqkbnr/pppppppp/8/8/8/8/PPPPPPPP/RNBQKBNR w KQkq - 0 1 while parsing <Game at 0x178fff371d0 ('?' vs. '?', '????.??.??' at '?')>
illegal san: '6g4' in rnbqkbnr/pppppppp/8/8/8/8/PPPPPPPP/RNBQKBNR b KQkq - 1 1 while parsing <Game at 0x178fff37380 ('?' vs. '?', '????.??.??' at '?')>
invalid san: '*' while parsing <Game at 0x178fff37380 ('?' vs. '?', '????.??.??' at '?', 1 errors)>
illegal san: 'c8N' in rnbqkbnr/pppppppp/8/8/8/8/PPPPPPPP/RNBQKBNR w KQkq - 0 1 while parsing <Game at 0x178fff374a0 ('?' vs. '?', '????.??.??' at '?')>
illegal san: 'c6' in rnbqkbnr/pppppppp/8/8/8/8/PPPPPPPP/RNBQKBNR w KQkq - 0 1 while parsing <Game at 0x178fff375c0 ('?' vs. '?', '????.??.??' at '?')>
illegal san: 'a8R' in rnbqkbnr/pppppppp/8/8/8/8/PPPPPPPP/RNBQKBNR w KQkq - 0 1 while parsing <Game at 0x178fff37770 ('?' vs. '?', '????.??.??' at '?')>
illegal san: 'c1' in rnbqkbnr/pppppppp/8/8/8/8/PPPPPPPP/RNBQKBNR w KQkq - 0 1 while parsing <Game at 0x178fff37920 ('?' vs. '?', '????.??.??' at '?')>
illegal san: 'h1' in rnbqkbnr/pppppppp/8/8/8/8/PPPPPPPP/RNBQKBNR w KQkq - 0 1 while parsing <Game at 0x178fff379b0 ('?' vs. '?', '????.??.??' at '?')>
invalid san: '*' while parsing <Game at 0x178fff37ad0 ('?' vs. '?', '????.??.??' at '?')>
invalid san: '*' while parsing <Game at 0x178fff37ad0 ('?' vs. '?', '????.??.??' at '?', 1 errors)>
invalid san: '*' while parsing <Game at 0x178fff37bf0 ('?' vs. '?', '????.??.??' at '?')>
illegal san: 'a5' in rnbqkbnr/pppppppp/8/8/8/8/PPPPPPPP/RNBQKBNR w KQkq - 0 1 while parsing <Game at 0x178fff37e30 ('?' vs. '?', '????.??.??' at '?')>
illegal san: 'a2' in rnbqkbnr/pppppppp/8/8/8/8/PPPPPPPP/RNBQKBNR w KQkq - 0 1 while parsing <Game at 0x178fff37da0 ('?' vs. '?', '????.??.??' at '?')>
illegal san: 'b6' in rnbqkbnr/pppppppp/8/8/8/8/PPPPPPPP/RNBQKBNR w KQkq - 0 1 while parsing <Game at 0x178fff90050 ('?' vs. '?', '????.??.??' at '?')>
illegal san: '8f8' in rnbqkbnr/pppppppp/8/8/8/8/PPPPPPPP/RNBQKBNR w KQkq - 0 1 while parsing <Game at 0x178fff90170 ('?' vs. '?', '????.??.??' at '?')>
illegal san: 'a5' in rnbqkbnr/pppppppp/8/8/8/8/PPPPPPPP/RNBQKBNR w KQkq - 0 1 while parsing <Game at 0x178fff903b0 ('?' vs. '?', '????.??.??' at '?')>
illegal san: 'hc5' in rnbqkbnr/pppppppp/8/8/8/8/PPPPPPPP/RNBQKBNR w KQkq - 0 1 while parsing <Game at 0x178fff903b0 ('?' vs. '?', '????.??.??' at '?', 1 errors)>
illegal san: 'a7' in rnbqkbnr/pppppppp/8/8/8/6P1/PPPPPP1P/RNBQKBNR b KQkq - 0 1 while parsing <Game at 0x178fff904d0 ('?' vs. '?', '????.??.??' at '?')>
illegal san: 'h6' in rnbqkbnr/pppppppp/8/8/8/8/PPPPPPPP/RNBQKBNR w KQkq - 0 1 while parsing <Game at 0x178fff905f0 ('?' vs. '?', '????.??.??' at '?')>
illegal san: 'xg8' in rnbqkbnr/pppppppp/8/8/8/8/PPPPPPPP/RNBQKBNR w KQkq - 0 1 while parsing <Game at 0x178fff90710 ('?' vs. '?', '????.??.??' at '?')>
illegal san: 'h8' in rnbqkbnr/pppppppp/8/8/6P1/8/PPPPPP1P/RNBQKBNR b KQkq - 0 1 while parsing <Game at 0x178fff908c0 ('?' vs. '?', '????.??.??' at '?')>
illegal san: 'e5' in rnbqkbnr/pppppppp/8/8/8/8/PPPPPPPP/RNBQKBNR w KQkq - 0 1 while parsing <Game at 0x178fff90950 ('?' vs. '?', '????.??.??' at '?')>
illegal san: 'c8' in rnbqkbnr/pppppppp/8/8/8/8/PPPPPPPP/RNBQKBNR w KQkq - 0 1 while parsing <Game at 0x178fff90950 ('?' vs. '?', '????.??.??' at '?', 1 errors)>
illegal san: 'f7' in rnbqkbnr/pppppppp/8/8/8/8/PPPPPPPP/RNBQKBNR w KQkq - 0 1 while parsing <Game at 0x178fff90a70 ('?' vs. '?', '????.??.??' at '?')>
2026-08-03 22:27:27.528680
Traceback (most recent call last):
  File "Code\Databases\WDB_Games.py", line 1558, in tw_themes
UnboundLocalError: cannot access local variable 'QTMessages' where it is not associated with a value
2026-08-03 22:37:36.747335
Traceback (most recent call last):
  File "Code\Databases\WDB_Games.py", line 1568, in tw_themes
UnboundLocalError: cannot access local variable 'QTMessages' where it is not associated with a value
2026-08-03 22:38:28.243819
Traceback (most recent call last):
  File "Code\Databases\WDB_Games.py", line 1568, in tw_themes
UnboundLocalError: cannot access local variable 'QTMessages' where it is not associated with a value
2026-08-03 22:44:13.898218
Traceback (most recent call last):
  File "Code\Databases\WDB_Games.py", line 1568, in tw_themes
UnboundLocalError: cannot access local variable 'QTMessages' where it is not associated with a value
2026-08-03 23:05:55.679383
Traceback (most recent call last):
  File "Code\Main\WindowWelcome.py", line 165, in action_databases
  File "Code\Databases\WDatabase.py", line 46, in __init__
  File "Code\Databases\WDB_Players.py", line 194, in __init__
AttributeError: 'LB' object has no attribute 'set_imagen'. Did you mean: 'put_image'?
2026-08-03 23:06:05.739156
Traceback (most recent call last):
  File "Code\Main\WBase.py", line 459, in run_action
  File "Code\Procesador.py", line 471, in run_action
  File "Code\Procesador.py", line 428, in menu_tools
  File "Code\Menus\BaseMenu.py", line 139, in run
  File "Code\Menus\ToolsMenu.py", line 66, in run_select
  File "Code\Menus\ToolsMenuRun.py", line 38, in run
  File "Code\Menus\ToolsMenuRun.py", line 87, in database
  File "Code\Databases\WDatabase.py", line 46, in __init__
  File "Code\Databases\WDB_Players.py", line 194, in __init__
AttributeError: 'LB' object has no attribute 'set_imagen'. Did you mean: 'put_image'?
2026-08-03 23:16:08.453937
Traceback (most recent call last):
  File "Code\Main\WindowWelcome.py", line 165, in action_databases
  File "Code\Databases\WDatabase.py", line 46, in __init__
  File "Code\Databases\WDB_Players.py", line 194, in __init__
  File "Code\QT\Controles.py", line 448, in put_image
TypeError: 'PySide6.QtWidgets.QLabel.setPixmap' called with wrong argument types:
  PySide6.QtWidgets.QLabel.setPixmap(QIcon)
Supported signatures:
  PySide6.QtWidgets.QLabel.setPixmap(arg__1: PySide6.QtGui.QPixmap | PySide6.QtGui.QImage, /)
2026-08-04 16:20:07.680512
Traceback (most recent call last):
  File "Code\Databases\WDB_Games.py", line 1530, in tw_generate_statistics
  File "Code\Databases\WDB_Games.py", line 1452, in tw_massive_analysis
  File "Code\Analysis\RunAnalysisControl.py", line 726, in lanzar_analisis_masivo
  File "Code\Analysis\RunAnalysisControl.py", line 301, in __init__
  File "Code\Analysis\RunAnalysisControl.py", line 308, in gen_workers
  File "Code\Analysis\RunAnalysisControl.py", line 346, in send_game_worker
  File "Code\Databases\DBgames.py", line 759, in read_game_recno
  File "Code\Databases\DBgames.py", line 770, in read_game_raw
TypeError: startswith first arg must be str or a tuple of str, not bytes
2026-08-08 19:00:33.630607
Traceback (most recent call last):
  File "Code\Databases\WDB_Games.py", line 1530, in tw_generate_statistics
  File "Code\Databases\WDB_Games.py", line 1452, in tw_massive_analysis
  File "Code\Analysis\RunAnalysisControl.py", line 726, in lanzar_analisis_masivo
  File "Code\Analysis\RunAnalysisControl.py", line 301, in __init__
  File "Code\Analysis\RunAnalysisControl.py", line 308, in gen_workers
  File "Code\Analysis\RunAnalysisControl.py", line 346, in send_game_worker
  File "Code\Databases\DBgames.py", line 759, in read_game_recno
  File "Code\Databases\DBgames.py", line 770, in read_game_raw
TypeError: startswith first arg must be str or a tuple of str, not bytes
2026-08-08 19:14:33.691259
Traceback (most recent call last):
  File "Code\Databases\WDB_Games.py", line 1530, in tw_generate_statistics
  File "Code\Databases\WDB_Games.py", line 1452, in tw_massive_analysis
  File "Code\Analysis\RunAnalysisControl.py", line 726, in lanzar_analisis_masivo
  File "Code\Analysis\RunAnalysisControl.py", line 301, in __init__
  File "Code\Analysis\RunAnalysisControl.py", line 308, in gen_workers
  File "Code\Analysis\RunAnalysisControl.py", line 346, in send_game_worker
  File "Code\Databases\DBgames.py", line 759, in read_game_recno
  File "Code\Databases\DBgames.py", line 770, in read_game_raw
TypeError: startswith first arg must be str or a tuple of str, not bytes
2026-08-08 19:21:05.322217
Traceback (most recent call last):
  File "Code\Databases\WDB_Games.py", line 1530, in tw_generate_statistics
  File "Code\Databases\WDB_Games.py", line 1452, in tw_massive_analysis
  File "Code\Analysis\RunAnalysisControl.py", line 726, in lanzar_analisis_masivo
  File "Code\Analysis\RunAnalysisControl.py", line 301, in __init__
  File "Code\Analysis\RunAnalysisControl.py", line 308, in gen_workers
  File "Code\Analysis\RunAnalysisControl.py", line 346, in send_game_worker
  File "Code\Databases\DBgames.py", line 759, in read_game_recno
  File "Code\Databases\DBgames.py", line 770, in read_game_raw
TypeError: startswith first arg must be str or a tuple of str, not bytes
2026-08-09 01:23:33.083843
Traceback (most recent call last):
  File "Code\Analysis\RunAnalysisControl.py", line 404, in run
  File "Code\Analysis\RunAnalysisControl.py", line 442, in run_game
  File "Code\Analysis\RunAnalysisControl.py", line 346, in send_game_worker
  File "Code\Databases\DBgames.py", line 760, in read_game_recno
  File "Code\Databases\DBgames.py", line 544, in read_complete_recno
IndexError: list index out of range
2026-08-09 01:46:46.311858
Traceback (most recent call last):
  File "Code\Databases\WDB_Games.py", line 1506, in tw_generate_statistics
  File "Code\Databases\WDB_Games.py", line 1427, in tw_massive_analysis
  File "Code\Analysis\WindowAnalysisParam.py", line 579, in massive_analysis_parameters
UnboundLocalError: cannot access local variable 'li_gen' where it is not associated with a value
2026-08-09 01:46:55.206695
Traceback (most recent call last):
  File "Code\Databases\WDB_Games.py", line 1506, in tw_generate_statistics
  File "Code\Databases\WDB_Games.py", line 1427, in tw_massive_analysis
  File "Code\Analysis\WindowAnalysisParam.py", line 579, in massive_analysis_parameters
UnboundLocalError: cannot access local variable 'li_gen' where it is not associated with a value
2026-08-09 01:47:04.446840
Traceback (most recent call last):
  File "Code\Databases\WDB_Games.py", line 1506, in tw_generate_statistics
  File "Code\Databases\WDB_Games.py", line 1427, in tw_massive_analysis
  File "Code\Analysis\WindowAnalysisParam.py", line 579, in massive_analysis_parameters
UnboundLocalError: cannot access local variable 'li_gen' where it is not associated with a value
2026-08-09 01:49:37.328550
Traceback (most recent call last):
  File "Code\Databases\WDB_Games.py", line 1506, in tw_generate_statistics
  File "Code\Databases\WDB_Games.py", line 1427, in tw_massive_analysis
  File "Code\Analysis\WindowAnalysisParam.py", line 598, in massive_analysis_parameters
  File "Code\QT\FormLayout.py", line 1092, in fedit
  File "Code\QT\FormLayout.py", line 1011, in __init__
  File "Code\Analysis\WindowAnalysisParam.py", line 372, in dispatch
AttributeError: 'CB' object has no attribute 'isChecked'
2026-08-09 01:52:30.834786
Traceback (most recent call last):
  File "Code\Databases\WDB_Games.py", line 1506, in tw_generate_statistics
  File "Code\Databases\WDB_Games.py", line 1427, in tw_massive_analysis
  File "Code\Analysis\WindowAnalysisParam.py", line 598, in massive_analysis_parameters
  File "Code\QT\FormLayout.py", line 1092, in fedit
  File "Code\QT\FormLayout.py", line 1011, in __init__
  File "Code\Analysis\WindowAnalysisParam.py", line 372, in dispatch
AttributeError: 'CB' object has no attribute 'isChecked'
2026-08-09 01:54:32.076177
Traceback (most recent call last):
  File "Code\Analysis\RunAnalysisControl.py", line 711, in set_pos
  File "Code\Databases\DBgames.py", line 1416, in save_game_recno
  File "Code\Databases\DBgames.py", line 1360, in modify
  File "Code\Databases\DBgames.py", line 760, in read_game_recno
  File "Code\Databases\DBgames.py", line 544, in read_complete_recno
IndexError: list index out of range
2026-08-09 01:54:32.086177
Traceback (most recent call last):
  File "Code\Analysis\RunAnalysisControl.py", line 711, in set_pos
  File "Code\Databases\DBgames.py", line 1416, in save_game_recno
  File "Code\Databases\DBgames.py", line 1360, in modify
  File "Code\Databases\DBgames.py", line 760, in read_game_recno
  File "Code\Databases\DBgames.py", line 544, in read_complete_recno
IndexError: list index out of range
2026-08-09 01:54:32.090177
Traceback (most recent call last):
  File "Code\Analysis\RunAnalysisControl.py", line 711, in set_pos
  File "Code\Databases\DBgames.py", line 1416, in save_game_recno
  File "Code\Databases\DBgames.py", line 1360, in modify
  File "Code\Databases\DBgames.py", line 760, in read_game_recno
  File "Code\Databases\DBgames.py", line 544, in read_complete_recno
IndexError: list index out of range
2026-08-09 01:54:32.138375
Traceback (most recent call last):
  File "Code\Analysis\RunAnalysisControl.py", line 711, in set_pos
  File "Code\Databases\DBgames.py", line 1416, in save_game_recno
  File "Code\Databases\DBgames.py", line 1360, in modify
  File "Code\Databases\DBgames.py", line 760, in read_game_recno
  File "Code\Databases\DBgames.py", line 544, in read_complete_recno
IndexError: list index out of range
2026-08-09 01:54:32.991439
Traceback (most recent call last):
  File "Code\Analysis\RunAnalysisControl.py", line 711, in set_pos
  File "Code\Databases\DBgames.py", line 1416, in save_game_recno
  File "Code\Databases\DBgames.py", line 1360, in modify
  File "Code\Databases\DBgames.py", line 760, in read_game_recno
  File "Code\Databases\DBgames.py", line 544, in read_complete_recno
IndexError: list index out of range
2026-08-09 01:54:32.999605
Traceback (most recent call last):
  File "Code\Analysis\RunAnalysisControl.py", line 711, in set_pos
  File "Code\Databases\DBgames.py", line 1416, in save_game_recno
  File "Code\Databases\DBgames.py", line 1360, in modify
  File "Code\Databases\DBgames.py", line 760, in read_game_recno
  File "Code\Databases\DBgames.py", line 544, in read_complete_recno
IndexError: list index out of range
2026-08-09 01:54:33.208968
Traceback (most recent call last):
  File "Code\Analysis\RunAnalysisControl.py", line 711, in set_pos
  File "Code\Databases\DBgames.py", line 1416, in save_game_recno
  File "Code\Databases\DBgames.py", line 1360, in modify
  File "Code\Databases\DBgames.py", line 760, in read_game_recno
  File "Code\Databases\DBgames.py", line 544, in read_complete_recno
IndexError: list index out of range
2026-08-09 01:54:33.256407
Traceback (most recent call last):
  File "Code\Analysis\RunAnalysisControl.py", line 711, in set_pos
  File "Code\Databases\DBgames.py", line 1416, in save_game_recno
  File "Code\Databases\DBgames.py", line 1360, in modify
  File "Code\Databases\DBgames.py", line 760, in read_game_recno
  File "Code\Databases\DBgames.py", line 544, in read_complete_recno
IndexError: list index out of range
2026-08-09 01:54:33.271207
Traceback (most recent call last):
  File "Code\Analysis\RunAnalysisControl.py", line 711, in set_pos
  File "Code\Databases\DBgames.py", line 1416, in save_game_recno
  File "Code\Databases\DBgames.py", line 1360, in modify
  File "Code\Databases\DBgames.py", line 760, in read_game_recno
  File "Code\Databases\DBgames.py", line 544, in read_complete_recno
IndexError: list index out of range
2026-08-09 01:54:33.277206
Traceback (most recent call last):
  File "Code\Analysis\RunAnalysisControl.py", line 711, in set_pos
  File "Code\Databases\DBgames.py", line 1416, in save_game_recno
  File "Code\Databases\DBgames.py", line 1360, in modify
  File "Code\Databases\DBgames.py", line 760, in read_game_recno
  File "Code\Databases\DBgames.py", line 544, in read_complete_recno
IndexError: list index out of range
2026-08-09 01:54:33.371991
Traceback (most recent call last):
  File "Code\Analysis\RunAnalysisControl.py", line 711, in set_pos
  File "Code\Databases\DBgames.py", line 1416, in save_game_recno
  File "Code\Databases\DBgames.py", line 1360, in modify
  File "Code\Databases\DBgames.py", line 760, in read_game_recno
  File "Code\Databases\DBgames.py", line 544, in read_complete_recno
IndexError: list index out of range
2026-08-09 01:54:33.551207
Traceback (most recent call last):
  File "Code\Analysis\RunAnalysisControl.py", line 711, in set_pos
  File "Code\Databases\DBgames.py", line 1416, in save_game_recno
  File "Code\Databases\DBgames.py", line 1360, in modify
  File "Code\Databases\DBgames.py", line 760, in read_game_recno
  File "Code\Databases\DBgames.py", line 544, in read_complete_recno
IndexError: list index out of range
2026-08-09 01:54:33.603106
Traceback (most recent call last):
  File "Code\Analysis\RunAnalysisControl.py", line 711, in set_pos
  File "Code\Databases\DBgames.py", line 1416, in save_game_recno
  File "Code\Databases\DBgames.py", line 1360, in modify
  File "Code\Databases\DBgames.py", line 760, in read_game_recno
  File "Code\Databases\DBgames.py", line 544, in read_complete_recno
IndexError: list index out of range
2026-08-09 01:54:33.610610
Traceback (most recent call last):
  File "Code\Analysis\RunAnalysisControl.py", line 711, in set_pos
  File "Code\Databases\DBgames.py", line 1416, in save_game_recno
  File "Code\Databases\DBgames.py", line 1360, in modify
  File "Code\Databases\DBgames.py", line 760, in read_game_recno
  File "Code\Databases\DBgames.py", line 544, in read_complete_recno
IndexError: list index out of range
2026-08-09 01:54:33.796959
Traceback (most recent call last):
  File "Code\Analysis\RunAnalysisControl.py", line 711, in set_pos
  File "Code\Databases\DBgames.py", line 1416, in save_game_recno
  File "Code\Databases\DBgames.py", line 1360, in modify
  File "Code\Databases\DBgames.py", line 760, in read_game_recno
  File "Code\Databases\DBgames.py", line 544, in read_complete_recno
IndexError: list index out of range
2026-08-09 01:54:33.869628
Traceback (most recent call last):
  File "Code\Analysis\RunAnalysisControl.py", line 711, in set_pos
  File "Code\Databases\DBgames.py", line 1416, in save_game_recno
  File "Code\Databases\DBgames.py", line 1360, in modify
  File "Code\Databases\DBgames.py", line 760, in read_game_recno
  File "Code\Databases\DBgames.py", line 544, in read_complete_recno
IndexError: list index out of range
2026-08-09 01:54:33.877514
Traceback (most recent call last):
  File "Code\Analysis\RunAnalysisControl.py", line 711, in set_pos
  File "Code\Databases\DBgames.py", line 1416, in save_game_recno
  File "Code\Databases\DBgames.py", line 1360, in modify
  File "Code\Databases\DBgames.py", line 760, in read_game_recno
  File "Code\Databases\DBgames.py", line 544, in read_complete_recno
IndexError: list index out of range
2026-08-09 01:54:34.110908
Traceback (most recent call last):
  File "Code\Analysis\RunAnalysisControl.py", line 711, in set_pos
  File "Code\Databases\DBgames.py", line 1416, in save_game_recno
  File "Code\Databases\DBgames.py", line 1360, in modify
  File "Code\Databases\DBgames.py", line 760, in read_game_recno
  File "Code\Databases\DBgames.py", line 544, in read_complete_recno
IndexError: list index out of range
2026-08-09 01:54:34.117908
Traceback (most recent call last):
  File "Code\Analysis\RunAnalysisControl.py", line 711, in set_pos
  File "Code\Databases\DBgames.py", line 1416, in save_game_recno
  File "Code\Databases\DBgames.py", line 1360, in modify
  File "Code\Databases\DBgames.py", line 760, in read_game_recno
  File "Code\Databases\DBgames.py", line 544, in read_complete_recno
IndexError: list index out of range
2026-08-09 01:54:34.179412
Traceback (most recent call last):
  File "Code\Analysis\RunAnalysisControl.py", line 711, in set_pos
  File "Code\Databases\DBgames.py", line 1416, in save_game_recno
  File "Code\Databases\DBgames.py", line 1360, in modify
  File "Code\Databases\DBgames.py", line 760, in read_game_recno
  File "Code\Databases\DBgames.py", line 544, in read_complete_recno
IndexError: list index out of range
2026-08-09 01:54:34.198798
Traceback (most recent call last):
  File "Code\Analysis\RunAnalysisControl.py", line 711, in set_pos
  File "Code\Databases\DBgames.py", line 1416, in save_game_recno
  File "Code\Databases\DBgames.py", line 1360, in modify
  File "Code\Databases\DBgames.py", line 760, in read_game_recno
  File "Code\Databases\DBgames.py", line 544, in read_complete_recno
IndexError: list index out of range
2026-08-09 01:54:34.251558
Traceback (most recent call last):
  File "Code\Analysis\RunAnalysisControl.py", line 711, in set_pos
  File "Code\Databases\DBgames.py", line 1416, in save_game_recno
  File "Code\Databases\DBgames.py", line 1360, in modify
  File "Code\Databases\DBgames.py", line 760, in read_game_recno
  File "Code\Databases\DBgames.py", line 544, in read_complete_recno
IndexError: list index out of range
2026-08-09 01:54:34.783904
Traceback (most recent call last):
  File "Code\Analysis\RunAnalysisControl.py", line 711, in set_pos
  File "Code\Databases\DBgames.py", line 1416, in save_game_recno
  File "Code\Databases\DBgames.py", line 1360, in modify
  File "Code\Databases\DBgames.py", line 760, in read_game_recno
  File "Code\Databases\DBgames.py", line 544, in read_complete_recno
IndexError: list index out of range
2026-08-09 01:54:34.851811
Traceback (most recent call last):
  File "Code\Analysis\RunAnalysisControl.py", line 711, in set_pos
  File "Code\Databases\DBgames.py", line 1416, in save_game_recno
  File "Code\Databases\DBgames.py", line 1360, in modify
  File "Code\Databases\DBgames.py", line 760, in read_game_recno
  File "Code\Databases\DBgames.py", line 544, in read_complete_recno
IndexError: list index out of range
2026-08-09 01:54:34.930519
Traceback (most recent call last):
  File "Code\Analysis\RunAnalysisControl.py", line 711, in set_pos
  File "Code\Databases\DBgames.py", line 1416, in save_game_recno
  File "Code\Databases\DBgames.py", line 1360, in modify
  File "Code\Databases\DBgames.py", line 760, in read_game_recno
  File "Code\Databases\DBgames.py", line 544, in read_complete_recno
IndexError: list index out of range
2026-08-09 01:54:35.002104
Traceback (most recent call last):
  File "Code\Analysis\RunAnalysisControl.py", line 711, in set_pos
  File "Code\Databases\DBgames.py", line 1416, in save_game_recno
  File "Code\Databases\DBgames.py", line 1360, in modify
  File "Code\Databases\DBgames.py", line 760, in read_game_recno
  File "Code\Databases\DBgames.py", line 544, in read_complete_recno
IndexError: list index out of range
2026-08-09 01:54:35.032067
Traceback (most recent call last):
  File "Code\Analysis\RunAnalysisControl.py", line 711, in set_pos
  File "Code\Databases\DBgames.py", line 1416, in save_game_recno
  File "Code\Databases\DBgames.py", line 1360, in modify
  File "Code\Databases\DBgames.py", line 760, in read_game_recno
  File "Code\Databases\DBgames.py", line 544, in read_complete_recno
IndexError: list index out of range
2026-08-09 01:54:35.038059
Traceback (most recent call last):
  File "Code\Analysis\RunAnalysisControl.py", line 711, in set_pos
  File "Code\Databases\DBgames.py", line 1416, in save_game_recno
  File "Code\Databases\DBgames.py", line 1360, in modify
  File "Code\Databases\DBgames.py", line 760, in read_game_recno
  File "Code\Databases\DBgames.py", line 544, in read_complete_recno
IndexError: list index out of range
2026-08-09 01:54:35.263879
Traceback (most recent call last):
  File "Code\Analysis\RunAnalysisControl.py", line 711, in set_pos
  File "Code\Databases\DBgames.py", line 1416, in save_game_recno
  File "Code\Databases\DBgames.py", line 1360, in modify
  File "Code\Databases\DBgames.py", line 760, in read_game_recno
  File "Code\Databases\DBgames.py", line 544, in read_complete_recno
IndexError: list index out of range
2026-08-09 01:54:35.283713
Traceback (most recent call last):
  File "Code\Analysis\RunAnalysisControl.py", line 711, in set_pos
  File "Code\Databases\DBgames.py", line 1416, in save_game_recno
  File "Code\Databases\DBgames.py", line 1360, in modify
  File "Code\Databases\DBgames.py", line 760, in read_game_recno
  File "Code\Databases\DBgames.py", line 544, in read_complete_recno
IndexError: list index out of range
2026-08-09 01:54:35.335640
Traceback (most recent call last):
  File "Code\Analysis\RunAnalysisControl.py", line 711, in set_pos
  File "Code\Databases\DBgames.py", line 1416, in save_game_recno
  File "Code\Databases\DBgames.py", line 1360, in modify
  File "Code\Databases\DBgames.py", line 760, in read_game_recno
  File "Code\Databases\DBgames.py", line 544, in read_complete_recno
IndexError: list index out of range
2026-08-09 01:54:35.443555
Traceback (most recent call last):
  File "Code\Analysis\RunAnalysisControl.py", line 711, in set_pos
  File "Code\Databases\DBgames.py", line 1416, in save_game_recno
  File "Code\Databases\DBgames.py", line 1360, in modify
  File "Code\Databases\DBgames.py", line 760, in read_game_recno
  File "Code\Databases\DBgames.py", line 544, in read_complete_recno
IndexError: list index out of range
2026-08-09 01:54:35.495364
Traceback (most recent call last):
  File "Code\Analysis\RunAnalysisControl.py", line 711, in set_pos
  File "Code\Databases\DBgames.py", line 1416, in save_game_recno
  File "Code\Databases\DBgames.py", line 1360, in modify
  File "Code\Databases\DBgames.py", line 760, in read_game_recno
  File "Code\Databases\DBgames.py", line 544, in read_complete_recno
IndexError: list index out of range
2026-08-09 01:54:35.608661
Traceback (most recent call last):
  File "Code\Analysis\RunAnalysisControl.py", line 711, in set_pos
  File "Code\Databases\DBgames.py", line 1416, in save_game_recno
  File "Code\Databases\DBgames.py", line 1360, in modify
  File "Code\Databases\DBgames.py", line 760, in read_game_recno
  File "Code\Databases\DBgames.py", line 544, in read_complete_recno
IndexError: list index out of range
2026-08-09 01:54:35.662749
Traceback (most recent call last):
  File "Code\Analysis\RunAnalysisControl.py", line 711, in set_pos
  File "Code\Databases\DBgames.py", line 1416, in save_game_recno
  File "Code\Databases\DBgames.py", line 1360, in modify
  File "Code\Databases\DBgames.py", line 760, in read_game_recno
  File "Code\Databases\DBgames.py", line 544, in read_complete_recno
IndexError: list index out of range
2026-08-09 01:54:35.688985
Traceback (most recent call last):
  File "Code\Analysis\RunAnalysisControl.py", line 711, in set_pos
  File "Code\Databases\DBgames.py", line 1416, in save_game_recno
  File "Code\Databases\DBgames.py", line 1360, in modify
  File "Code\Databases\DBgames.py", line 760, in read_game_recno
  File "Code\Databases\DBgames.py", line 544, in read_complete_recno
IndexError: list index out of range
2026-08-09 01:54:35.880916
Traceback (most recent call last):
  File "Code\Analysis\RunAnalysisControl.py", line 711, in set_pos
  File "Code\Databases\DBgames.py", line 1416, in save_game_recno
  File "Code\Databases\DBgames.py", line 1360, in modify
  File "Code\Databases\DBgames.py", line 760, in read_game_recno
  File "Code\Databases\DBgames.py", line 544, in read_complete_recno
IndexError: list index out of range
2026-08-09 01:54:35.887916
Traceback (most recent call last):
  File "Code\Analysis\RunAnalysisControl.py", line 711, in set_pos
  File "Code\Databases\DBgames.py", line 1416, in save_game_recno
  File "Code\Databases\DBgames.py", line 1360, in modify
  File "Code\Databases\DBgames.py", line 760, in read_game_recno
  File "Code\Databases\DBgames.py", line 544, in read_complete_recno
IndexError: list index out of range
2026-08-09 01:54:35.919833
Traceback (most recent call last):
  File "Code\Analysis\RunAnalysisControl.py", line 711, in set_pos
  File "Code\Databases\DBgames.py", line 1416, in save_game_recno
  File "Code\Databases\DBgames.py", line 1360, in modify
  File "Code\Databases\DBgames.py", line 760, in read_game_recno
  File "Code\Databases\DBgames.py", line 544, in read_complete_recno
IndexError: list index out of range
2026-08-09 01:54:35.980181
Traceback (most recent call last):
  File "Code\Analysis\RunAnalysisControl.py", line 711, in set_pos
  File "Code\Databases\DBgames.py", line 1416, in save_game_recno
  File "Code\Databases\DBgames.py", line 1360, in modify
  File "Code\Databases\DBgames.py", line 760, in read_game_recno
  File "Code\Databases\DBgames.py", line 544, in read_complete_recno
IndexError: list index out of range
2026-08-09 01:54:36.069530
Traceback (most recent call last):
  File "Code\Analysis\RunAnalysisControl.py", line 711, in set_pos
  File "Code\Databases\DBgames.py", line 1416, in save_game_recno
  File "Code\Databases\DBgames.py", line 1360, in modify
  File "Code\Databases\DBgames.py", line 760, in read_game_recno
  File "Code\Databases\DBgames.py", line 544, in read_complete_recno
IndexError: list index out of range
2026-08-09 01:54:36.178650
Traceback (most recent call last):
  File "Code\Analysis\RunAnalysisControl.py", line 711, in set_pos
  File "Code\Databases\DBgames.py", line 1416, in save_game_recno
  File "Code\Databases\DBgames.py", line 1360, in modify
  File "Code\Databases\DBgames.py", line 760, in read_game_recno
  File "Code\Databases\DBgames.py", line 544, in read_complete_recno
IndexError: list index out of range
2026-08-09 01:54:36.186761
Traceback (most recent call last):
  File "Code\Analysis\RunAnalysisControl.py", line 711, in set_pos
  File "Code\Databases\DBgames.py", line 1416, in save_game_recno
  File "Code\Databases\DBgames.py", line 1360, in modify
  File "Code\Databases\DBgames.py", line 760, in read_game_recno
  File "Code\Databases\DBgames.py", line 544, in read_complete_recno
IndexError: list index out of range
2026-08-09 01:54:36.288801
Traceback (most recent call last):
  File "Code\Analysis\RunAnalysisControl.py", line 711, in set_pos
  File "Code\Databases\DBgames.py", line 1416, in save_game_recno
  File "Code\Databases\DBgames.py", line 1360, in modify
  File "Code\Databases\DBgames.py", line 760, in read_game_recno
  File "Code\Databases\DBgames.py", line 544, in read_complete_recno
IndexError: list index out of range
2026-08-09 01:54:36.297823
Traceback (most recent call last):
  File "Code\Analysis\RunAnalysisControl.py", line 711, in set_pos
  File "Code\Databases\DBgames.py", line 1416, in save_game_recno
  File "Code\Databases\DBgames.py", line 1360, in modify
  File "Code\Databases\DBgames.py", line 760, in read_game_recno
  File "Code\Databases\DBgames.py", line 544, in read_complete_recno
IndexError: list index out of range
2026-08-09 01:54:36.540238
Traceback (most recent call last):
  File "Code\Analysis\RunAnalysisControl.py", line 711, in set_pos
  File "Code\Databases\DBgames.py", line 1416, in save_game_recno
  File "Code\Databases\DBgames.py", line 1360, in modify
  File "Code\Databases\DBgames.py", line 760, in read_game_recno
  File "Code\Databases\DBgames.py", line 544, in read_complete_recno
IndexError: list index out of range
2026-08-09 01:54:36.568925
Traceback (most recent call last):
  File "Code\Analysis\RunAnalysisControl.py", line 711, in set_pos
  File "Code\Databases\DBgames.py", line 1416, in save_game_recno
  File "Code\Databases\DBgames.py", line 1360, in modify
  File "Code\Databases\DBgames.py", line 760, in read_game_recno
  File "Code\Databases\DBgames.py", line 544, in read_complete_recno
IndexError: list index out of range
2026-08-09 01:54:36.655630
Traceback (most recent call last):
  File "Code\Analysis\RunAnalysisControl.py", line 711, in set_pos
  File "Code\Databases\DBgames.py", line 1416, in save_game_recno
  File "Code\Databases\DBgames.py", line 1360, in modify
  File "Code\Databases\DBgames.py", line 760, in read_game_recno
  File "Code\Databases\DBgames.py", line 544, in read_complete_recno
IndexError: list index out of range
2026-08-09 01:54:36.672991
Traceback (most recent call last):
  File "Code\Analysis\RunAnalysisControl.py", line 711, in set_pos
  File "Code\Databases\DBgames.py", line 1416, in save_game_recno
  File "Code\Databases\DBgames.py", line 1360, in modify
  File "Code\Databases\DBgames.py", line 760, in read_game_recno
  File "Code\Databases\DBgames.py", line 544, in read_complete_recno
IndexError: list index out of range
2026-08-09 01:54:36.680992
Traceback (most recent call last):
  File "Code\Analysis\RunAnalysisControl.py", line 711, in set_pos
  File "Code\Databases\DBgames.py", line 1416, in save_game_recno
  File "Code\Databases\DBgames.py", line 1360, in modify
  File "Code\Databases\DBgames.py", line 760, in read_game_recno
  File "Code\Databases\DBgames.py", line 544, in read_complete_recno
IndexError: list index out of range
2026-08-09 01:54:36.816280
Traceback (most recent call last):
  File "Code\Analysis\RunAnalysisControl.py", line 711, in set_pos
  File "Code\Databases\DBgames.py", line 1416, in save_game_recno
  File "Code\Databases\DBgames.py", line 1360, in modify
  File "Code\Databases\DBgames.py", line 760, in read_game_recno
  File "Code\Databases\DBgames.py", line 544, in read_complete_recno
IndexError: list index out of range
2026-08-09 01:54:37.118972
Traceback (most recent call last):
  File "Code\Analysis\RunAnalysisControl.py", line 711, in set_pos
  File "Code\Databases\DBgames.py", line 1416, in save_game_recno
  File "Code\Databases\DBgames.py", line 1360, in modify
  File "Code\Databases\DBgames.py", line 760, in read_game_recno
  File "Code\Databases\DBgames.py", line 544, in read_complete_recno
IndexError: list index out of range
2026-08-09 01:54:37.158957
Traceback (most recent call last):
  File "Code\Analysis\RunAnalysisControl.py", line 711, in set_pos
  File "Code\Databases\DBgames.py", line 1416, in save_game_recno
  File "Code\Databases\DBgames.py", line 1360, in modify
  File "Code\Databases\DBgames.py", line 760, in read_game_recno
  File "Code\Databases\DBgames.py", line 544, in read_complete_recno
IndexError: list index out of range
2026-08-09 01:54:37.164428
Traceback (most recent call last):
  File "Code\Analysis\RunAnalysisControl.py", line 711, in set_pos
  File "Code\Databases\DBgames.py", line 1416, in save_game_recno
  File "Code\Databases\DBgames.py", line 1360, in modify
  File "Code\Databases\DBgames.py", line 760, in read_game_recno
  File "Code\Databases\DBgames.py", line 544, in read_complete_recno
IndexError: list index out of range
2026-08-09 01:54:37.230684
Traceback (most recent call last):
  File "Code\Analysis\RunAnalysisControl.py", line 711, in set_pos
  File "Code\Databases\DBgames.py", line 1416, in save_game_recno
  File "Code\Databases\DBgames.py", line 1360, in modify
  File "Code\Databases\DBgames.py", line 760, in read_game_recno
  File "Code\Databases\DBgames.py", line 544, in read_complete_recno
IndexError: list index out of range
2026-08-09 01:54:37.239458
Traceback (most recent call last):
  File "Code\Analysis\RunAnalysisControl.py", line 711, in set_pos
  File "Code\Databases\DBgames.py", line 1416, in save_game_recno
  File "Code\Databases\DBgames.py", line 1360, in modify
  File "Code\Databases\DBgames.py", line 760, in read_game_recno
  File "Code\Databases\DBgames.py", line 544, in read_complete_recno
IndexError: list index out of range
2026-08-09 01:54:37.266377
Traceback (most recent call last):
  File "Code\Analysis\RunAnalysisControl.py", line 711, in set_pos
  File "Code\Databases\DBgames.py", line 1416, in save_game_recno
  File "Code\Databases\DBgames.py", line 1360, in modify
  File "Code\Databases\DBgames.py", line 760, in read_game_recno
  File "Code\Databases\DBgames.py", line 544, in read_complete_recno
IndexError: list index out of range
2026-08-09 01:54:37.403093
Traceback (most recent call last):
  File "Code\Analysis\RunAnalysisControl.py", line 711, in set_pos
  File "Code\Databases\DBgames.py", line 1416, in save_game_recno
  File "Code\Databases\DBgames.py", line 1360, in modify
  File "Code\Databases\DBgames.py", line 760, in read_game_recno
  File "Code\Databases\DBgames.py", line 544, in read_complete_recno
IndexError: list index out of range
2026-08-09 01:54:37.469531
Traceback (most recent call last):
  File "Code\Analysis\RunAnalysisControl.py", line 711, in set_pos
  File "Code\Databases\DBgames.py", line 1416, in save_game_recno
  File "Code\Databases\DBgames.py", line 1360, in modify
  File "Code\Databases\DBgames.py", line 760, in read_game_recno
  File "Code\Databases\DBgames.py", line 544, in read_complete_recno
IndexError: list index out of range
2026-08-09 01:54:37.476879
Traceback (most recent call last):
  File "Code\Analysis\RunAnalysisControl.py", line 711, in set_pos
  File "Code\Databases\DBgames.py", line 1416, in save_game_recno
  File "Code\Databases\DBgames.py", line 1360, in modify
  File "Code\Databases\DBgames.py", line 760, in read_game_recno
  File "Code\Databases\DBgames.py", line 544, in read_complete_recno
IndexError: list index out of range
2026-08-09 01:54:37.784727
Traceback (most recent call last):
  File "Code\Analysis\RunAnalysisControl.py", line 711, in set_pos
  File "Code\Databases\DBgames.py", line 1416, in save_game_recno
  File "Code\Databases\DBgames.py", line 1360, in modify
  File "Code\Databases\DBgames.py", line 760, in read_game_recno
  File "Code\Databases\DBgames.py", line 544, in read_complete_recno
IndexError: list index out of range
2026-08-09 01:54:37.805726
Traceback (most recent call last):
  File "Code\Analysis\RunAnalysisControl.py", line 711, in set_pos
  File "Code\Databases\DBgames.py", line 1416, in save_game_recno
  File "Code\Databases\DBgames.py", line 1360, in modify
  File "Code\Databases\DBgames.py", line 760, in read_game_recno
  File "Code\Databases\DBgames.py", line 544, in read_complete_recno
IndexError: list index out of range
2026-08-09 01:54:37.824059
Traceback (most recent call last):
  File "Code\Analysis\RunAnalysisControl.py", line 711, in set_pos
  File "Code\Databases\DBgames.py", line 1416, in save_game_recno
  File "Code\Databases\DBgames.py", line 1360, in modify
  File "Code\Databases\DBgames.py", line 760, in read_game_recno
  File "Code\Databases\DBgames.py", line 544, in read_complete_recno
IndexError: list index out of range
2026-08-09 01:54:37.829066
Traceback (most recent call last):
  File "Code\Analysis\RunAnalysisControl.py", line 711, in set_pos
  File "Code\Databases\DBgames.py", line 1416, in save_game_recno
  File "Code\Databases\DBgames.py", line 1360, in modify
  File "Code\Databases\DBgames.py", line 760, in read_game_recno
  File "Code\Databases\DBgames.py", line 544, in read_complete_recno
IndexError: list index out of range
2026-08-09 01:54:37.915588
Traceback (most recent call last):
  File "Code\Analysis\RunAnalysisControl.py", line 711, in set_pos
  File "Code\Databases\DBgames.py", line 1416, in save_game_recno
  File "Code\Databases\DBgames.py", line 1360, in modify
  File "Code\Databases\DBgames.py", line 760, in read_game_recno
  File "Code\Databases\DBgames.py", line 544, in read_complete_recno
IndexError: list index out of range
2026-08-09 01:54:37.920130
Traceback (most recent call last):
  File "Code\Analysis\RunAnalysisControl.py", line 711, in set_pos
  File "Code\Databases\DBgames.py", line 1416, in save_game_recno
  File "Code\Databases\DBgames.py", line 1360, in modify
  File "Code\Databases\DBgames.py", line 760, in read_game_recno
  File "Code\Databases\DBgames.py", line 544, in read_complete_recno
IndexError: list index out of range
2026-08-09 01:54:38.211950
Traceback (most recent call last):
  File "Code\Analysis\RunAnalysisControl.py", line 711, in set_pos
  File "Code\Databases\DBgames.py", line 1416, in save_game_recno
  File "Code\Databases\DBgames.py", line 1360, in modify
  File "Code\Databases\DBgames.py", line 760, in read_game_recno
  File "Code\Databases\DBgames.py", line 544, in read_complete_recno
IndexError: list index out of range
2026-08-09 01:54:38.279173
Traceback (most recent call last):
  File "Code\Analysis\RunAnalysisControl.py", line 711, in set_pos
  File "Code\Databases\DBgames.py", line 1416, in save_game_recno
  File "Code\Databases\DBgames.py", line 1360, in modify
  File "Code\Databases\DBgames.py", line 760, in read_game_recno
  File "Code\Databases\DBgames.py", line 544, in read_complete_recno
IndexError: list index out of range
2026-08-09 01:54:38.301374
Traceback (most recent call last):
  File "Code\Analysis\RunAnalysisControl.py", line 711, in set_pos
  File "Code\Databases\DBgames.py", line 1416, in save_game_recno
  File "Code\Databases\DBgames.py", line 1360, in modify
  File "Code\Databases\DBgames.py", line 760, in read_game_recno
  File "Code\Databases\DBgames.py", line 544, in read_complete_recno
IndexError: list index out of range
2026-08-09 01:54:38.308560
Traceback (most recent call last):
  File "Code\Analysis\RunAnalysisControl.py", line 711, in set_pos
  File "Code\Databases\DBgames.py", line 1416, in save_game_recno
  File "Code\Databases\DBgames.py", line 1360, in modify
  File "Code\Databases\DBgames.py", line 760, in read_game_recno
  File "Code\Databases\DBgames.py", line 544, in read_complete_recno
IndexError: list index out of range
2026-08-09 01:54:38.383623
Traceback (most recent call last):
  File "Code\Analysis\RunAnalysisControl.py", line 711, in set_pos
  File "Code\Databases\DBgames.py", line 1416, in save_game_recno
  File "Code\Databases\DBgames.py", line 1360, in modify
  File "Code\Databases\DBgames.py", line 760, in read_game_recno
  File "Code\Databases\DBgames.py", line 544, in read_complete_recno
IndexError: list index out of range
2026-08-09 01:54:38.433990
Traceback (most recent call last):
  File "Code\Analysis\RunAnalysisControl.py", line 711, in set_pos
  File "Code\Databases\DBgames.py", line 1416, in save_game_recno
  File "Code\Databases\DBgames.py", line 1360, in modify
  File "Code\Databases\DBgames.py", line 760, in read_game_recno
  File "Code\Databases\DBgames.py", line 544, in read_complete_recno
IndexError: list index out of range
2026-08-09 01:54:38.577402
Traceback (most recent call last):
  File "Code\Analysis\RunAnalysisControl.py", line 711, in set_pos
  File "Code\Databases\DBgames.py", line 1416, in save_game_recno
  File "Code\Databases\DBgames.py", line 1360, in modify
  File "Code\Databases\DBgames.py", line 760, in read_game_recno
  File "Code\Databases\DBgames.py", line 544, in read_complete_recno
IndexError: list index out of range
2026-08-09 01:54:38.631967
Traceback (most recent call last):
  File "Code\Analysis\RunAnalysisControl.py", line 711, in set_pos
  File "Code\Databases\DBgames.py", line 1416, in save_game_recno
  File "Code\Databases\DBgames.py", line 1360, in modify
  File "Code\Databases\DBgames.py", line 760, in read_game_recno
  File "Code\Databases\DBgames.py", line 544, in read_complete_recno
IndexError: list index out of range
2026-08-09 01:54:38.659789
Traceback (most recent call last):
  File "Code\Analysis\RunAnalysisControl.py", line 711, in set_pos
  File "Code\Databases\DBgames.py", line 1416, in save_game_recno
  File "Code\Databases\DBgames.py", line 1360, in modify
  File "Code\Databases\DBgames.py", line 760, in read_game_recno
  File "Code\Databases\DBgames.py", line 544, in read_complete_recno
IndexError: list index out of range
2026-08-09 01:54:38.754359
Traceback (most recent call last):
  File "Code\Analysis\RunAnalysisControl.py", line 711, in set_pos
  File "Code\Databases\DBgames.py", line 1416, in save_game_recno
  File "Code\Databases\DBgames.py", line 1360, in modify
  File "Code\Databases\DBgames.py", line 760, in read_game_recno
  File "Code\Databases\DBgames.py", line 544, in read_complete_recno
IndexError: list index out of range
2026-08-09 01:54:38.982605
Traceback (most recent call last):
  File "Code\Analysis\RunAnalysisControl.py", line 711, in set_pos
  File "Code\Databases\DBgames.py", line 1416, in save_game_recno
  File "Code\Databases\DBgames.py", line 1360, in modify
  File "Code\Databases\DBgames.py", line 760, in read_game_recno
  File "Code\Databases\DBgames.py", line 544, in read_complete_recno
IndexError: list index out of range
2026-08-09 01:54:39.045205
Traceback (most recent call last):
  File "Code\Analysis\RunAnalysisControl.py", line 711, in set_pos
  File "Code\Databases\DBgames.py", line 1416, in save_game_recno
  File "Code\Databases\DBgames.py", line 1360, in modify
  File "Code\Databases\DBgames.py", line 760, in read_game_recno
  File "Code\Databases\DBgames.py", line 544, in read_complete_recno
IndexError: list index out of range
2026-08-09 01:54:39.061474
Traceback (most recent call last):
  File "Code\Analysis\RunAnalysisControl.py", line 711, in set_pos
  File "Code\Databases\DBgames.py", line 1416, in save_game_recno
  File "Code\Databases\DBgames.py", line 1360, in modify
  File "Code\Databases\DBgames.py", line 760, in read_game_recno
  File "Code\Databases\DBgames.py", line 544, in read_complete_recno
IndexError: list index out of range
2026-08-09 01:54:39.073268
Traceback (most recent call last):
  File "Code\Analysis\RunAnalysisControl.py", line 711, in set_pos
  File "Code\Databases\DBgames.py", line 1416, in save_game_recno
  File "Code\Databases\DBgames.py", line 1360, in modify
  File "Code\Databases\DBgames.py", line 760, in read_game_recno
  File "Code\Databases\DBgames.py", line 544, in read_complete_recno
IndexError: list index out of range
2026-08-09 01:54:39.078668
Traceback (most recent call last):
  File "Code\Analysis\RunAnalysisControl.py", line 711, in set_pos
  File "Code\Databases\DBgames.py", line 1416, in save_game_recno
  File "Code\Databases\DBgames.py", line 1360, in modify
  File "Code\Databases\DBgames.py", line 760, in read_game_recno
  File "Code\Databases\DBgames.py", line 544, in read_complete_recno
IndexError: list index out of range
2026-08-09 01:54:39.134922
Traceback (most recent call last):
  File "Code\Analysis\RunAnalysisControl.py", line 711, in set_pos
  File "Code\Databases\DBgames.py", line 1416, in save_game_recno
  File "Code\Databases\DBgames.py", line 1360, in modify
  File "Code\Databases\DBgames.py", line 760, in read_game_recno
  File "Code\Databases\DBgames.py", line 544, in read_complete_recno
IndexError: list index out of range
2026-08-09 01:54:39.401798
Traceback (most recent call last):
  File "Code\Analysis\RunAnalysisControl.py", line 711, in set_pos
  File "Code\Databases\DBgames.py", line 1416, in save_game_recno
  File "Code\Databases\DBgames.py", line 1360, in modify
  File "Code\Databases\DBgames.py", line 760, in read_game_recno
  File "Code\Databases\DBgames.py", line 544, in read_complete_recno
IndexError: list index out of range
2026-08-09 01:54:39.472522
Traceback (most recent call last):
  File "Code\Analysis\RunAnalysisControl.py", line 711, in set_pos
  File "Code\Databases\DBgames.py", line 1416, in save_game_recno
  File "Code\Databases\DBgames.py", line 1360, in modify
  File "Code\Databases\DBgames.py", line 760, in read_game_recno
  File "Code\Databases\DBgames.py", line 544, in read_complete_recno
IndexError: list index out of range
2026-08-09 01:54:39.480522
Traceback (most recent call last):
  File "Code\Analysis\RunAnalysisControl.py", line 711, in set_pos
  File "Code\Databases\DBgames.py", line 1416, in save_game_recno
  File "Code\Databases\DBgames.py", line 1360, in modify
  File "Code\Databases\DBgames.py", line 760, in read_game_recno
  File "Code\Databases\DBgames.py", line 544, in read_complete_recno
IndexError: list index out of range
2026-08-09 01:54:39.507581
Traceback (most recent call last):
  File "Code\Analysis\RunAnalysisControl.py", line 711, in set_pos
  File "Code\Databases\DBgames.py", line 1416, in save_game_recno
  File "Code\Databases\DBgames.py", line 1360, in modify
  File "Code\Databases\DBgames.py", line 760, in read_game_recno
  File "Code\Databases\DBgames.py", line 544, in read_complete_recno
IndexError: list index out of range
2026-08-09 01:54:39.689987
Traceback (most recent call last):
  File "Code\Analysis\RunAnalysisControl.py", line 711, in set_pos
  File "Code\Databases\DBgames.py", line 1416, in save_game_recno
  File "Code\Databases\DBgames.py", line 1360, in modify
  File "Code\Databases\DBgames.py", line 760, in read_game_recno
  File "Code\Databases\DBgames.py", line 544, in read_complete_recno
IndexError: list index out of range
2026-08-09 01:54:39.720554
Traceback (most recent call last):
  File "Code\Analysis\RunAnalysisControl.py", line 711, in set_pos
  File "Code\Databases\DBgames.py", line 1416, in save_game_recno
  File "Code\Databases\DBgames.py", line 1360, in modify
  File "Code\Databases\DBgames.py", line 760, in read_game_recno
  File "Code\Databases\DBgames.py", line 544, in read_complete_recno
IndexError: list index out of range
2026-08-09 01:54:39.726549
Traceback (most recent call last):
  File "Code\Analysis\RunAnalysisControl.py", line 711, in set_pos
  File "Code\Databases\DBgames.py", line 1416, in save_game_recno
  File "Code\Databases\DBgames.py", line 1360, in modify
  File "Code\Databases\DBgames.py", line 760, in read_game_recno
  File "Code\Databases\DBgames.py", line 544, in read_complete_recno
IndexError: list index out of range
2026-08-09 01:54:39.903721
Traceback (most recent call last):
  File "Code\Analysis\RunAnalysisControl.py", line 711, in set_pos
  File "Code\Databases\DBgames.py", line 1416, in save_game_recno
  File "Code\Databases\DBgames.py", line 1360, in modify
  File "Code\Databases\DBgames.py", line 760, in read_game_recno
  File "Code\Databases\DBgames.py", line 544, in read_complete_recno
IndexError: list index out of range
2026-08-09 01:54:39.970827
Traceback (most recent call last):
  File "Code\Analysis\RunAnalysisControl.py", line 711, in set_pos
  File "Code\Databases\DBgames.py", line 1416, in save_game_recno
  File "Code\Databases\DBgames.py", line 1360, in modify
  File "Code\Databases\DBgames.py", line 760, in read_game_recno
  File "Code\Databases\DBgames.py", line 544, in read_complete_recno
IndexError: list index out of range
2026-08-09 01:54:39.982164
Traceback (most recent call last):
  File "Code\Analysis\RunAnalysisControl.py", line 711, in set_pos
  File "Code\Databases\DBgames.py", line 1416, in save_game_recno
  File "Code\Databases\DBgames.py", line 1360, in modify
  File "Code\Databases\DBgames.py", line 760, in read_game_recno
  File "Code\Databases\DBgames.py", line 544, in read_complete_recno
IndexError: list index out of range
2026-08-09 01:54:39.988377
Traceback (most recent call last):
  File "Code\Analysis\RunAnalysisControl.py", line 711, in set_pos
  File "Code\Databases\DBgames.py", line 1416, in save_game_recno
  File "Code\Databases\DBgames.py", line 1360, in modify
  File "Code\Databases\DBgames.py", line 760, in read_game_recno
  File "Code\Databases\DBgames.py", line 544, in read_complete_recno
IndexError: list index out of range
2026-08-09 01:54:40.135836
Traceback (most recent call last):
  File "Code\Analysis\RunAnalysisControl.py", line 711, in set_pos
  File "Code\Databases\DBgames.py", line 1416, in save_game_recno
  File "Code\Databases\DBgames.py", line 1360, in modify
  File "Code\Databases\DBgames.py", line 760, in read_game_recno
  File "Code\Databases\DBgames.py", line 544, in read_complete_recno
IndexError: list index out of range
2026-08-09 01:54:40.264121
Traceback (most recent call last):
  File "Code\Analysis\RunAnalysisControl.py", line 711, in set_pos
  File "Code\Databases\DBgames.py", line 1416, in save_game_recno
  File "Code\Databases\DBgames.py", line 1360, in modify
  File "Code\Databases\DBgames.py", line 760, in read_game_recno
  File "Code\Databases\DBgames.py", line 544, in read_complete_recno
IndexError: list index out of range
2026-08-09 01:54:40.282485
Traceback (most recent call last):
  File "Code\Analysis\RunAnalysisControl.py", line 711, in set_pos
  File "Code\Databases\DBgames.py", line 1416, in save_game_recno
  File "Code\Databases\DBgames.py", line 1360, in modify
  File "Code\Databases\DBgames.py", line 760, in read_game_recno
  File "Code\Databases\DBgames.py", line 544, in read_complete_recno
IndexError: list index out of range
2026-08-09 01:54:40.400333
Traceback (most recent call last):
  File "Code\Analysis\RunAnalysisControl.py", line 711, in set_pos
  File "Code\Databases\DBgames.py", line 1416, in save_game_recno
  File "Code\Databases\DBgames.py", line 1360, in modify
  File "Code\Databases\DBgames.py", line 760, in read_game_recno
  File "Code\Databases\DBgames.py", line 544, in read_complete_recno
IndexError: list index out of range
2026-08-09 01:54:40.407874
Traceback (most recent call last):
  File "Code\Analysis\RunAnalysisControl.py", line 711, in set_pos
  File "Code\Databases\DBgames.py", line 1416, in save_game_recno
  File "Code\Databases\DBgames.py", line 1360, in modify
  File "Code\Databases\DBgames.py", line 760, in read_game_recno
  File "Code\Databases\DBgames.py", line 544, in read_complete_recno
IndexError: list index out of range
2026-08-09 01:54:40.491245
Traceback (most recent call last):
  File "Code\Analysis\RunAnalysisControl.py", line 711, in set_pos
  File "Code\Databases\DBgames.py", line 1416, in save_game_recno
  File "Code\Databases\DBgames.py", line 1360, in modify
  File "Code\Databases\DBgames.py", line 760, in read_game_recno
  File "Code\Databases\DBgames.py", line 544, in read_complete_recno
IndexError: list index out of range
2026-08-09 01:54:40.549176
Traceback (most recent call last):
  File "Code\Analysis\RunAnalysisControl.py", line 711, in set_pos
  File "Code\Databases\DBgames.py", line 1416, in save_game_recno
  File "Code\Databases\DBgames.py", line 1360, in modify
  File "Code\Databases\DBgames.py", line 760, in read_game_recno
  File "Code\Databases\DBgames.py", line 544, in read_complete_recno
IndexError: list index out of range
2026-08-09 01:54:40.720203
Traceback (most recent call last):
  File "Code\Analysis\RunAnalysisControl.py", line 711, in set_pos
  File "Code\Databases\DBgames.py", line 1416, in save_game_recno
  File "Code\Databases\DBgames.py", line 1360, in modify
  File "Code\Databases\DBgames.py", line 760, in read_game_recno
  File "Code\Databases\DBgames.py", line 544, in read_complete_recno
IndexError: list index out of range
2026-08-09 01:54:40.841348
Traceback (most recent call last):
  File "Code\Analysis\RunAnalysisControl.py", line 711, in set_pos
  File "Code\Databases\DBgames.py", line 1416, in save_game_recno
  File "Code\Databases\DBgames.py", line 1360, in modify
  File "Code\Databases\DBgames.py", line 760, in read_game_recno
  File "Code\Databases\DBgames.py", line 544, in read_complete_recno
IndexError: list index out of range
2026-08-09 01:54:40.895237
Traceback (most recent call last):
  File "Code\Analysis\RunAnalysisControl.py", line 711, in set_pos
  File "Code\Databases\DBgames.py", line 1416, in save_game_recno
  File "Code\Databases\DBgames.py", line 1360, in modify
  File "Code\Databases\DBgames.py", line 760, in read_game_recno
  File "Code\Databases\DBgames.py", line 544, in read_complete_recno
IndexError: list index out of range
2026-08-09 01:54:40.942784
Traceback (most recent call last):
  File "Code\Analysis\RunAnalysisControl.py", line 711, in set_pos
  File "Code\Databases\DBgames.py", line 1416, in save_game_recno
  File "Code\Databases\DBgames.py", line 1360, in modify
  File "Code\Databases\DBgames.py", line 760, in read_game_recno
  File "Code\Databases\DBgames.py", line 544, in read_complete_recno
IndexError: list index out of range
2026-08-09 01:54:41.002994
Traceback (most recent call last):
  File "Code\Analysis\RunAnalysisControl.py", line 711, in set_pos
  File "Code\Databases\DBgames.py", line 1416, in save_game_recno
  File "Code\Databases\DBgames.py", line 1360, in modify
  File "Code\Databases\DBgames.py", line 760, in read_game_recno
  File "Code\Databases\DBgames.py", line 544, in read_complete_recno
IndexError: list index out of range
2026-08-09 01:54:41.059438
Traceback (most recent call last):
  File "Code\Analysis\RunAnalysisControl.py", line 711, in set_pos
  File "Code\Databases\DBgames.py", line 1416, in save_game_recno
  File "Code\Databases\DBgames.py", line 1360, in modify
  File "Code\Databases\DBgames.py", line 760, in read_game_recno
  File "Code\Databases\DBgames.py", line 544, in read_complete_recno
IndexError: list index out of range
2026-08-09 01:54:41.178829
Traceback (most recent call last):
  File "Code\Analysis\RunAnalysisControl.py", line 711, in set_pos
  File "Code\Databases\DBgames.py", line 1416, in save_game_recno
  File "Code\Databases\DBgames.py", line 1360, in modify
  File "Code\Databases\DBgames.py", line 760, in read_game_recno
  File "Code\Databases\DBgames.py", line 544, in read_complete_recno
IndexError: list index out of range
2026-08-09 01:54:41.586277
Traceback (most recent call last):
  File "Code\Analysis\RunAnalysisControl.py", line 711, in set_pos
  File "Code\Databases\DBgames.py", line 1416, in save_game_recno
  File "Code\Databases\DBgames.py", line 1360, in modify
  File "Code\Databases\DBgames.py", line 760, in read_game_recno
  File "Code\Databases\DBgames.py", line 544, in read_complete_recno
IndexError: list index out of range
2026-08-09 01:54:41.608877
Traceback (most recent call last):
  File "Code\Analysis\RunAnalysisControl.py", line 711, in set_pos
  File "Code\Databases\DBgames.py", line 1416, in save_game_recno
  File "Code\Databases\DBgames.py", line 1360, in modify
  File "Code\Databases\DBgames.py", line 760, in read_game_recno
  File "Code\Databases\DBgames.py", line 544, in read_complete_recno
IndexError: list index out of range
2026-08-09 01:54:41.615870
Traceback (most recent call last):
  File "Code\Analysis\RunAnalysisControl.py", line 711, in set_pos
  File "Code\Databases\DBgames.py", line 1416, in save_game_recno
  File "Code\Databases\DBgames.py", line 1360, in modify
  File "Code\Databases\DBgames.py", line 760, in read_game_recno
  File "Code\Databases\DBgames.py", line 544, in read_complete_recno
IndexError: list index out of range
2026-08-09 01:54:41.638742
Traceback (most recent call last):
  File "Code\Analysis\RunAnalysisControl.py", line 711, in set_pos
  File "Code\Databases\DBgames.py", line 1416, in save_game_recno
  File "Code\Databases\DBgames.py", line 1360, in modify
  File "Code\Databases\DBgames.py", line 760, in read_game_recno
  File "Code\Databases\DBgames.py", line 544, in read_complete_recno
IndexError: list index out of range
2026-08-09 01:54:41.651538
Traceback (most recent call last):
  File "Code\Analysis\RunAnalysisControl.py", line 711, in set_pos
  File "Code\Databases\DBgames.py", line 1416, in save_game_recno
  File "Code\Databases\DBgames.py", line 1360, in modify
  File "Code\Databases\DBgames.py", line 760, in read_game_recno
  File "Code\Databases\DBgames.py", line 544, in read_complete_recno
IndexError: list index out of range
2026-08-09 01:54:41.719953
Traceback (most recent call last):
  File "Code\Analysis\RunAnalysisControl.py", line 711, in set_pos
  File "Code\Databases\DBgames.py", line 1416, in save_game_recno
  File "Code\Databases\DBgames.py", line 1360, in modify
  File "Code\Databases\DBgames.py", line 760, in read_game_recno
  File "Code\Databases\DBgames.py", line 544, in read_complete_recno
IndexError: list index out of range
2026-08-09 01:54:41.926840
Traceback (most recent call last):
  File "Code\Analysis\RunAnalysisControl.py", line 711, in set_pos
  File "Code\Databases\DBgames.py", line 1416, in save_game_recno
  File "Code\Databases\DBgames.py", line 1360, in modify
  File "Code\Databases\DBgames.py", line 760, in read_game_recno
  File "Code\Databases\DBgames.py", line 544, in read_complete_recno
IndexError: list index out of range
2026-08-09 01:54:41.932840
Traceback (most recent call last):
  File "Code\Analysis\RunAnalysisControl.py", line 711, in set_pos
  File "Code\Databases\DBgames.py", line 1416, in save_game_recno
  File "Code\Databases\DBgames.py", line 1360, in modify
  File "Code\Databases\DBgames.py", line 760, in read_game_recno
  File "Code\Databases\DBgames.py", line 544, in read_complete_recno
IndexError: list index out of range
2026-08-09 01:54:41.952947
Traceback (most recent call last):
  File "Code\Analysis\RunAnalysisControl.py", line 711, in set_pos
  File "Code\Databases\DBgames.py", line 1416, in save_game_recno
  File "Code\Databases\DBgames.py", line 1360, in modify
  File "Code\Databases\DBgames.py", line 760, in read_game_recno
  File "Code\Databases\DBgames.py", line 544, in read_complete_recno
IndexError: list index out of range
2026-08-09 01:54:42.130306
Traceback (most recent call last):
  File "Code\Analysis\RunAnalysisControl.py", line 711, in set_pos
  File "Code\Databases\DBgames.py", line 1416, in save_game_recno
  File "Code\Databases\DBgames.py", line 1360, in modify
  File "Code\Databases\DBgames.py", line 760, in read_game_recno
  File "Code\Databases\DBgames.py", line 544, in read_complete_recno
IndexError: list index out of range
2026-08-09 01:54:42.136554
Traceback (most recent call last):
  File "Code\Analysis\RunAnalysisControl.py", line 711, in set_pos
  File "Code\Databases\DBgames.py", line 1416, in save_game_recno
  File "Code\Databases\DBgames.py", line 1360, in modify
  File "Code\Databases\DBgames.py", line 760, in read_game_recno
  File "Code\Databases\DBgames.py", line 544, in read_complete_recno
IndexError: list index out of range
2026-08-09 01:54:42.199719
Traceback (most recent call last):
  File "Code\Analysis\RunAnalysisControl.py", line 711, in set_pos
  File "Code\Databases\DBgames.py", line 1416, in save_game_recno
  File "Code\Databases\DBgames.py", line 1360, in modify
  File "Code\Databases\DBgames.py", line 760, in read_game_recno
  File "Code\Databases\DBgames.py", line 544, in read_complete_recno
IndexError: list index out of range
2026-08-09 01:54:42.205719
Traceback (most recent call last):
  File "Code\Analysis\RunAnalysisControl.py", line 711, in set_pos
  File "Code\Databases\DBgames.py", line 1416, in save_game_recno
  File "Code\Databases\DBgames.py", line 1360, in modify
  File "Code\Databases\DBgames.py", line 760, in read_game_recno
  File "Code\Databases\DBgames.py", line 544, in read_complete_recno
IndexError: list index out of range
2026-08-09 01:54:42.252150
Traceback (most recent call last):
  File "Code\Analysis\RunAnalysisControl.py", line 711, in set_pos
  File "Code\Databases\DBgames.py", line 1416, in save_game_recno
  File "Code\Databases\DBgames.py", line 1360, in modify
  File "Code\Databases\DBgames.py", line 760, in read_game_recno
  File "Code\Databases\DBgames.py", line 544, in read_complete_recno
IndexError: list index out of range
2026-08-09 01:54:42.374781
Traceback (most recent call last):
  File "Code\Analysis\RunAnalysisControl.py", line 711, in set_pos
  File "Code\Databases\DBgames.py", line 1416, in save_game_recno
  File "Code\Databases\DBgames.py", line 1360, in modify
  File "Code\Databases\DBgames.py", line 760, in read_game_recno
  File "Code\Databases\DBgames.py", line 544, in read_complete_recno
IndexError: list index out of range
2026-08-09 01:54:42.530048
Traceback (most recent call last):
  File "Code\Analysis\RunAnalysisControl.py", line 711, in set_pos
  File "Code\Databases\DBgames.py", line 1416, in save_game_recno
  File "Code\Databases\DBgames.py", line 1360, in modify
  File "Code\Databases\DBgames.py", line 760, in read_game_recno
  File "Code\Databases\DBgames.py", line 544, in read_complete_recno
IndexError: list index out of range
2026-08-09 01:54:42.536404
Traceback (most recent call last):
  File "Code\Analysis\RunAnalysisControl.py", line 711, in set_pos
  File "Code\Databases\DBgames.py", line 1416, in save_game_recno
  File "Code\Databases\DBgames.py", line 1360, in modify
  File "Code\Databases\DBgames.py", line 760, in read_game_recno
  File "Code\Databases\DBgames.py", line 544, in read_complete_recno
IndexError: list index out of range
2026-08-09 01:54:42.746020
Traceback (most recent call last):
  File "Code\Analysis\RunAnalysisControl.py", line 711, in set_pos
  File "Code\Databases\DBgames.py", line 1416, in save_game_recno
  File "Code\Databases\DBgames.py", line 1360, in modify
  File "Code\Databases\DBgames.py", line 760, in read_game_recno
  File "Code\Databases\DBgames.py", line 544, in read_complete_recno
IndexError: list index out of range
2026-08-09 01:54:42.843167
Traceback (most recent call last):
  File "Code\Analysis\RunAnalysisControl.py", line 711, in set_pos
  File "Code\Databases\DBgames.py", line 1416, in save_game_recno
  File "Code\Databases\DBgames.py", line 1360, in modify
  File "Code\Databases\DBgames.py", line 760, in read_game_recno
  File "Code\Databases\DBgames.py", line 544, in read_complete_recno
IndexError: list index out of range
2026-08-09 01:54:42.903516
Traceback (most recent call last):
  File "Code\Analysis\RunAnalysisControl.py", line 711, in set_pos
  File "Code\Databases\DBgames.py", line 1416, in save_game_recno
  File "Code\Databases\DBgames.py", line 1360, in modify
  File "Code\Databases\DBgames.py", line 760, in read_game_recno
  File "Code\Databases\DBgames.py", line 544, in read_complete_recno
IndexError: list index out of range
2026-08-09 01:54:43.028932
Traceback (most recent call last):
  File "Code\Analysis\RunAnalysisControl.py", line 711, in set_pos
  File "Code\Databases\DBgames.py", line 1416, in save_game_recno
  File "Code\Databases\DBgames.py", line 1360, in modify
  File "Code\Databases\DBgames.py", line 760, in read_game_recno
  File "Code\Databases\DBgames.py", line 544, in read_complete_recno
IndexError: list index out of range
2026-08-09 01:54:43.133553
Traceback (most recent call last):
  File "Code\Analysis\RunAnalysisControl.py", line 711, in set_pos
  File "Code\Databases\DBgames.py", line 1416, in save_game_recno
  File "Code\Databases\DBgames.py", line 1360, in modify
  File "Code\Databases\DBgames.py", line 760, in read_game_recno
  File "Code\Databases\DBgames.py", line 544, in read_complete_recno
IndexError: list index out of range
2026-08-09 01:54:43.149439
Traceback (most recent call last):
  File "Code\Analysis\RunAnalysisControl.py", line 711, in set_pos
  File "Code\Databases\DBgames.py", line 1416, in save_game_recno
  File "Code\Databases\DBgames.py", line 1360, in modify
  File "Code\Databases\DBgames.py", line 760, in read_game_recno
  File "Code\Databases\DBgames.py", line 544, in read_complete_recno
IndexError: list index out of range
2026-08-09 01:54:43.162042
Traceback (most recent call last):
  File "Code\Analysis\RunAnalysisControl.py", line 711, in set_pos
  File "Code\Databases\DBgames.py", line 1416, in save_game_recno
  File "Code\Databases\DBgames.py", line 1360, in modify
  File "Code\Databases\DBgames.py", line 760, in read_game_recno
  File "Code\Databases\DBgames.py", line 544, in read_complete_recno
IndexError: list index out of range
2026-08-09 01:54:43.167536
Traceback (most recent call last):
  File "Code\Analysis\RunAnalysisControl.py", line 711, in set_pos
  File "Code\Databases\DBgames.py", line 1416, in save_game_recno
  File "Code\Databases\DBgames.py", line 1360, in modify
  File "Code\Databases\DBgames.py", line 760, in read_game_recno
  File "Code\Databases\DBgames.py", line 544, in read_complete_recno
IndexError: list index out of range
2026-08-09 01:54:43.210604
Traceback (most recent call last):
  File "Code\Analysis\RunAnalysisControl.py", line 711, in set_pos
  File "Code\Databases\DBgames.py", line 1416, in save_game_recno
  File "Code\Databases\DBgames.py", line 1360, in modify
  File "Code\Databases\DBgames.py", line 760, in read_game_recno
  File "Code\Databases\DBgames.py", line 544, in read_complete_recno
IndexError: list index out of range
2026-08-09 01:54:43.417567
Traceback (most recent call last):
  File "Code\Analysis\RunAnalysisControl.py", line 711, in set_pos
  File "Code\Databases\DBgames.py", line 1416, in save_game_recno
  File "Code\Databases\DBgames.py", line 1360, in modify
  File "Code\Databases\DBgames.py", line 760, in read_game_recno
  File "Code\Databases\DBgames.py", line 544, in read_complete_recno
IndexError: list index out of range
2026-08-09 01:54:43.479111
Traceback (most recent call last):
  File "Code\Analysis\RunAnalysisControl.py", line 711, in set_pos
  File "Code\Databases\DBgames.py", line 1416, in save_game_recno
  File "Code\Databases\DBgames.py", line 1360, in modify
  File "Code\Databases\DBgames.py", line 760, in read_game_recno
  File "Code\Databases\DBgames.py", line 544, in read_complete_recno
IndexError: list index out of range
2026-08-09 01:54:43.539061
Traceback (most recent call last):
  File "Code\Analysis\RunAnalysisControl.py", line 711, in set_pos
  File "Code\Databases\DBgames.py", line 1416, in save_game_recno
  File "Code\Databases\DBgames.py", line 1360, in modify
  File "Code\Databases\DBgames.py", line 760, in read_game_recno
  File "Code\Databases\DBgames.py", line 544, in read_complete_recno
IndexError: list index out of range
2026-08-09 01:54:43.738663
Traceback (most recent call last):
  File "Code\Analysis\RunAnalysisControl.py", line 711, in set_pos
  File "Code\Databases\DBgames.py", line 1416, in save_game_recno
  File "Code\Databases\DBgames.py", line 1360, in modify
  File "Code\Databases\DBgames.py", line 760, in read_game_recno
  File "Code\Databases\DBgames.py", line 544, in read_complete_recno
IndexError: list index out of range
2026-08-09 01:54:43.761447
Traceback (most recent call last):
  File "Code\Analysis\RunAnalysisControl.py", line 711, in set_pos
  File "Code\Databases\DBgames.py", line 1416, in save_game_recno
  File "Code\Databases\DBgames.py", line 1360, in modify
  File "Code\Databases\DBgames.py", line 760, in read_game_recno
  File "Code\Databases\DBgames.py", line 544, in read_complete_recno
IndexError: list index out of range
2026-08-09 01:54:43.775729
Traceback (most recent call last):
  File "Code\Analysis\RunAnalysisControl.py", line 711, in set_pos
  File "Code\Databases\DBgames.py", line 1416, in save_game_recno
  File "Code\Databases\DBgames.py", line 1360, in modify
  File "Code\Databases\DBgames.py", line 760, in read_game_recno
  File "Code\Databases\DBgames.py", line 544, in read_complete_recno
IndexError: list index out of range
2026-08-09 01:54:43.780344
Traceback (most recent call last):
  File "Code\Analysis\RunAnalysisControl.py", line 711, in set_pos
  File "Code\Databases\DBgames.py", line 1416, in save_game_recno
  File "Code\Databases\DBgames.py", line 1360, in modify
  File "Code\Databases\DBgames.py", line 760, in read_game_recno
  File "Code\Databases\DBgames.py", line 544, in read_complete_recno
IndexError: list index out of range
2026-08-09 01:54:43.889955
Traceback (most recent call last):
  File "Code\Analysis\RunAnalysisControl.py", line 711, in set_pos
  File "Code\Databases\DBgames.py", line 1416, in save_game_recno
  File "Code\Databases\DBgames.py", line 1360, in modify
  File "Code\Databases\DBgames.py", line 760, in read_game_recno
  File "Code\Databases\DBgames.py", line 544, in read_complete_recno
IndexError: list index out of range
2026-08-09 01:54:43.899412
Traceback (most recent call last):
  File "Code\Analysis\RunAnalysisControl.py", line 711, in set_pos
  File "Code\Databases\DBgames.py", line 1416, in save_game_recno
  File "Code\Databases\DBgames.py", line 1360, in modify
  File "Code\Databases\DBgames.py", line 760, in read_game_recno
  File "Code\Databases\DBgames.py", line 544, in read_complete_recno
IndexError: list index out of range
2026-08-09 01:54:44.133894
Traceback (most recent call last):
  File "Code\Analysis\RunAnalysisControl.py", line 711, in set_pos
  File "Code\Databases\DBgames.py", line 1416, in save_game_recno
  File "Code\Databases\DBgames.py", line 1360, in modify
  File "Code\Databases\DBgames.py", line 760, in read_game_recno
  File "Code\Databases\DBgames.py", line 544, in read_complete_recno
IndexError: list index out of range
2026-08-09 01:54:44.166806
Traceback (most recent call last):
  File "Code\Analysis\RunAnalysisControl.py", line 711, in set_pos
  File "Code\Databases\DBgames.py", line 1416, in save_game_recno
  File "Code\Databases\DBgames.py", line 1360, in modify
  File "Code\Databases\DBgames.py", line 760, in read_game_recno
  File "Code\Databases\DBgames.py", line 544, in read_complete_recno
IndexError: list index out of range
2026-08-09 01:54:44.224091
Traceback (most recent call last):
  File "Code\Analysis\RunAnalysisControl.py", line 711, in set_pos
  File "Code\Databases\DBgames.py", line 1416, in save_game_recno
  File "Code\Databases\DBgames.py", line 1360, in modify
  File "Code\Databases\DBgames.py", line 760, in read_game_recno
  File "Code\Databases\DBgames.py", line 544, in read_complete_recno
IndexError: list index out of range
2026-08-09 01:54:44.387168
Traceback (most recent call last):
  File "Code\Analysis\RunAnalysisControl.py", line 711, in set_pos
  File "Code\Databases\DBgames.py", line 1416, in save_game_recno
  File "Code\Databases\DBgames.py", line 1360, in modify
  File "Code\Databases\DBgames.py", line 760, in read_game_recno
  File "Code\Databases\DBgames.py", line 544, in read_complete_recno
IndexError: list index out of range
2026-08-09 01:54:44.454778
Traceback (most recent call last):
  File "Code\Analysis\RunAnalysisControl.py", line 711, in set_pos
  File "Code\Databases\DBgames.py", line 1416, in save_game_recno
  File "Code\Databases\DBgames.py", line 1360, in modify
  File "Code\Databases\DBgames.py", line 760, in read_game_recno
  File "Code\Databases\DBgames.py", line 544, in read_complete_recno
IndexError: list index out of range
2026-08-09 01:54:44.460778
Traceback (most recent call last):
  File "Code\Analysis\RunAnalysisControl.py", line 711, in set_pos
  File "Code\Databases\DBgames.py", line 1416, in save_game_recno
  File "Code\Databases\DBgames.py", line 1360, in modify
  File "Code\Databases\DBgames.py", line 760, in read_game_recno
  File "Code\Databases\DBgames.py", line 544, in read_complete_recno
IndexError: list index out of range
2026-08-09 01:54:44.555568
Traceback (most recent call last):
  File "Code\Analysis\RunAnalysisControl.py", line 711, in set_pos
  File "Code\Databases\DBgames.py", line 1416, in save_game_recno
  File "Code\Databases\DBgames.py", line 1360, in modify
  File "Code\Databases\DBgames.py", line 760, in read_game_recno
  File "Code\Databases\DBgames.py", line 544, in read_complete_recno
IndexError: list index out of range
2026-08-09 01:54:44.760760
Traceback (most recent call last):
  File "Code\Analysis\RunAnalysisControl.py", line 711, in set_pos
  File "Code\Databases\DBgames.py", line 1416, in save_game_recno
  File "Code\Databases\DBgames.py", line 1360, in modify
  File "Code\Databases\DBgames.py", line 760, in read_game_recno
  File "Code\Databases\DBgames.py", line 544, in read_complete_recno
IndexError: list index out of range
2026-08-09 01:54:44.779691
Traceback (most recent call last):
  File "Code\Analysis\RunAnalysisControl.py", line 711, in set_pos
  File "Code\Databases\DBgames.py", line 1416, in save_game_recno
  File "Code\Databases\DBgames.py", line 1360, in modify
  File "Code\Databases\DBgames.py", line 760, in read_game_recno
  File "Code\Databases\DBgames.py", line 544, in read_complete_recno
IndexError: list index out of range
2026-08-09 01:54:44.785564
Traceback (most recent call last):
  File "Code\Analysis\RunAnalysisControl.py", line 711, in set_pos
  File "Code\Databases\DBgames.py", line 1416, in save_game_recno
  File "Code\Databases\DBgames.py", line 1360, in modify
  File "Code\Databases\DBgames.py", line 760, in read_game_recno
  File "Code\Databases\DBgames.py", line 544, in read_complete_recno
IndexError: list index out of range
2026-08-09 01:54:44.896023
Traceback (most recent call last):
  File "Code\Analysis\RunAnalysisControl.py", line 711, in set_pos
  File "Code\Databases\DBgames.py", line 1416, in save_game_recno
  File "Code\Databases\DBgames.py", line 1360, in modify
  File "Code\Databases\DBgames.py", line 760, in read_game_recno
  File "Code\Databases\DBgames.py", line 544, in read_complete_recno
IndexError: list index out of range
2026-08-09 01:54:45.068717
Traceback (most recent call last):
  File "Code\Analysis\RunAnalysisControl.py", line 711, in set_pos
  File "Code\Databases\DBgames.py", line 1416, in save_game_recno
  File "Code\Databases\DBgames.py", line 1360, in modify
  File "Code\Databases\DBgames.py", line 760, in read_game_recno
  File "Code\Databases\DBgames.py", line 544, in read_complete_recno
IndexError: list index out of range
2026-08-09 01:54:45.099923
Traceback (most recent call last):
  File "Code\Analysis\RunAnalysisControl.py", line 711, in set_pos
  File "Code\Databases\DBgames.py", line 1416, in save_game_recno
  File "Code\Databases\DBgames.py", line 1360, in modify
  File "Code\Databases\DBgames.py", line 760, in read_game_recno
  File "Code\Databases\DBgames.py", line 544, in read_complete_recno
IndexError: list index out of range
2026-08-09 01:54:45.204407
Traceback (most recent call last):
  File "Code\Analysis\RunAnalysisControl.py", line 711, in set_pos
  File "Code\Databases\DBgames.py", line 1416, in save_game_recno
  File "Code\Databases\DBgames.py", line 1360, in modify
  File "Code\Databases\DBgames.py", line 760, in read_game_recno
  File "Code\Databases\DBgames.py", line 544, in read_complete_recno
IndexError: list index out of range
2026-08-09 01:54:45.300169
Traceback (most recent call last):
  File "Code\Analysis\RunAnalysisControl.py", line 711, in set_pos
  File "Code\Databases\DBgames.py", line 1416, in save_game_recno
  File "Code\Databases\DBgames.py", line 1360, in modify
  File "Code\Databases\DBgames.py", line 760, in read_game_recno
  File "Code\Databases\DBgames.py", line 544, in read_complete_recno
IndexError: list index out of range
2026-08-09 01:54:45.309323
Traceback (most recent call last):
  File "Code\Analysis\RunAnalysisControl.py", line 711, in set_pos
  File "Code\Databases\DBgames.py", line 1416, in save_game_recno
  File "Code\Databases\DBgames.py", line 1360, in modify
  File "Code\Databases\DBgames.py", line 760, in read_game_recno
  File "Code\Databases\DBgames.py", line 544, in read_complete_recno
IndexError: list index out of range
2026-08-09 01:54:45.410362
Traceback (most recent call last):
  File "Code\Analysis\RunAnalysisControl.py", line 711, in set_pos
  File "Code\Databases\DBgames.py", line 1416, in save_game_recno
  File "Code\Databases\DBgames.py", line 1360, in modify
  File "Code\Databases\DBgames.py", line 760, in read_game_recno
  File "Code\Databases\DBgames.py", line 544, in read_complete_recno
IndexError: list index out of range
2026-08-09 01:54:45.666818
Traceback (most recent call last):
  File "Code\Analysis\RunAnalysisControl.py", line 711, in set_pos
  File "Code\Databases\DBgames.py", line 1416, in save_game_recno
  File "Code\Databases\DBgames.py", line 1360, in modify
  File "Code\Databases\DBgames.py", line 760, in read_game_recno
  File "Code\Databases\DBgames.py", line 544, in read_complete_recno
IndexError: list index out of range
2026-08-09 01:54:45.672813
Traceback (most recent call last):
  File "Code\Analysis\RunAnalysisControl.py", line 711, in set_pos
  File "Code\Databases\DBgames.py", line 1416, in save_game_recno
  File "Code\Databases\DBgames.py", line 1360, in modify
  File "Code\Databases\DBgames.py", line 760, in read_game_recno
  File "Code\Databases\DBgames.py", line 544, in read_complete_recno
IndexError: list index out of range
2026-08-09 01:54:45.709814
Traceback (most recent call last):
  File "Code\Analysis\RunAnalysisControl.py", line 711, in set_pos
  File "Code\Databases\DBgames.py", line 1416, in save_game_recno
  File "Code\Databases\DBgames.py", line 1360, in modify
  File "Code\Databases\DBgames.py", line 760, in read_game_recno
  File "Code\Databases\DBgames.py", line 544, in read_complete_recno
IndexError: list index out of range
2026-08-09 01:54:45.736816
Traceback (most recent call last):
  File "Code\Analysis\RunAnalysisControl.py", line 711, in set_pos
  File "Code\Databases\DBgames.py", line 1416, in save_game_recno
  File "Code\Databases\DBgames.py", line 1360, in modify
  File "Code\Databases\DBgames.py", line 760, in read_game_recno
  File "Code\Databases\DBgames.py", line 544, in read_complete_recno
IndexError: list index out of range
2026-08-09 01:54:45.803713
Traceback (most recent call last):
  File "Code\Analysis\RunAnalysisControl.py", line 711, in set_pos
  File "Code\Databases\DBgames.py", line 1416, in save_game_recno
  File "Code\Databases\DBgames.py", line 1360, in modify
  File "Code\Databases\DBgames.py", line 760, in read_game_recno
  File "Code\Databases\DBgames.py", line 544, in read_complete_recno
IndexError: list index out of range
2026-08-09 01:54:45.807713
Traceback (most recent call last):
  File "Code\Analysis\RunAnalysisControl.py", line 711, in set_pos
  File "Code\Databases\DBgames.py", line 1416, in save_game_recno
  File "Code\Databases\DBgames.py", line 1360, in modify
  File "Code\Databases\DBgames.py", line 760, in read_game_recno
  File "Code\Databases\DBgames.py", line 544, in read_complete_recno
IndexError: list index out of range
2026-08-09 01:54:46.198765
Traceback (most recent call last):
  File "Code\Analysis\RunAnalysisControl.py", line 711, in set_pos
  File "Code\Databases\DBgames.py", line 1416, in save_game_recno
  File "Code\Databases\DBgames.py", line 1360, in modify
  File "Code\Databases\DBgames.py", line 760, in read_game_recno
  File "Code\Databases\DBgames.py", line 544, in read_complete_recno
IndexError: list index out of range
2026-08-09 01:54:46.258421
Traceback (most recent call last):
  File "Code\Analysis\RunAnalysisControl.py", line 711, in set_pos
  File "Code\Databases\DBgames.py", line 1416, in save_game_recno
  File "Code\Databases\DBgames.py", line 1360, in modify
  File "Code\Databases\DBgames.py", line 760, in read_game_recno
  File "Code\Databases\DBgames.py", line 544, in read_complete_recno
IndexError: list index out of range
2026-08-09 01:54:46.265288
Traceback (most recent call last):
  File "Code\Analysis\RunAnalysisControl.py", line 711, in set_pos
  File "Code\Databases\DBgames.py", line 1416, in save_game_recno
  File "Code\Databases\DBgames.py", line 1360, in modify
  File "Code\Databases\DBgames.py", line 760, in read_game_recno
  File "Code\Databases\DBgames.py", line 544, in read_complete_recno
IndexError: list index out of range
2026-08-09 01:54:46.299519
Traceback (most recent call last):
  File "Code\Analysis\RunAnalysisControl.py", line 711, in set_pos
  File "Code\Databases\DBgames.py", line 1416, in save_game_recno
  File "Code\Databases\DBgames.py", line 1360, in modify
  File "Code\Databases\DBgames.py", line 760, in read_game_recno
  File "Code\Databases\DBgames.py", line 544, in read_complete_recno
IndexError: list index out of range
2026-08-09 01:54:46.428531
Traceback (most recent call last):
  File "Code\Analysis\RunAnalysisControl.py", line 711, in set_pos
  File "Code\Databases\DBgames.py", line 1416, in save_game_recno
  File "Code\Databases\DBgames.py", line 1360, in modify
  File "Code\Databases\DBgames.py", line 760, in read_game_recno
  File "Code\Databases\DBgames.py", line 544, in read_complete_recno
IndexError: list index out of range
2026-08-09 01:54:46.456401
Traceback (most recent call last):
  File "Code\Analysis\RunAnalysisControl.py", line 711, in set_pos
  File "Code\Databases\DBgames.py", line 1416, in save_game_recno
  File "Code\Databases\DBgames.py", line 1360, in modify
  File "Code\Databases\DBgames.py", line 760, in read_game_recno
  File "Code\Databases\DBgames.py", line 544, in read_complete_recno
IndexError: list index out of range
2026-08-09 01:54:46.511145
Traceback (most recent call last):
  File "Code\Analysis\RunAnalysisControl.py", line 711, in set_pos
  File "Code\Databases\DBgames.py", line 1416, in save_game_recno
  File "Code\Databases\DBgames.py", line 1360, in modify
  File "Code\Databases\DBgames.py", line 760, in read_game_recno
  File "Code\Databases\DBgames.py", line 544, in read_complete_recno
IndexError: list index out of range
2026-08-09 01:54:46.527143
Traceback (most recent call last):
  File "Code\Analysis\RunAnalysisControl.py", line 711, in set_pos
  File "Code\Databases\DBgames.py", line 1416, in save_game_recno
  File "Code\Databases\DBgames.py", line 1360, in modify
  File "Code\Databases\DBgames.py", line 760, in read_game_recno
  File "Code\Databases\DBgames.py", line 544, in read_complete_recno
IndexError: list index out of range
2026-08-09 01:54:46.830606
Traceback (most recent call last):
  File "Code\Analysis\RunAnalysisControl.py", line 711, in set_pos
  File "Code\Databases\DBgames.py", line 1416, in save_game_recno
  File "Code\Databases\DBgames.py", line 1360, in modify
  File "Code\Databases\DBgames.py", line 760, in read_game_recno
  File "Code\Databases\DBgames.py", line 544, in read_complete_recno
IndexError: list index out of range
2026-08-09 01:54:46.837634
Traceback (most recent call last):
  File "Code\Analysis\RunAnalysisControl.py", line 711, in set_pos
  File "Code\Databases\DBgames.py", line 1416, in save_game_recno
  File "Code\Databases\DBgames.py", line 1360, in modify
  File "Code\Databases\DBgames.py", line 760, in read_game_recno
  File "Code\Databases\DBgames.py", line 544, in read_complete_recno
IndexError: list index out of range
2026-08-09 01:54:46.896513
Traceback (most recent call last):
  File "Code\Analysis\RunAnalysisControl.py", line 711, in set_pos
  File "Code\Databases\DBgames.py", line 1416, in save_game_recno
  File "Code\Databases\DBgames.py", line 1360, in modify
  File "Code\Databases\DBgames.py", line 760, in read_game_recno
  File "Code\Databases\DBgames.py", line 544, in read_complete_recno
IndexError: list index out of range
2026-08-09 01:54:46.964805
Traceback (most recent call last):
  File "Code\Analysis\RunAnalysisControl.py", line 711, in set_pos
  File "Code\Databases\DBgames.py", line 1416, in save_game_recno
  File "Code\Databases\DBgames.py", line 1360, in modify
  File "Code\Databases\DBgames.py", line 760, in read_game_recno
  File "Code\Databases\DBgames.py", line 544, in read_complete_recno
IndexError: list index out of range
2026-08-09 01:54:46.984321
Traceback (most recent call last):
  File "Code\Analysis\RunAnalysisControl.py", line 711, in set_pos
  File "Code\Databases\DBgames.py", line 1416, in save_game_recno
  File "Code\Databases\DBgames.py", line 1360, in modify
  File "Code\Databases\DBgames.py", line 760, in read_game_recno
  File "Code\Databases\DBgames.py", line 544, in read_complete_recno
IndexError: list index out of range
2026-08-09 01:54:46.990325
Traceback (most recent call last):
  File "Code\Analysis\RunAnalysisControl.py", line 711, in set_pos
  File "Code\Databases\DBgames.py", line 1416, in save_game_recno
  File "Code\Databases\DBgames.py", line 1360, in modify
  File "Code\Databases\DBgames.py", line 760, in read_game_recno
  File "Code\Databases\DBgames.py", line 544, in read_complete_recno
IndexError: list index out of range
2026-08-09 01:54:47.055242
Traceback (most recent call last):
  File "Code\Analysis\RunAnalysisControl.py", line 711, in set_pos
  File "Code\Databases\DBgames.py", line 1416, in save_game_recno
  File "Code\Databases\DBgames.py", line 1360, in modify
  File "Code\Databases\DBgames.py", line 760, in read_game_recno
  File "Code\Databases\DBgames.py", line 544, in read_complete_recno
IndexError: list index out of range
2026-08-09 01:54:47.274984
Traceback (most recent call last):
  File "Code\Analysis\RunAnalysisControl.py", line 711, in set_pos
  File "Code\Databases\DBgames.py", line 1416, in save_game_recno
  File "Code\Databases\DBgames.py", line 1360, in modify
  File "Code\Databases\DBgames.py", line 760, in read_game_recno
  File "Code\Databases\DBgames.py", line 544, in read_complete_recno
IndexError: list index out of range
2026-08-09 01:54:47.377893
Traceback (most recent call last):
  File "Code\Analysis\RunAnalysisControl.py", line 711, in set_pos
  File "Code\Databases\DBgames.py", line 1416, in save_game_recno
  File "Code\Databases\DBgames.py", line 1360, in modify
  File "Code\Databases\DBgames.py", line 760, in read_game_recno
  File "Code\Databases\DBgames.py", line 544, in read_complete_recno
IndexError: list index out of range
2026-08-09 01:54:47.461714
Traceback (most recent call last):
  File "Code\Analysis\RunAnalysisControl.py", line 711, in set_pos
  File "Code\Databases\DBgames.py", line 1416, in save_game_recno
  File "Code\Databases\DBgames.py", line 1360, in modify
  File "Code\Databases\DBgames.py", line 760, in read_game_recno
  File "Code\Databases\DBgames.py", line 544, in read_complete_recno
IndexError: list index out of range
2026-08-09 01:54:47.481860
Traceback (most recent call last):
  File "Code\Analysis\RunAnalysisControl.py", line 711, in set_pos
  File "Code\Databases\DBgames.py", line 1416, in save_game_recno
  File "Code\Databases\DBgames.py", line 1360, in modify
  File "Code\Databases\DBgames.py", line 760, in read_game_recno
  File "Code\Databases\DBgames.py", line 544, in read_complete_recno
IndexError: list index out of range
2026-08-09 01:54:47.491829
Traceback (most recent call last):
  File "Code\Analysis\RunAnalysisControl.py", line 711, in set_pos
  File "Code\Databases\DBgames.py", line 1416, in save_game_recno
  File "Code\Databases\DBgames.py", line 1360, in modify
  File "Code\Databases\DBgames.py", line 760, in read_game_recno
  File "Code\Databases\DBgames.py", line 544, in read_complete_recno
IndexError: list index out of range
2026-08-09 01:54:47.515435
Traceback (most recent call last):
  File "Code\Analysis\RunAnalysisControl.py", line 711, in set_pos
  File "Code\Databases\DBgames.py", line 1416, in save_game_recno
  File "Code\Databases\DBgames.py", line 1360, in modify
  File "Code\Databases\DBgames.py", line 760, in read_game_recno
  File "Code\Databases\DBgames.py", line 544, in read_complete_recno
IndexError: list index out of range
2026-08-09 01:54:47.718573
Traceback (most recent call last):
  File "Code\Analysis\RunAnalysisControl.py", line 711, in set_pos
  File "Code\Databases\DBgames.py", line 1416, in save_game_recno
  File "Code\Databases\DBgames.py", line 1360, in modify
  File "Code\Databases\DBgames.py", line 760, in read_game_recno
  File "Code\Databases\DBgames.py", line 544, in read_complete_recno
IndexError: list index out of range
2026-08-09 01:54:47.754999
Traceback (most recent call last):
  File "Code\Analysis\RunAnalysisControl.py", line 711, in set_pos
  File "Code\Databases\DBgames.py", line 1416, in save_game_recno
  File "Code\Databases\DBgames.py", line 1360, in modify
  File "Code\Databases\DBgames.py", line 760, in read_game_recno
  File "Code\Databases\DBgames.py", line 544, in read_complete_recno
IndexError: list index out of range
2026-08-09 01:54:47.764509
Traceback (most recent call last):
  File "Code\Analysis\RunAnalysisControl.py", line 711, in set_pos
  File "Code\Databases\DBgames.py", line 1416, in save_game_recno
  File "Code\Databases\DBgames.py", line 1360, in modify
  File "Code\Databases\DBgames.py", line 760, in read_game_recno
  File "Code\Databases\DBgames.py", line 544, in read_complete_recno
IndexError: list index out of range
2026-08-09 01:54:47.811599
Traceback (most recent call last):
  File "Code\Analysis\RunAnalysisControl.py", line 711, in set_pos
  File "Code\Databases\DBgames.py", line 1416, in save_game_recno
  File "Code\Databases\DBgames.py", line 1360, in modify
  File "Code\Databases\DBgames.py", line 760, in read_game_recno
  File "Code\Databases\DBgames.py", line 544, in read_complete_recno
IndexError: list index out of range
2026-08-09 01:54:47.847265
Traceback (most recent call last):
  File "Code\Analysis\RunAnalysisControl.py", line 711, in set_pos
  File "Code\Databases\DBgames.py", line 1416, in save_game_recno
  File "Code\Databases\DBgames.py", line 1360, in modify
  File "Code\Databases\DBgames.py", line 760, in read_game_recno
  File "Code\Databases\DBgames.py", line 544, in read_complete_recno
IndexError: list index out of range
2026-08-09 01:54:48.039170
Traceback (most recent call last):
  File "Code\Analysis\RunAnalysisControl.py", line 711, in set_pos
  File "Code\Databases\DBgames.py", line 1416, in save_game_recno
  File "Code\Databases\DBgames.py", line 1360, in modify
  File "Code\Databases\DBgames.py", line 760, in read_game_recno
  File "Code\Databases\DBgames.py", line 544, in read_complete_recno
IndexError: list index out of range
2026-08-09 01:54:48.189334
Traceback (most recent call last):
  File "Code\Analysis\RunAnalysisControl.py", line 711, in set_pos
  File "Code\Databases\DBgames.py", line 1416, in save_game_recno
  File "Code\Databases\DBgames.py", line 1360, in modify
  File "Code\Databases\DBgames.py", line 760, in read_game_recno
  File "Code\Databases\DBgames.py", line 544, in read_complete_recno
IndexError: list index out of range
2026-08-09 01:54:48.203748
Traceback (most recent call last):
  File "Code\Analysis\RunAnalysisControl.py", line 711, in set_pos
  File "Code\Databases\DBgames.py", line 1416, in save_game_recno
  File "Code\Databases\DBgames.py", line 1360, in modify
  File "Code\Databases\DBgames.py", line 760, in read_game_recno
  File "Code\Databases\DBgames.py", line 544, in read_complete_recno
IndexError: list index out of range
2026-08-09 01:54:48.327768
Traceback (most recent call last):
  File "Code\Analysis\RunAnalysisControl.py", line 711, in set_pos
  File "Code\Databases\DBgames.py", line 1416, in save_game_recno
  File "Code\Databases\DBgames.py", line 1360, in modify
  File "Code\Databases\DBgames.py", line 760, in read_game_recno
  File "Code\Databases\DBgames.py", line 544, in read_complete_recno
IndexError: list index out of range
2026-08-09 01:54:48.435170
Traceback (most recent call last):
  File "Code\Analysis\RunAnalysisControl.py", line 711, in set_pos
  File "Code\Databases\DBgames.py", line 1416, in save_game_recno
  File "Code\Databases\DBgames.py", line 1360, in modify
  File "Code\Databases\DBgames.py", line 760, in read_game_recno
  File "Code\Databases\DBgames.py", line 544, in read_complete_recno
IndexError: list index out of range
2026-08-09 01:54:48.766991
Traceback (most recent call last):
  File "Code\Analysis\RunAnalysisControl.py", line 711, in set_pos
  File "Code\Databases\DBgames.py", line 1416, in save_game_recno
  File "Code\Databases\DBgames.py", line 1360, in modify
  File "Code\Databases\DBgames.py", line 760, in read_game_recno
  File "Code\Databases\DBgames.py", line 544, in read_complete_recno
IndexError: list index out of range
2026-08-09 01:54:48.811719
Traceback (most recent call last):
  File "Code\Analysis\RunAnalysisControl.py", line 711, in set_pos
  File "Code\Databases\DBgames.py", line 1416, in save_game_recno
  File "Code\Databases\DBgames.py", line 1360, in modify
  File "Code\Databases\DBgames.py", line 760, in read_game_recno
  File "Code\Databases\DBgames.py", line 544, in read_complete_recno
IndexError: list index out of range
2026-08-09 01:54:48.834168
Traceback (most recent call last):
  File "Code\Analysis\RunAnalysisControl.py", line 711, in set_pos
  File "Code\Databases\DBgames.py", line 1416, in save_game_recno
  File "Code\Databases\DBgames.py", line 1360, in modify
  File "Code\Databases\DBgames.py", line 760, in read_game_recno
  File "Code\Databases\DBgames.py", line 544, in read_complete_recno
IndexError: list index out of range
2026-08-09 01:54:48.846770
Traceback (most recent call last):
  File "Code\Analysis\RunAnalysisControl.py", line 711, in set_pos
  File "Code\Databases\DBgames.py", line 1416, in save_game_recno
  File "Code\Databases\DBgames.py", line 1360, in modify
  File "Code\Databases\DBgames.py", line 760, in read_game_recno
  File "Code\Databases\DBgames.py", line 544, in read_complete_recno
IndexError: list index out of range
2026-08-09 01:54:48.860782
Traceback (most recent call last):
  File "Code\Analysis\RunAnalysisControl.py", line 711, in set_pos
  File "Code\Databases\DBgames.py", line 1416, in save_game_recno
  File "Code\Databases\DBgames.py", line 1360, in modify
  File "Code\Databases\DBgames.py", line 760, in read_game_recno
  File "Code\Databases\DBgames.py", line 544, in read_complete_recno
IndexError: list index out of range
2026-08-09 01:54:48.871417
Traceback (most recent call last):
  File "Code\Analysis\RunAnalysisControl.py", line 711, in set_pos
  File "Code\Databases\DBgames.py", line 1416, in save_game_recno
  File "Code\Databases\DBgames.py", line 1360, in modify
  File "Code\Databases\DBgames.py", line 760, in read_game_recno
  File "Code\Databases\DBgames.py", line 544, in read_complete_recno
IndexError: list index out of range
2026-08-09 01:54:48.879607
Traceback (most recent call last):
  File "Code\Analysis\RunAnalysisControl.py", line 711, in set_pos
  File "Code\Databases\DBgames.py", line 1416, in save_game_recno
  File "Code\Databases\DBgames.py", line 1360, in modify
  File "Code\Databases\DBgames.py", line 760, in read_game_recno
  File "Code\Databases\DBgames.py", line 544, in read_complete_recno
IndexError: list index out of range
2026-08-09 01:54:49.274423
Traceback (most recent call last):
  File "Code\Analysis\RunAnalysisControl.py", line 711, in set_pos
  File "Code\Databases\DBgames.py", line 1416, in save_game_recno
  File "Code\Databases\DBgames.py", line 1360, in modify
  File "Code\Databases\DBgames.py", line 760, in read_game_recno
  File "Code\Databases\DBgames.py", line 544, in read_complete_recno
IndexError: list index out of range
2026-08-09 01:54:49.295621
Traceback (most recent call last):
  File "Code\Analysis\RunAnalysisControl.py", line 711, in set_pos
  File "Code\Databases\DBgames.py", line 1416, in save_game_recno
  File "Code\Databases\DBgames.py", line 1360, in modify
  File "Code\Databases\DBgames.py", line 760, in read_game_recno
  File "Code\Databases\DBgames.py", line 544, in read_complete_recno
IndexError: list index out of range
2026-08-09 01:54:49.308022
Traceback (most recent call last):
  File "Code\Analysis\RunAnalysisControl.py", line 711, in set_pos
  File "Code\Databases\DBgames.py", line 1416, in save_game_recno
  File "Code\Databases\DBgames.py", line 1360, in modify
  File "Code\Databases\DBgames.py", line 760, in read_game_recno
  File "Code\Databases\DBgames.py", line 544, in read_complete_recno
IndexError: list index out of range
2026-08-09 01:54:49.322022
Traceback (most recent call last):
  File "Code\Analysis\RunAnalysisControl.py", line 711, in set_pos
  File "Code\Databases\DBgames.py", line 1416, in save_game_recno
  File "Code\Databases\DBgames.py", line 1360, in modify
  File "Code\Databases\DBgames.py", line 760, in read_game_recno
  File "Code\Databases\DBgames.py", line 544, in read_complete_recno
IndexError: list index out of range
2026-08-09 01:54:49.326022
Traceback (most recent call last):
  File "Code\Analysis\RunAnalysisControl.py", line 711, in set_pos
  File "Code\Databases\DBgames.py", line 1416, in save_game_recno
  File "Code\Databases\DBgames.py", line 1360, in modify
  File "Code\Databases\DBgames.py", line 760, in read_game_recno
  File "Code\Databases\DBgames.py", line 544, in read_complete_recno
IndexError: list index out of range
2026-08-09 01:54:49.403733
Traceback (most recent call last):
  File "Code\Analysis\RunAnalysisControl.py", line 711, in set_pos
  File "Code\Databases\DBgames.py", line 1416, in save_game_recno
  File "Code\Databases\DBgames.py", line 1360, in modify
  File "Code\Databases\DBgames.py", line 760, in read_game_recno
  File "Code\Databases\DBgames.py", line 544, in read_complete_recno
IndexError: list index out of range
2026-08-09 01:54:49.631289
Traceback (most recent call last):
  File "Code\Analysis\RunAnalysisControl.py", line 711, in set_pos
  File "Code\Databases\DBgames.py", line 1416, in save_game_recno
  File "Code\Databases\DBgames.py", line 1360, in modify
  File "Code\Databases\DBgames.py", line 760, in read_game_recno
  File "Code\Databases\DBgames.py", line 544, in read_complete_recno
IndexError: list index out of range
2026-08-09 01:54:49.674796
Traceback (most recent call last):
  File "Code\Analysis\RunAnalysisControl.py", line 711, in set_pos
  File "Code\Databases\DBgames.py", line 1416, in save_game_recno
  File "Code\Databases\DBgames.py", line 1360, in modify
  File "Code\Databases\DBgames.py", line 760, in read_game_recno
  File "Code\Databases\DBgames.py", line 544, in read_complete_recno
IndexError: list index out of range
2026-08-09 01:54:49.688291
Traceback (most recent call last):
  File "Code\Analysis\RunAnalysisControl.py", line 711, in set_pos
  File "Code\Databases\DBgames.py", line 1416, in save_game_recno
  File "Code\Databases\DBgames.py", line 1360, in modify
  File "Code\Databases\DBgames.py", line 760, in read_game_recno
  File "Code\Databases\DBgames.py", line 544, in read_complete_recno
IndexError: list index out of range
2026-08-09 01:54:49.702625
Traceback (most recent call last):
  File "Code\Analysis\RunAnalysisControl.py", line 711, in set_pos
  File "Code\Databases\DBgames.py", line 1416, in save_game_recno
  File "Code\Databases\DBgames.py", line 1360, in modify
  File "Code\Databases\DBgames.py", line 760, in read_game_recno
  File "Code\Databases\DBgames.py", line 544, in read_complete_recno
IndexError: list index out of range
2026-08-09 01:54:49.709072
Traceback (most recent call last):
  File "Code\Analysis\RunAnalysisControl.py", line 711, in set_pos
  File "Code\Databases\DBgames.py", line 1416, in save_game_recno
  File "Code\Databases\DBgames.py", line 1360, in modify
  File "Code\Databases\DBgames.py", line 760, in read_game_recno
  File "Code\Databases\DBgames.py", line 544, in read_complete_recno
IndexError: list index out of range
2026-08-09 01:54:49.928675
Traceback (most recent call last):
  File "Code\Analysis\RunAnalysisControl.py", line 711, in set_pos
  File "Code\Databases\DBgames.py", line 1416, in save_game_recno
  File "Code\Databases\DBgames.py", line 1360, in modify
  File "Code\Databases\DBgames.py", line 760, in read_game_recno
  File "Code\Databases\DBgames.py", line 544, in read_complete_recno
IndexError: list index out of range
2026-08-09 01:54:49.992618
Traceback (most recent call last):
  File "Code\Analysis\RunAnalysisControl.py", line 711, in set_pos
  File "Code\Databases\DBgames.py", line 1416, in save_game_recno
  File "Code\Databases\DBgames.py", line 1360, in modify
  File "Code\Databases\DBgames.py", line 760, in read_game_recno
  File "Code\Databases\DBgames.py", line 544, in read_complete_recno
IndexError: list index out of range
2026-08-09 01:54:50.127625
Traceback (most recent call last):
  File "Code\Analysis\RunAnalysisControl.py", line 711, in set_pos
  File "Code\Databases\DBgames.py", line 1416, in save_game_recno
  File "Code\Databases\DBgames.py", line 1360, in modify
  File "Code\Databases\DBgames.py", line 760, in read_game_recno
  File "Code\Databases\DBgames.py", line 544, in read_complete_recno
IndexError: list index out of range
2026-08-09 01:54:50.143561
Traceback (most recent call last):
  File "Code\Analysis\RunAnalysisControl.py", line 711, in set_pos
  File "Code\Databases\DBgames.py", line 1416, in save_game_recno
  File "Code\Databases\DBgames.py", line 1360, in modify
  File "Code\Databases\DBgames.py", line 760, in read_game_recno
  File "Code\Databases\DBgames.py", line 544, in read_complete_recno
IndexError: list index out of range
2026-08-09 01:54:50.152929
Traceback (most recent call last):
  File "Code\Analysis\RunAnalysisControl.py", line 711, in set_pos
  File "Code\Databases\DBgames.py", line 1416, in save_game_recno
  File "Code\Databases\DBgames.py", line 1360, in modify
  File "Code\Databases\DBgames.py", line 760, in read_game_recno
  File "Code\Databases\DBgames.py", line 544, in read_complete_recno
IndexError: list index out of range
2026-08-09 01:54:50.170434
Traceback (most recent call last):
  File "Code\Analysis\RunAnalysisControl.py", line 711, in set_pos
  File "Code\Databases\DBgames.py", line 1416, in save_game_recno
  File "Code\Databases\DBgames.py", line 1360, in modify
  File "Code\Databases\DBgames.py", line 760, in read_game_recno
  File "Code\Databases\DBgames.py", line 544, in read_complete_recno
IndexError: list index out of range
2026-08-09 01:54:50.398006
Traceback (most recent call last):
  File "Code\Analysis\RunAnalysisControl.py", line 711, in set_pos
  File "Code\Databases\DBgames.py", line 1416, in save_game_recno
  File "Code\Databases\DBgames.py", line 1360, in modify
  File "Code\Databases\DBgames.py", line 760, in read_game_recno
  File "Code\Databases\DBgames.py", line 544, in read_complete_recno
IndexError: list index out of range
2026-08-09 01:54:50.436662
Traceback (most recent call last):
  File "Code\Analysis\RunAnalysisControl.py", line 711, in set_pos
  File "Code\Databases\DBgames.py", line 1416, in save_game_recno
  File "Code\Databases\DBgames.py", line 1360, in modify
  File "Code\Databases\DBgames.py", line 760, in read_game_recno
  File "Code\Databases\DBgames.py", line 544, in read_complete_recno
IndexError: list index out of range
2026-08-09 01:54:50.524443
Traceback (most recent call last):
  File "Code\Analysis\RunAnalysisControl.py", line 711, in set_pos
  File "Code\Databases\DBgames.py", line 1416, in save_game_recno
  File "Code\Databases\DBgames.py", line 1360, in modify
  File "Code\Databases\DBgames.py", line 760, in read_game_recno
  File "Code\Databases\DBgames.py", line 544, in read_complete_recno
IndexError: list index out of range
2026-08-09 01:54:50.606537
Traceback (most recent call last):
  File "Code\Analysis\RunAnalysisControl.py", line 711, in set_pos
  File "Code\Databases\DBgames.py", line 1416, in save_game_recno
  File "Code\Databases\DBgames.py", line 1360, in modify
  File "Code\Databases\DBgames.py", line 760, in read_game_recno
  File "Code\Databases\DBgames.py", line 544, in read_complete_recno
IndexError: list index out of range
2026-08-09 01:54:50.612791
Traceback (most recent call last):
  File "Code\Analysis\RunAnalysisControl.py", line 711, in set_pos
  File "Code\Databases\DBgames.py", line 1416, in save_game_recno
  File "Code\Databases\DBgames.py", line 1360, in modify
  File "Code\Databases\DBgames.py", line 760, in read_game_recno
  File "Code\Databases\DBgames.py", line 544, in read_complete_recno
IndexError: list index out of range
2026-08-09 01:54:50.725311
Traceback (most recent call last):
  File "Code\Analysis\RunAnalysisControl.py", line 711, in set_pos
  File "Code\Databases\DBgames.py", line 1416, in save_game_recno
  File "Code\Databases\DBgames.py", line 1360, in modify
  File "Code\Databases\DBgames.py", line 760, in read_game_recno
  File "Code\Databases\DBgames.py", line 544, in read_complete_recno
IndexError: list index out of range
2026-08-09 01:54:50.749370
Traceback (most recent call last):
  File "Code\Analysis\RunAnalysisControl.py", line 711, in set_pos
  File "Code\Databases\DBgames.py", line 1416, in save_game_recno
  File "Code\Databases\DBgames.py", line 1360, in modify
  File "Code\Databases\DBgames.py", line 760, in read_game_recno
  File "Code\Databases\DBgames.py", line 544, in read_complete_recno
IndexError: list index out of range
2026-08-09 01:54:51.041941
Traceback (most recent call last):
  File "Code\Analysis\RunAnalysisControl.py", line 711, in set_pos
  File "Code\Databases\DBgames.py", line 1416, in save_game_recno
  File "Code\Databases\DBgames.py", line 1360, in modify
  File "Code\Databases\DBgames.py", line 760, in read_game_recno
  File "Code\Databases\DBgames.py", line 544, in read_complete_recno
IndexError: list index out of range
2026-08-09 01:54:51.056940
Traceback (most recent call last):
  File "Code\Analysis\RunAnalysisControl.py", line 711, in set_pos
  File "Code\Databases\DBgames.py", line 1416, in save_game_recno
  File "Code\Databases\DBgames.py", line 1360, in modify
  File "Code\Databases\DBgames.py", line 760, in read_game_recno
  File "Code\Databases\DBgames.py", line 544, in read_complete_recno
IndexError: list index out of range
2026-08-09 01:54:51.099512
Traceback (most recent call last):
  File "Code\Analysis\RunAnalysisControl.py", line 711, in set_pos
  File "Code\Databases\DBgames.py", line 1416, in save_game_recno
  File "Code\Databases\DBgames.py", line 1360, in modify
  File "Code\Databases\DBgames.py", line 760, in read_game_recno
  File "Code\Databases\DBgames.py", line 544, in read_complete_recno
IndexError: list index out of range
2026-08-09 01:54:51.109964
Traceback (most recent call last):
  File "Code\Analysis\RunAnalysisControl.py", line 711, in set_pos
  File "Code\Databases\DBgames.py", line 1416, in save_game_recno
  File "Code\Databases\DBgames.py", line 1360, in modify
  File "Code\Databases\DBgames.py", line 760, in read_game_recno
  File "Code\Databases\DBgames.py", line 544, in read_complete_recno
IndexError: list index out of range
2026-08-09 01:54:51.157578
Traceback (most recent call last):
  File "Code\Analysis\RunAnalysisControl.py", line 711, in set_pos
  File "Code\Databases\DBgames.py", line 1416, in save_game_recno
  File "Code\Databases\DBgames.py", line 1360, in modify
  File "Code\Databases\DBgames.py", line 760, in read_game_recno
  File "Code\Databases\DBgames.py", line 544, in read_complete_recno
IndexError: list index out of range
2026-08-09 01:54:51.424915
Traceback (most recent call last):
  File "Code\Analysis\RunAnalysisControl.py", line 711, in set_pos
  File "Code\Databases\DBgames.py", line 1416, in save_game_recno
  File "Code\Databases\DBgames.py", line 1360, in modify
  File "Code\Databases\DBgames.py", line 760, in read_game_recno
  File "Code\Databases\DBgames.py", line 544, in read_complete_recno
IndexError: list index out of range
2026-08-09 01:54:51.433080
Traceback (most recent call last):
  File "Code\Analysis\RunAnalysisControl.py", line 711, in set_pos
  File "Code\Databases\DBgames.py", line 1416, in save_game_recno
  File "Code\Databases\DBgames.py", line 1360, in modify
  File "Code\Databases\DBgames.py", line 760, in read_game_recno
  File "Code\Databases\DBgames.py", line 544, in read_complete_recno
IndexError: list index out of range
2026-08-09 01:54:51.488032
Traceback (most recent call last):
  File "Code\Analysis\RunAnalysisControl.py", line 711, in set_pos
  File "Code\Databases\DBgames.py", line 1416, in save_game_recno
  File "Code\Databases\DBgames.py", line 1360, in modify
  File "Code\Databases\DBgames.py", line 760, in read_game_recno
  File "Code\Databases\DBgames.py", line 544, in read_complete_recno
IndexError: list index out of range
2026-08-09 01:54:51.516035
Traceback (most recent call last):
  File "Code\Analysis\RunAnalysisControl.py", line 711, in set_pos
  File "Code\Databases\DBgames.py", line 1416, in save_game_recno
  File "Code\Databases\DBgames.py", line 1360, in modify
  File "Code\Databases\DBgames.py", line 760, in read_game_recno
  File "Code\Databases\DBgames.py", line 544, in read_complete_recno
IndexError: list index out of range
2026-08-09 01:54:51.637487
Traceback (most recent call last):
  File "Code\Analysis\RunAnalysisControl.py", line 711, in set_pos
  File "Code\Databases\DBgames.py", line 1416, in save_game_recno
  File "Code\Databases\DBgames.py", line 1360, in modify
  File "Code\Databases\DBgames.py", line 760, in read_game_recno
  File "Code\Databases\DBgames.py", line 544, in read_complete_recno
IndexError: list index out of range
2026-08-09 01:54:51.746371
Traceback (most recent call last):
  File "Code\Analysis\RunAnalysisControl.py", line 711, in set_pos
  File "Code\Databases\DBgames.py", line 1416, in save_game_recno
  File "Code\Databases\DBgames.py", line 1360, in modify
  File "Code\Databases\DBgames.py", line 760, in read_game_recno
  File "Code\Databases\DBgames.py", line 544, in read_complete_recno
IndexError: list index out of range
2026-08-09 01:54:51.805591
Traceback (most recent call last):
  File "Code\Analysis\RunAnalysisControl.py", line 711, in set_pos
  File "Code\Databases\DBgames.py", line 1416, in save_game_recno
  File "Code\Databases\DBgames.py", line 1360, in modify
  File "Code\Databases\DBgames.py", line 760, in read_game_recno
  File "Code\Databases\DBgames.py", line 544, in read_complete_recno
IndexError: list index out of range
2026-08-09 01:54:51.818083
Traceback (most recent call last):
  File "Code\Analysis\RunAnalysisControl.py", line 711, in set_pos
  File "Code\Databases\DBgames.py", line 1416, in save_game_recno
  File "Code\Databases\DBgames.py", line 1360, in modify
  File "Code\Databases\DBgames.py", line 760, in read_game_recno
  File "Code\Databases\DBgames.py", line 544, in read_complete_recno
IndexError: list index out of range
2026-08-09 01:54:51.827402
Traceback (most recent call last):
  File "Code\Analysis\RunAnalysisControl.py", line 711, in set_pos
  File "Code\Databases\DBgames.py", line 1416, in save_game_recno
  File "Code\Databases\DBgames.py", line 1360, in modify
  File "Code\Databases\DBgames.py", line 760, in read_game_recno
  File "Code\Databases\DBgames.py", line 544, in read_complete_recno
IndexError: list index out of range
2026-08-09 01:54:51.924900
Traceback (most recent call last):
  File "Code\Analysis\RunAnalysisControl.py", line 711, in set_pos
  File "Code\Databases\DBgames.py", line 1416, in save_game_recno
  File "Code\Databases\DBgames.py", line 1360, in modify
  File "Code\Databases\DBgames.py", line 760, in read_game_recno
  File "Code\Databases\DBgames.py", line 544, in read_complete_recno
IndexError: list index out of range
2026-08-09 01:54:52.144558
Traceback (most recent call last):
  File "Code\Analysis\RunAnalysisControl.py", line 711, in set_pos
  File "Code\Databases\DBgames.py", line 1416, in save_game_recno
  File "Code\Databases\DBgames.py", line 1360, in modify
  File "Code\Databases\DBgames.py", line 760, in read_game_recno
  File "Code\Databases\DBgames.py", line 544, in read_complete_recno
IndexError: list index out of range
2026-08-09 01:54:52.160717
Traceback (most recent call last):
  File "Code\Analysis\RunAnalysisControl.py", line 711, in set_pos
  File "Code\Databases\DBgames.py", line 1416, in save_game_recno
  File "Code\Databases\DBgames.py", line 1360, in modify
  File "Code\Databases\DBgames.py", line 760, in read_game_recno
  File "Code\Databases\DBgames.py", line 544, in read_complete_recno
IndexError: list index out of range
2026-08-09 01:54:52.223593
Traceback (most recent call last):
  File "Code\Analysis\RunAnalysisControl.py", line 711, in set_pos
  File "Code\Databases\DBgames.py", line 1416, in save_game_recno
  File "Code\Databases\DBgames.py", line 1360, in modify
  File "Code\Databases\DBgames.py", line 760, in read_game_recno
  File "Code\Databases\DBgames.py", line 544, in read_complete_recno
IndexError: list index out of range
2026-08-09 01:54:52.260649
Traceback (most recent call last):
  File "Code\Analysis\RunAnalysisControl.py", line 711, in set_pos
  File "Code\Databases\DBgames.py", line 1416, in save_game_recno
  File "Code\Databases\DBgames.py", line 1360, in modify
  File "Code\Databases\DBgames.py", line 760, in read_game_recno
  File "Code\Databases\DBgames.py", line 544, in read_complete_recno
IndexError: list index out of range
2026-08-09 01:54:52.365162
Traceback (most recent call last):
  File "Code\Analysis\RunAnalysisControl.py", line 711, in set_pos
  File "Code\Databases\DBgames.py", line 1416, in save_game_recno
  File "Code\Databases\DBgames.py", line 1360, in modify
  File "Code\Databases\DBgames.py", line 760, in read_game_recno
  File "Code\Databases\DBgames.py", line 544, in read_complete_recno
IndexError: list index out of range
2026-08-09 01:54:52.437732
Traceback (most recent call last):
  File "Code\Analysis\RunAnalysisControl.py", line 711, in set_pos
  File "Code\Databases\DBgames.py", line 1416, in save_game_recno
  File "Code\Databases\DBgames.py", line 1360, in modify
  File "Code\Databases\DBgames.py", line 760, in read_game_recno
  File "Code\Databases\DBgames.py", line 544, in read_complete_recno
IndexError: list index out of range
2026-08-09 01:54:52.590574
Traceback (most recent call last):
  File "Code\Analysis\RunAnalysisControl.py", line 711, in set_pos
  File "Code\Databases\DBgames.py", line 1416, in save_game_recno
  File "Code\Databases\DBgames.py", line 1360, in modify
  File "Code\Databases\DBgames.py", line 760, in read_game_recno
  File "Code\Databases\DBgames.py", line 544, in read_complete_recno
IndexError: list index out of range
2026-08-09 01:54:52.657071
Traceback (most recent call last):
  File "Code\Analysis\RunAnalysisControl.py", line 711, in set_pos
  File "Code\Databases\DBgames.py", line 1416, in save_game_recno
  File "Code\Databases\DBgames.py", line 1360, in modify
  File "Code\Databases\DBgames.py", line 760, in read_game_recno
  File "Code\Databases\DBgames.py", line 544, in read_complete_recno
IndexError: list index out of range
2026-08-09 01:54:52.663073
Traceback (most recent call last):
  File "Code\Analysis\RunAnalysisControl.py", line 711, in set_pos
  File "Code\Databases\DBgames.py", line 1416, in save_game_recno
  File "Code\Databases\DBgames.py", line 1360, in modify
  File "Code\Databases\DBgames.py", line 760, in read_game_recno
  File "Code\Databases\DBgames.py", line 544, in read_complete_recno
IndexError: list index out of range
2026-08-09 01:54:52.696070
Traceback (most recent call last):
  File "Code\Analysis\RunAnalysisControl.py", line 711, in set_pos
  File "Code\Databases\DBgames.py", line 1416, in save_game_recno
  File "Code\Databases\DBgames.py", line 1360, in modify
  File "Code\Databases\DBgames.py", line 760, in read_game_recno
  File "Code\Databases\DBgames.py", line 544, in read_complete_recno
IndexError: list index out of range
2026-08-09 01:54:52.829715
Traceback (most recent call last):
  File "Code\Analysis\RunAnalysisControl.py", line 711, in set_pos
  File "Code\Databases\DBgames.py", line 1416, in save_game_recno
  File "Code\Databases\DBgames.py", line 1360, in modify
  File "Code\Databases\DBgames.py", line 760, in read_game_recno
  File "Code\Databases\DBgames.py", line 544, in read_complete_recno
IndexError: list index out of range
2026-08-09 01:54:52.928700
Traceback (most recent call last):
  File "Code\Analysis\RunAnalysisControl.py", line 711, in set_pos
  File "Code\Databases\DBgames.py", line 1416, in save_game_recno
  File "Code\Databases\DBgames.py", line 1360, in modify
  File "Code\Databases\DBgames.py", line 760, in read_game_recno
  File "Code\Databases\DBgames.py", line 544, in read_complete_recno
IndexError: list index out of range
2026-08-09 01:54:53.084128
Traceback (most recent call last):
  File "Code\Analysis\RunAnalysisControl.py", line 711, in set_pos
  File "Code\Databases\DBgames.py", line 1416, in save_game_recno
  File "Code\Databases\DBgames.py", line 1360, in modify
  File "Code\Databases\DBgames.py", line 760, in read_game_recno
  File "Code\Databases\DBgames.py", line 544, in read_complete_recno
IndexError: list index out of range
2026-08-09 01:54:53.143381
Traceback (most recent call last):
  File "Code\Analysis\RunAnalysisControl.py", line 711, in set_pos
  File "Code\Databases\DBgames.py", line 1416, in save_game_recno
  File "Code\Databases\DBgames.py", line 1360, in modify
  File "Code\Databases\DBgames.py", line 760, in read_game_recno
  File "Code\Databases\DBgames.py", line 544, in read_complete_recno
IndexError: list index out of range
2026-08-09 01:54:53.160712
Traceback (most recent call last):
  File "Code\Analysis\RunAnalysisControl.py", line 711, in set_pos
  File "Code\Databases\DBgames.py", line 1416, in save_game_recno
  File "Code\Databases\DBgames.py", line 1360, in modify
  File "Code\Databases\DBgames.py", line 760, in read_game_recno
  File "Code\Databases\DBgames.py", line 544, in read_complete_recno
IndexError: list index out of range
2026-08-09 01:54:53.195819
Traceback (most recent call last):
  File "Code\Analysis\RunAnalysisControl.py", line 711, in set_pos
  File "Code\Databases\DBgames.py", line 1416, in save_game_recno
  File "Code\Databases\DBgames.py", line 1360, in modify
  File "Code\Databases\DBgames.py", line 760, in read_game_recno
  File "Code\Databases\DBgames.py", line 544, in read_complete_recno
IndexError: list index out of range
2026-08-09 01:54:53.259310
Traceback (most recent call last):
  File "Code\Analysis\RunAnalysisControl.py", line 711, in set_pos
  File "Code\Databases\DBgames.py", line 1416, in save_game_recno
  File "Code\Databases\DBgames.py", line 1360, in modify
  File "Code\Databases\DBgames.py", line 760, in read_game_recno
  File "Code\Databases\DBgames.py", line 544, in read_complete_recno
IndexError: list index out of range
2026-08-09 01:54:53.394530
Traceback (most recent call last):
  File "Code\Analysis\RunAnalysisControl.py", line 711, in set_pos
  File "Code\Databases\DBgames.py", line 1416, in save_game_recno
  File "Code\Databases\DBgames.py", line 1360, in modify
  File "Code\Databases\DBgames.py", line 760, in read_game_recno
  File "Code\Databases\DBgames.py", line 544, in read_complete_recno
IndexError: list index out of range
2026-08-09 01:54:53.477914
Traceback (most recent call last):
  File "Code\Analysis\RunAnalysisControl.py", line 711, in set_pos
  File "Code\Databases\DBgames.py", line 1416, in save_game_recno
  File "Code\Databases\DBgames.py", line 1360, in modify
  File "Code\Databases\DBgames.py", line 760, in read_game_recno
  File "Code\Databases\DBgames.py", line 544, in read_complete_recno
IndexError: list index out of range
2026-08-09 01:54:53.533577
Traceback (most recent call last):
  File "Code\Analysis\RunAnalysisControl.py", line 711, in set_pos
  File "Code\Databases\DBgames.py", line 1416, in save_game_recno
  File "Code\Databases\DBgames.py", line 1360, in modify
  File "Code\Databases\DBgames.py", line 760, in read_game_recno
  File "Code\Databases\DBgames.py", line 544, in read_complete_recno
IndexError: list index out of range
2026-08-09 01:54:53.576168
Traceback (most recent call last):
  File "Code\Analysis\RunAnalysisControl.py", line 711, in set_pos
  File "Code\Databases\DBgames.py", line 1416, in save_game_recno
  File "Code\Databases\DBgames.py", line 1360, in modify
  File "Code\Databases\DBgames.py", line 760, in read_game_recno
  File "Code\Databases\DBgames.py", line 544, in read_complete_recno
IndexError: list index out of range
2026-08-09 01:54:53.673592
Traceback (most recent call last):
  File "Code\Analysis\RunAnalysisControl.py", line 711, in set_pos
  File "Code\Databases\DBgames.py", line 1416, in save_game_recno
  File "Code\Databases\DBgames.py", line 1360, in modify
  File "Code\Databases\DBgames.py", line 760, in read_game_recno
  File "Code\Databases\DBgames.py", line 544, in read_complete_recno
IndexError: list index out of range
2026-08-09 01:54:53.679871
Traceback (most recent call last):
  File "Code\Analysis\RunAnalysisControl.py", line 711, in set_pos
  File "Code\Databases\DBgames.py", line 1416, in save_game_recno
  File "Code\Databases\DBgames.py", line 1360, in modify
  File "Code\Databases\DBgames.py", line 760, in read_game_recno
  File "Code\Databases\DBgames.py", line 544, in read_complete_recno
IndexError: list index out of range
2026-08-09 01:54:53.763294
Traceback (most recent call last):
  File "Code\Analysis\RunAnalysisControl.py", line 711, in set_pos
  File "Code\Databases\DBgames.py", line 1416, in save_game_recno
  File "Code\Databases\DBgames.py", line 1360, in modify
  File "Code\Databases\DBgames.py", line 760, in read_game_recno
  File "Code\Databases\DBgames.py", line 544, in read_complete_recno
IndexError: list index out of range
2026-08-09 01:54:54.069277
Traceback (most recent call last):
  File "Code\Analysis\RunAnalysisControl.py", line 711, in set_pos
  File "Code\Databases\DBgames.py", line 1416, in save_game_recno
  File "Code\Databases\DBgames.py", line 1360, in modify
  File "Code\Databases\DBgames.py", line 760, in read_game_recno
  File "Code\Databases\DBgames.py", line 544, in read_complete_recno
IndexError: list index out of range
2026-08-09 01:54:54.088277
Traceback (most recent call last):
  File "Code\Analysis\RunAnalysisControl.py", line 711, in set_pos
  File "Code\Databases\DBgames.py", line 1416, in save_game_recno
  File "Code\Databases\DBgames.py", line 1360, in modify
  File "Code\Databases\DBgames.py", line 760, in read_game_recno
  File "Code\Databases\DBgames.py", line 544, in read_complete_recno
IndexError: list index out of range
2026-08-09 01:54:54.135932
Traceback (most recent call last):
  File "Code\Analysis\RunAnalysisControl.py", line 711, in set_pos
  File "Code\Databases\DBgames.py", line 1416, in save_game_recno
  File "Code\Databases\DBgames.py", line 1360, in modify
  File "Code\Databases\DBgames.py", line 760, in read_game_recno
  File "Code\Databases\DBgames.py", line 544, in read_complete_recno
IndexError: list index out of range
2026-08-09 01:54:54.162380
Traceback (most recent call last):
  File "Code\Analysis\RunAnalysisControl.py", line 711, in set_pos
  File "Code\Databases\DBgames.py", line 1416, in save_game_recno
  File "Code\Databases\DBgames.py", line 1360, in modify
  File "Code\Databases\DBgames.py", line 760, in read_game_recno
  File "Code\Databases\DBgames.py", line 544, in read_complete_recno
IndexError: list index out of range
2026-08-09 01:54:54.239419
Traceback (most recent call last):
  File "Code\Analysis\RunAnalysisControl.py", line 711, in set_pos
  File "Code\Databases\DBgames.py", line 1416, in save_game_recno
  File "Code\Databases\DBgames.py", line 1360, in modify
  File "Code\Databases\DBgames.py", line 760, in read_game_recno
  File "Code\Databases\DBgames.py", line 544, in read_complete_recno
IndexError: list index out of range
2026-08-09 01:54:54.306873
Traceback (most recent call last):
  File "Code\Analysis\RunAnalysisControl.py", line 711, in set_pos
  File "Code\Databases\DBgames.py", line 1416, in save_game_recno
  File "Code\Databases\DBgames.py", line 1360, in modify
  File "Code\Databases\DBgames.py", line 760, in read_game_recno
  File "Code\Databases\DBgames.py", line 544, in read_complete_recno
IndexError: list index out of range
2026-08-09 01:54:54.508706
Traceback (most recent call last):
  File "Code\Analysis\RunAnalysisControl.py", line 711, in set_pos
  File "Code\Databases\DBgames.py", line 1416, in save_game_recno
  File "Code\Databases\DBgames.py", line 1360, in modify
  File "Code\Databases\DBgames.py", line 760, in read_game_recno
  File "Code\Databases\DBgames.py", line 544, in read_complete_recno
IndexError: list index out of range
2026-08-09 01:54:54.574012
Traceback (most recent call last):
  File "Code\Analysis\RunAnalysisControl.py", line 711, in set_pos
  File "Code\Databases\DBgames.py", line 1416, in save_game_recno
  File "Code\Databases\DBgames.py", line 1360, in modify
  File "Code\Databases\DBgames.py", line 760, in read_game_recno
  File "Code\Databases\DBgames.py", line 544, in read_complete_recno
IndexError: list index out of range
2026-08-09 01:54:54.633441
Traceback (most recent call last):
  File "Code\Analysis\RunAnalysisControl.py", line 711, in set_pos
  File "Code\Databases\DBgames.py", line 1416, in save_game_recno
  File "Code\Databases\DBgames.py", line 1360, in modify
  File "Code\Databases\DBgames.py", line 760, in read_game_recno
  File "Code\Databases\DBgames.py", line 544, in read_complete_recno
IndexError: list index out of range
2026-08-09 01:54:54.667503
Traceback (most recent call last):
  File "Code\Analysis\RunAnalysisControl.py", line 711, in set_pos
  File "Code\Databases\DBgames.py", line 1416, in save_game_recno
  File "Code\Databases\DBgames.py", line 1360, in modify
  File "Code\Databases\DBgames.py", line 760, in read_game_recno
  File "Code\Databases\DBgames.py", line 544, in read_complete_recno
IndexError: list index out of range
2026-08-09 01:54:54.763192
Traceback (most recent call last):
  File "Code\Analysis\RunAnalysisControl.py", line 711, in set_pos
  File "Code\Databases\DBgames.py", line 1416, in save_game_recno
  File "Code\Databases\DBgames.py", line 1360, in modify
  File "Code\Databases\DBgames.py", line 760, in read_game_recno
  File "Code\Databases\DBgames.py", line 544, in read_complete_recno
IndexError: list index out of range
2026-08-09 01:54:54.769191
Traceback (most recent call last):
  File "Code\Analysis\RunAnalysisControl.py", line 711, in set_pos
  File "Code\Databases\DBgames.py", line 1416, in save_game_recno
  File "Code\Databases\DBgames.py", line 1360, in modify
  File "Code\Databases\DBgames.py", line 760, in read_game_recno
  File "Code\Databases\DBgames.py", line 544, in read_complete_recno
IndexError: list index out of range
2026-08-09 01:54:55.047474
Traceback (most recent call last):
  File "Code\Analysis\RunAnalysisControl.py", line 711, in set_pos
  File "Code\Databases\DBgames.py", line 1416, in save_game_recno
  File "Code\Databases\DBgames.py", line 1360, in modify
  File "Code\Databases\DBgames.py", line 760, in read_game_recno
  File "Code\Databases\DBgames.py", line 544, in read_complete_recno
IndexError: list index out of range
2026-08-09 01:54:55.065515
Traceback (most recent call last):
  File "Code\Analysis\RunAnalysisControl.py", line 711, in set_pos
  File "Code\Databases\DBgames.py", line 1416, in save_game_recno
  File "Code\Databases\DBgames.py", line 1360, in modify
  File "Code\Databases\DBgames.py", line 760, in read_game_recno
  File "Code\Databases\DBgames.py", line 544, in read_complete_recno
IndexError: list index out of range
2026-08-09 01:54:55.134719
Traceback (most recent call last):
  File "Code\Analysis\RunAnalysisControl.py", line 711, in set_pos
  File "Code\Databases\DBgames.py", line 1416, in save_game_recno
  File "Code\Databases\DBgames.py", line 1360, in modify
  File "Code\Databases\DBgames.py", line 760, in read_game_recno
  File "Code\Databases\DBgames.py", line 544, in read_complete_recno
IndexError: list index out of range
2026-08-09 01:54:55.184030
Traceback (most recent call last):
  File "Code\Analysis\RunAnalysisControl.py", line 711, in set_pos
  File "Code\Databases\DBgames.py", line 1416, in save_game_recno
  File "Code\Databases\DBgames.py", line 1360, in modify
  File "Code\Databases\DBgames.py", line 760, in read_game_recno
  File "Code\Databases\DBgames.py", line 544, in read_complete_recno
IndexError: list index out of range
2026-08-09 01:54:55.249314
Traceback (most recent call last):
  File "Code\Analysis\RunAnalysisControl.py", line 711, in set_pos
  File "Code\Databases\DBgames.py", line 1416, in save_game_recno
  File "Code\Databases\DBgames.py", line 1360, in modify
  File "Code\Databases\DBgames.py", line 760, in read_game_recno
  File "Code\Databases\DBgames.py", line 544, in read_complete_recno
IndexError: list index out of range
2026-08-09 01:54:55.272023
Traceback (most recent call last):
  File "Code\Analysis\RunAnalysisControl.py", line 711, in set_pos
  File "Code\Databases\DBgames.py", line 1416, in save_game_recno
  File "Code\Databases\DBgames.py", line 1360, in modify
  File "Code\Databases\DBgames.py", line 760, in read_game_recno
  File "Code\Databases\DBgames.py", line 544, in read_complete_recno
IndexError: list index out of range
2026-08-09 01:54:55.356938
Traceback (most recent call last):
  File "Code\Analysis\RunAnalysisControl.py", line 711, in set_pos
  File "Code\Databases\DBgames.py", line 1416, in save_game_recno
  File "Code\Databases\DBgames.py", line 1360, in modify
  File "Code\Databases\DBgames.py", line 760, in read_game_recno
  File "Code\Databases\DBgames.py", line 544, in read_complete_recno
IndexError: list index out of range
2026-08-09 01:54:55.542999
Traceback (most recent call last):
  File "Code\Analysis\RunAnalysisControl.py", line 711, in set_pos
  File "Code\Databases\DBgames.py", line 1416, in save_game_recno
  File "Code\Databases\DBgames.py", line 1360, in modify
  File "Code\Databases\DBgames.py", line 760, in read_game_recno
  File "Code\Databases\DBgames.py", line 544, in read_complete_recno
IndexError: list index out of range
2026-08-09 01:54:55.570518
Traceback (most recent call last):
  File "Code\Analysis\RunAnalysisControl.py", line 711, in set_pos
  File "Code\Databases\DBgames.py", line 1416, in save_game_recno
  File "Code\Databases\DBgames.py", line 1360, in modify
  File "Code\Databases\DBgames.py", line 760, in read_game_recno
  File "Code\Databases\DBgames.py", line 544, in read_complete_recno
IndexError: list index out of range
2026-08-09 01:54:55.772127
Traceback (most recent call last):
  File "Code\Analysis\RunAnalysisControl.py", line 711, in set_pos
  File "Code\Databases\DBgames.py", line 1416, in save_game_recno
  File "Code\Databases\DBgames.py", line 1360, in modify
  File "Code\Databases\DBgames.py", line 760, in read_game_recno
  File "Code\Databases\DBgames.py", line 544, in read_complete_recno
IndexError: list index out of range
2026-08-09 01:54:55.788882
Traceback (most recent call last):
  File "Code\Analysis\RunAnalysisControl.py", line 711, in set_pos
  File "Code\Databases\DBgames.py", line 1416, in save_game_recno
  File "Code\Databases\DBgames.py", line 1360, in modify
  File "Code\Databases\DBgames.py", line 760, in read_game_recno
  File "Code\Databases\DBgames.py", line 544, in read_complete_recno
IndexError: list index out of range
2026-08-09 01:54:55.796087
Traceback (most recent call last):
  File "Code\Analysis\RunAnalysisControl.py", line 711, in set_pos
  File "Code\Databases\DBgames.py", line 1416, in save_game_recno
  File "Code\Databases\DBgames.py", line 1360, in modify
  File "Code\Databases\DBgames.py", line 760, in read_game_recno
  File "Code\Databases\DBgames.py", line 544, in read_complete_recno
IndexError: list index out of range
2026-08-09 01:54:55.814146
Traceback (most recent call last):
  File "Code\Analysis\RunAnalysisControl.py", line 711, in set_pos
  File "Code\Databases\DBgames.py", line 1416, in save_game_recno
  File "Code\Databases\DBgames.py", line 1360, in modify
  File "Code\Databases\DBgames.py", line 760, in read_game_recno
  File "Code\Databases\DBgames.py", line 544, in read_complete_recno
IndexError: list index out of range
2026-08-09 01:54:55.886244
Traceback (most recent call last):
  File "Code\Analysis\RunAnalysisControl.py", line 711, in set_pos
  File "Code\Databases\DBgames.py", line 1416, in save_game_recno
  File "Code\Databases\DBgames.py", line 1360, in modify
  File "Code\Databases\DBgames.py", line 760, in read_game_recno
  File "Code\Databases\DBgames.py", line 544, in read_complete_recno
IndexError: list index out of range
2026-08-09 01:54:55.993570
Traceback (most recent call last):
  File "Code\Analysis\RunAnalysisControl.py", line 711, in set_pos
  File "Code\Databases\DBgames.py", line 1416, in save_game_recno
  File "Code\Databases\DBgames.py", line 1360, in modify
  File "Code\Databases\DBgames.py", line 760, in read_game_recno
  File "Code\Databases\DBgames.py", line 544, in read_complete_recno
IndexError: list index out of range
2026-08-09 01:54:56.082964
Traceback (most recent call last):
  File "Code\Analysis\RunAnalysisControl.py", line 711, in set_pos
  File "Code\Databases\DBgames.py", line 1416, in save_game_recno
  File "Code\Databases\DBgames.py", line 1360, in modify
  File "Code\Databases\DBgames.py", line 760, in read_game_recno
  File "Code\Databases\DBgames.py", line 544, in read_complete_recno
IndexError: list index out of range
2026-08-09 01:54:56.179448
Traceback (most recent call last):
  File "Code\Analysis\RunAnalysisControl.py", line 711, in set_pos
  File "Code\Databases\DBgames.py", line 1416, in save_game_recno
  File "Code\Databases\DBgames.py", line 1360, in modify
  File "Code\Databases\DBgames.py", line 760, in read_game_recno
  File "Code\Databases\DBgames.py", line 544, in read_complete_recno
IndexError: list index out of range
2026-08-09 01:54:56.305173
Traceback (most recent call last):
  File "Code\Analysis\RunAnalysisControl.py", line 711, in set_pos
  File "Code\Databases\DBgames.py", line 1416, in save_game_recno
  File "Code\Databases\DBgames.py", line 1360, in modify
  File "Code\Databases\DBgames.py", line 760, in read_game_recno
  File "Code\Databases\DBgames.py", line 544, in read_complete_recno
IndexError: list index out of range
2026-08-09 01:54:56.322333
Traceback (most recent call last):
  File "Code\Analysis\RunAnalysisControl.py", line 711, in set_pos
  File "Code\Databases\DBgames.py", line 1416, in save_game_recno
  File "Code\Databases\DBgames.py", line 1360, in modify
  File "Code\Databases\DBgames.py", line 760, in read_game_recno
  File "Code\Databases\DBgames.py", line 544, in read_complete_recno
IndexError: list index out of range
2026-08-09 01:54:56.328637
Traceback (most recent call last):
  File "Code\Analysis\RunAnalysisControl.py", line 711, in set_pos
  File "Code\Databases\DBgames.py", line 1416, in save_game_recno
  File "Code\Databases\DBgames.py", line 1360, in modify
  File "Code\Databases\DBgames.py", line 760, in read_game_recno
  File "Code\Databases\DBgames.py", line 544, in read_complete_recno
IndexError: list index out of range
2026-08-09 01:54:56.416182
Traceback (most recent call last):
  File "Code\Analysis\RunAnalysisControl.py", line 711, in set_pos
  File "Code\Databases\DBgames.py", line 1416, in save_game_recno
  File "Code\Databases\DBgames.py", line 1360, in modify
  File "Code\Databases\DBgames.py", line 760, in read_game_recno
  File "Code\Databases\DBgames.py", line 544, in read_complete_recno
IndexError: list index out of range
2026-08-09 01:54:56.422176
Traceback (most recent call last):
  File "Code\Analysis\RunAnalysisControl.py", line 711, in set_pos
  File "Code\Databases\DBgames.py", line 1416, in save_game_recno
  File "Code\Databases\DBgames.py", line 1360, in modify
  File "Code\Databases\DBgames.py", line 760, in read_game_recno
  File "Code\Databases\DBgames.py", line 544, in read_complete_recno
IndexError: list index out of range
2026-08-09 01:54:56.659479
Traceback (most recent call last):
  File "Code\Analysis\RunAnalysisControl.py", line 711, in set_pos
  File "Code\Databases\DBgames.py", line 1416, in save_game_recno
  File "Code\Databases\DBgames.py", line 1360, in modify
  File "Code\Databases\DBgames.py", line 760, in read_game_recno
  File "Code\Databases\DBgames.py", line 544, in read_complete_recno
IndexError: list index out of range
2026-08-09 01:54:56.773234
Traceback (most recent call last):
  File "Code\Analysis\RunAnalysisControl.py", line 711, in set_pos
  File "Code\Databases\DBgames.py", line 1416, in save_game_recno
  File "Code\Databases\DBgames.py", line 1360, in modify
  File "Code\Databases\DBgames.py", line 760, in read_game_recno
  File "Code\Databases\DBgames.py", line 544, in read_complete_recno
IndexError: list index out of range
2026-08-09 01:54:56.787276
Traceback (most recent call last):
  File "Code\Analysis\RunAnalysisControl.py", line 711, in set_pos
  File "Code\Databases\DBgames.py", line 1416, in save_game_recno
  File "Code\Databases\DBgames.py", line 1360, in modify
  File "Code\Databases\DBgames.py", line 760, in read_game_recno
  File "Code\Databases\DBgames.py", line 544, in read_complete_recno
IndexError: list index out of range
2026-08-09 01:54:56.794508
Traceback (most recent call last):
  File "Code\Analysis\RunAnalysisControl.py", line 711, in set_pos
  File "Code\Databases\DBgames.py", line 1416, in save_game_recno
  File "Code\Databases\DBgames.py", line 1360, in modify
  File "Code\Databases\DBgames.py", line 760, in read_game_recno
  File "Code\Databases\DBgames.py", line 544, in read_complete_recno
IndexError: list index out of range
2026-08-09 01:54:56.848130
Traceback (most recent call last):
  File "Code\Analysis\RunAnalysisControl.py", line 711, in set_pos
  File "Code\Databases\DBgames.py", line 1416, in save_game_recno
  File "Code\Databases\DBgames.py", line 1360, in modify
  File "Code\Databases\DBgames.py", line 760, in read_game_recno
  File "Code\Databases\DBgames.py", line 544, in read_complete_recno
IndexError: list index out of range
2026-08-09 01:56:02.232907
Traceback (most recent call last):
  File "Code\Databases\WDB_Games.py", line 1213, in tw_utilities
AttributeError: 'WGames' object has no attribute 'tw_themes'
2026-08-09 01:56:03.487845
Traceback (most recent call last):
  File "Code\Databases\WDB_Games.py", line 1213, in tw_utilities
AttributeError: 'WGames' object has no attribute 'tw_themes'
2026-08-09 01:56:04.392561
Traceback (most recent call last):
  File "Code\Databases\WDB_Games.py", line 1213, in tw_utilities
AttributeError: 'WGames' object has no attribute 'tw_themes'
2026-08-09 01:56:04.558681
Traceback (most recent call last):
  File "Code\Databases\WDB_Games.py", line 1213, in tw_utilities
AttributeError: 'WGames' object has no attribute 'tw_themes'
2026-08-09 01:56:04.735910
Traceback (most recent call last):
  File "Code\Databases\WDB_Games.py", line 1213, in tw_utilities
AttributeError: 'WGames' object has no attribute 'tw_themes'
2026-08-09 01:56:04.919723
Traceback (most recent call last):
  File "Code\Databases\WDB_Games.py", line 1213, in tw_utilities
AttributeError: 'WGames' object has no attribute 'tw_themes'
2026-08-09 01:56:05.094948
Traceback (most recent call last):
  File "Code\Databases\WDB_Games.py", line 1213, in tw_utilities
AttributeError: 'WGames' object has no attribute 'tw_themes'
2026-08-09 01:56:05.287800
Traceback (most recent call last):
  File "Code\Databases\WDB_Games.py", line 1213, in tw_utilities
AttributeError: 'WGames' object has no attribute 'tw_themes'
2026-08-09 01:56:06.880214
Traceback (most recent call last):
  File "Code\Databases\WDB_Games.py", line 1213, in tw_utilities
AttributeError: 'WGames' object has no attribute 'tw_themes'
2026-08-09 01:56:07.063985
Traceback (most recent call last):
  File "Code\Databases\WDB_Games.py", line 1213, in tw_utilities
AttributeError: 'WGames' object has no attribute 'tw_themes'
2026-08-09 01:56:07.246913
Traceback (most recent call last):
  File "Code\Databases\WDB_Games.py", line 1213, in tw_utilities
AttributeError: 'WGames' object has no attribute 'tw_themes'
2026-08-09 01:56:07.423940
Traceback (most recent call last):
  File "Code\Databases\WDB_Games.py", line 1213, in tw_utilities
AttributeError: 'WGames' object has no attribute 'tw_themes'
2026-08-09 01:56:07.599332
Traceback (most recent call last):
  File "Code\Databases\WDB_Games.py", line 1213, in tw_utilities
AttributeError: 'WGames' object has no attribute 'tw_themes'
2026-08-09 01:56:07.775310
Traceback (most recent call last):
  File "Code\Databases\WDB_Games.py", line 1213, in tw_utilities
AttributeError: 'WGames' object has no attribute 'tw_themes'
2026-08-09 02:00:43.040001
Traceback (most recent call last):
  File "Code\Analysis\RunAnalysisControl.py", line 726, in set_pos
  File "Code\Databases\DBgames.py", line 1416, in save_game_recno
  File "Code\Databases\DBgames.py", line 1360, in modify
  File "Code\Databases\DBgames.py", line 760, in read_game_recno
  File "Code\Databases\DBgames.py", line 544, in read_complete_recno
IndexError: list index out of range
2026-08-09 02:00:43.117921
Traceback (most recent call last):
  File "Code\Analysis\RunAnalysisControl.py", line 726, in set_pos
  File "Code\Databases\DBgames.py", line 1416, in save_game_recno
  File "Code\Databases\DBgames.py", line 1360, in modify
  File "Code\Databases\DBgames.py", line 760, in read_game_recno
  File "Code\Databases\DBgames.py", line 544, in read_complete_recno
IndexError: list index out of range
2026-08-09 02:00:43.195564
Traceback (most recent call last):
  File "Code\Analysis\RunAnalysisControl.py", line 726, in set_pos
  File "Code\Databases\DBgames.py", line 1416, in save_game_recno
  File "Code\Databases\DBgames.py", line 1360, in modify
  File "Code\Databases\DBgames.py", line 760, in read_game_recno
  File "Code\Databases\DBgames.py", line 544, in read_complete_recno
IndexError: list index out of range
2026-08-09 02:00:43.399824
Traceback (most recent call last):
  File "Code\Analysis\RunAnalysisControl.py", line 726, in set_pos
  File "Code\Databases\DBgames.py", line 1416, in save_game_recno
  File "Code\Databases\DBgames.py", line 1360, in modify
  File "Code\Databases\DBgames.py", line 760, in read_game_recno
  File "Code\Databases\DBgames.py", line 544, in read_complete_recno
IndexError: list index out of range
2026-08-09 02:00:43.788065
Traceback (most recent call last):
  File "Code\Analysis\RunAnalysisControl.py", line 726, in set_pos
  File "Code\Databases\DBgames.py", line 1416, in save_game_recno
  File "Code\Databases\DBgames.py", line 1360, in modify
  File "Code\Databases\DBgames.py", line 760, in read_game_recno
  File "Code\Databases\DBgames.py", line 544, in read_complete_recno
IndexError: list index out of range
2026-08-09 02:00:43.944978
Traceback (most recent call last):
  File "Code\Analysis\RunAnalysisControl.py", line 726, in set_pos
  File "Code\Databases\DBgames.py", line 1416, in save_game_recno
  File "Code\Databases\DBgames.py", line 1360, in modify
  File "Code\Databases\DBgames.py", line 760, in read_game_recno
  File "Code\Databases\DBgames.py", line 544, in read_complete_recno
IndexError: list index out of range
2026-08-09 02:00:43.961571
Traceback (most recent call last):
  File "Code\Analysis\RunAnalysisControl.py", line 726, in set_pos
  File "Code\Databases\DBgames.py", line 1416, in save_game_recno
  File "Code\Databases\DBgames.py", line 1360, in modify
  File "Code\Databases\DBgames.py", line 760, in read_game_recno
  File "Code\Databases\DBgames.py", line 544, in read_complete_recno
IndexError: list index out of range
2026-08-09 02:00:43.966061
Traceback (most recent call last):
  File "Code\Analysis\RunAnalysisControl.py", line 726, in set_pos
  File "Code\Databases\DBgames.py", line 1416, in save_game_recno
  File "Code\Databases\DBgames.py", line 1360, in modify
  File "Code\Databases\DBgames.py", line 760, in read_game_recno
  File "Code\Databases\DBgames.py", line 544, in read_complete_recno
IndexError: list index out of range
2026-08-09 02:00:44.032432
Traceback (most recent call last):
  File "Code\Analysis\RunAnalysisControl.py", line 726, in set_pos
  File "Code\Databases\DBgames.py", line 1416, in save_game_recno
  File "Code\Databases\DBgames.py", line 1360, in modify
  File "Code\Databases\DBgames.py", line 760, in read_game_recno
  File "Code\Databases\DBgames.py", line 544, in read_complete_recno
IndexError: list index out of range
2026-08-09 02:00:44.043203
Traceback (most recent call last):
  File "Code\Analysis\RunAnalysisControl.py", line 726, in set_pos
  File "Code\Databases\DBgames.py", line 1416, in save_game_recno
  File "Code\Databases\DBgames.py", line 1360, in modify
  File "Code\Databases\DBgames.py", line 760, in read_game_recno
  File "Code\Databases\DBgames.py", line 544, in read_complete_recno
IndexError: list index out of range
2026-08-09 02:00:44.196375
Traceback (most recent call last):
  File "Code\Analysis\RunAnalysisControl.py", line 726, in set_pos
  File "Code\Databases\DBgames.py", line 1416, in save_game_recno
  File "Code\Databases\DBgames.py", line 1360, in modify
  File "Code\Databases\DBgames.py", line 760, in read_game_recno
  File "Code\Databases\DBgames.py", line 544, in read_complete_recno
IndexError: list index out of range
2026-08-09 02:00:44.275420
Traceback (most recent call last):
  File "Code\Analysis\RunAnalysisControl.py", line 726, in set_pos
  File "Code\Databases\DBgames.py", line 1416, in save_game_recno
  File "Code\Databases\DBgames.py", line 1360, in modify
  File "Code\Databases\DBgames.py", line 760, in read_game_recno
  File "Code\Databases\DBgames.py", line 544, in read_complete_recno
IndexError: list index out of range
2026-08-09 02:00:44.304966
Traceback (most recent call last):
  File "Code\Analysis\RunAnalysisControl.py", line 726, in set_pos
  File "Code\Databases\DBgames.py", line 1416, in save_game_recno
  File "Code\Databases\DBgames.py", line 1360, in modify
  File "Code\Databases\DBgames.py", line 760, in read_game_recno
  File "Code\Databases\DBgames.py", line 544, in read_complete_recno
IndexError: list index out of range
2026-08-09 02:00:44.452985
Traceback (most recent call last):
  File "Code\Analysis\RunAnalysisControl.py", line 726, in set_pos
  File "Code\Databases\DBgames.py", line 1416, in save_game_recno
  File "Code\Databases\DBgames.py", line 1360, in modify
  File "Code\Databases\DBgames.py", line 760, in read_game_recno
  File "Code\Databases\DBgames.py", line 544, in read_complete_recno
IndexError: list index out of range
2026-08-09 02:00:44.469647
Traceback (most recent call last):
  File "Code\Analysis\RunAnalysisControl.py", line 726, in set_pos
  File "Code\Databases\DBgames.py", line 1416, in save_game_recno
  File "Code\Databases\DBgames.py", line 1360, in modify
  File "Code\Databases\DBgames.py", line 760, in read_game_recno
  File "Code\Databases\DBgames.py", line 544, in read_complete_recno
IndexError: list index out of range
2026-08-09 02:00:44.476652
Traceback (most recent call last):
  File "Code\Analysis\RunAnalysisControl.py", line 726, in set_pos
  File "Code\Databases\DBgames.py", line 1416, in save_game_recno
  File "Code\Databases\DBgames.py", line 1360, in modify
  File "Code\Databases\DBgames.py", line 760, in read_game_recno
  File "Code\Databases\DBgames.py", line 544, in read_complete_recno
IndexError: list index out of range
2026-08-09 02:00:44.551238
Traceback (most recent call last):
  File "Code\Analysis\RunAnalysisControl.py", line 726, in set_pos
  File "Code\Databases\DBgames.py", line 1416, in save_game_recno
  File "Code\Databases\DBgames.py", line 1360, in modify
  File "Code\Databases\DBgames.py", line 760, in read_game_recno
  File "Code\Databases\DBgames.py", line 544, in read_complete_recno
IndexError: list index out of range
2026-08-09 02:00:44.812013
Traceback (most recent call last):
  File "Code\Analysis\RunAnalysisControl.py", line 726, in set_pos
  File "Code\Databases\DBgames.py", line 1416, in save_game_recno
  File "Code\Databases\DBgames.py", line 1360, in modify
  File "Code\Databases\DBgames.py", line 760, in read_game_recno
  File "Code\Databases\DBgames.py", line 544, in read_complete_recno
IndexError: list index out of range
2026-08-09 02:00:44.848775
Traceback (most recent call last):
  File "Code\Analysis\RunAnalysisControl.py", line 726, in set_pos
  File "Code\Databases\DBgames.py", line 1416, in save_game_recno
  File "Code\Databases\DBgames.py", line 1360, in modify
  File "Code\Databases\DBgames.py", line 760, in read_game_recno
  File "Code\Databases\DBgames.py", line 544, in read_complete_recno
IndexError: list index out of range
2026-08-09 02:00:44.857240
Traceback (most recent call last):
  File "Code\Analysis\RunAnalysisControl.py", line 726, in set_pos
  File "Code\Databases\DBgames.py", line 1416, in save_game_recno
  File "Code\Databases\DBgames.py", line 1360, in modify
  File "Code\Databases\DBgames.py", line 760, in read_game_recno
  File "Code\Databases\DBgames.py", line 544, in read_complete_recno
IndexError: list index out of range
2026-08-09 02:00:44.973717
Traceback (most recent call last):
  File "Code\Analysis\RunAnalysisControl.py", line 726, in set_pos
  File "Code\Databases\DBgames.py", line 1416, in save_game_recno
  File "Code\Databases\DBgames.py", line 1360, in modify
  File "Code\Databases\DBgames.py", line 760, in read_game_recno
  File "Code\Databases\DBgames.py", line 544, in read_complete_recno
IndexError: list index out of range
2026-08-09 02:00:44.978415
Traceback (most recent call last):
  File "Code\Analysis\RunAnalysisControl.py", line 726, in set_pos
  File "Code\Databases\DBgames.py", line 1416, in save_game_recno
  File "Code\Databases\DBgames.py", line 1360, in modify
  File "Code\Databases\DBgames.py", line 760, in read_game_recno
  File "Code\Databases\DBgames.py", line 544, in read_complete_recno
IndexError: list index out of range
2026-08-09 02:00:45.065118
Traceback (most recent call last):
  File "Code\Analysis\RunAnalysisControl.py", line 726, in set_pos
  File "Code\Databases\DBgames.py", line 1416, in save_game_recno
  File "Code\Databases\DBgames.py", line 1360, in modify
  File "Code\Databases\DBgames.py", line 760, in read_game_recno
  File "Code\Databases\DBgames.py", line 544, in read_complete_recno
IndexError: list index out of range
2026-08-09 02:00:45.079737
Traceback (most recent call last):
  File "Code\Analysis\RunAnalysisControl.py", line 726, in set_pos
  File "Code\Databases\DBgames.py", line 1416, in save_game_recno
  File "Code\Databases\DBgames.py", line 1360, in modify
  File "Code\Databases\DBgames.py", line 760, in read_game_recno
  File "Code\Databases\DBgames.py", line 544, in read_complete_recno
IndexError: list index out of range
2026-08-09 02:00:45.247633
Traceback (most recent call last):
  File "Code\Analysis\RunAnalysisControl.py", line 726, in set_pos
  File "Code\Databases\DBgames.py", line 1416, in save_game_recno
  File "Code\Databases\DBgames.py", line 1360, in modify
  File "Code\Databases\DBgames.py", line 760, in read_game_recno
  File "Code\Databases\DBgames.py", line 544, in read_complete_recno
IndexError: list index out of range
2026-08-09 02:00:45.284856
Traceback (most recent call last):
  File "Code\Analysis\RunAnalysisControl.py", line 726, in set_pos
  File "Code\Databases\DBgames.py", line 1416, in save_game_recno
  File "Code\Databases\DBgames.py", line 1360, in modify
  File "Code\Databases\DBgames.py", line 760, in read_game_recno
  File "Code\Databases\DBgames.py", line 544, in read_complete_recno
IndexError: list index out of range
2026-08-09 02:00:45.498497
Traceback (most recent call last):
  File "Code\Analysis\RunAnalysisControl.py", line 726, in set_pos
  File "Code\Databases\DBgames.py", line 1416, in save_game_recno
  File "Code\Databases\DBgames.py", line 1360, in modify
  File "Code\Databases\DBgames.py", line 760, in read_game_recno
  File "Code\Databases\DBgames.py", line 544, in read_complete_recno
IndexError: list index out of range
2026-08-09 02:00:45.504498
Traceback (most recent call last):
  File "Code\Analysis\RunAnalysisControl.py", line 726, in set_pos
  File "Code\Databases\DBgames.py", line 1416, in save_game_recno
  File "Code\Databases\DBgames.py", line 1360, in modify
  File "Code\Databases\DBgames.py", line 760, in read_game_recno
  File "Code\Databases\DBgames.py", line 544, in read_complete_recno
IndexError: list index out of range
2026-08-09 02:00:45.553316
Traceback (most recent call last):
  File "Code\Analysis\RunAnalysisControl.py", line 726, in set_pos
  File "Code\Databases\DBgames.py", line 1416, in save_game_recno
  File "Code\Databases\DBgames.py", line 1360, in modify
  File "Code\Databases\DBgames.py", line 760, in read_game_recno
  File "Code\Databases\DBgames.py", line 544, in read_complete_recno
IndexError: list index out of range
2026-08-09 02:00:45.572197
Traceback (most recent call last):
  File "Code\Analysis\RunAnalysisControl.py", line 726, in set_pos
  File "Code\Databases\DBgames.py", line 1416, in save_game_recno
  File "Code\Databases\DBgames.py", line 1360, in modify
  File "Code\Databases\DBgames.py", line 760, in read_game_recno
  File "Code\Databases\DBgames.py", line 544, in read_complete_recno
IndexError: list index out of range
2026-08-09 02:00:45.577194
Traceback (most recent call last):
  File "Code\Analysis\RunAnalysisControl.py", line 726, in set_pos
  File "Code\Databases\DBgames.py", line 1416, in save_game_recno
  File "Code\Databases\DBgames.py", line 1360, in modify
  File "Code\Databases\DBgames.py", line 760, in read_game_recno
  File "Code\Databases\DBgames.py", line 544, in read_complete_recno
IndexError: list index out of range
2026-08-09 02:00:45.849782
Traceback (most recent call last):
  File "Code\Analysis\RunAnalysisControl.py", line 726, in set_pos
  File "Code\Databases\DBgames.py", line 1416, in save_game_recno
  File "Code\Databases\DBgames.py", line 1360, in modify
  File "Code\Databases\DBgames.py", line 760, in read_game_recno
  File "Code\Databases\DBgames.py", line 544, in read_complete_recno
IndexError: list index out of range
2026-08-09 02:00:45.975252
Traceback (most recent call last):
  File "Code\Analysis\RunAnalysisControl.py", line 726, in set_pos
  File "Code\Databases\DBgames.py", line 1416, in save_game_recno
  File "Code\Databases\DBgames.py", line 1360, in modify
  File "Code\Databases\DBgames.py", line 760, in read_game_recno
  File "Code\Databases\DBgames.py", line 544, in read_complete_recno
IndexError: list index out of range
2026-08-09 02:00:46.043054
Traceback (most recent call last):
  File "Code\Analysis\RunAnalysisControl.py", line 726, in set_pos
  File "Code\Databases\DBgames.py", line 1416, in save_game_recno
  File "Code\Databases\DBgames.py", line 1360, in modify
  File "Code\Databases\DBgames.py", line 760, in read_game_recno
  File "Code\Databases\DBgames.py", line 544, in read_complete_recno
IndexError: list index out of range
2026-08-09 02:00:46.053419
Traceback (most recent call last):
  File "Code\Analysis\RunAnalysisControl.py", line 726, in set_pos
  File "Code\Databases\DBgames.py", line 1416, in save_game_recno
  File "Code\Databases\DBgames.py", line 1360, in modify
  File "Code\Databases\DBgames.py", line 760, in read_game_recno
  File "Code\Databases\DBgames.py", line 544, in read_complete_recno
IndexError: list index out of range
2026-08-09 02:00:46.074769
Traceback (most recent call last):
  File "Code\Analysis\RunAnalysisControl.py", line 726, in set_pos
  File "Code\Databases\DBgames.py", line 1416, in save_game_recno
  File "Code\Databases\DBgames.py", line 1360, in modify
  File "Code\Databases\DBgames.py", line 760, in read_game_recno
  File "Code\Databases\DBgames.py", line 544, in read_complete_recno
IndexError: list index out of range
2026-08-09 02:00:46.161469
Traceback (most recent call last):
  File "Code\Analysis\RunAnalysisControl.py", line 726, in set_pos
  File "Code\Databases\DBgames.py", line 1416, in save_game_recno
  File "Code\Databases\DBgames.py", line 1360, in modify
  File "Code\Databases\DBgames.py", line 760, in read_game_recno
  File "Code\Databases\DBgames.py", line 544, in read_complete_recno
IndexError: list index out of range
2026-08-09 02:00:46.227691
Traceback (most recent call last):
  File "Code\Analysis\RunAnalysisControl.py", line 726, in set_pos
  File "Code\Databases\DBgames.py", line 1416, in save_game_recno
  File "Code\Databases\DBgames.py", line 1360, in modify
  File "Code\Databases\DBgames.py", line 760, in read_game_recno
  File "Code\Databases\DBgames.py", line 544, in read_complete_recno
IndexError: list index out of range
2026-08-09 02:00:46.497699
Traceback (most recent call last):
  File "Code\Analysis\RunAnalysisControl.py", line 726, in set_pos
  File "Code\Databases\DBgames.py", line 1416, in save_game_recno
  File "Code\Databases\DBgames.py", line 1360, in modify
  File "Code\Databases\DBgames.py", line 760, in read_game_recno
  File "Code\Databases\DBgames.py", line 544, in read_complete_recno
IndexError: list index out of range
2026-08-09 02:00:46.503461
Traceback (most recent call last):
  File "Code\Analysis\RunAnalysisControl.py", line 726, in set_pos
  File "Code\Databases\DBgames.py", line 1416, in save_game_recno
  File "Code\Databases\DBgames.py", line 1360, in modify
  File "Code\Databases\DBgames.py", line 760, in read_game_recno
  File "Code\Databases\DBgames.py", line 544, in read_complete_recno
IndexError: list index out of range
2026-08-09 02:00:46.611378
Traceback (most recent call last):
  File "Code\Analysis\RunAnalysisControl.py", line 726, in set_pos
  File "Code\Databases\DBgames.py", line 1416, in save_game_recno
  File "Code\Databases\DBgames.py", line 1360, in modify
  File "Code\Databases\DBgames.py", line 760, in read_game_recno
  File "Code\Databases\DBgames.py", line 544, in read_complete_recno
IndexError: list index out of range
2026-08-09 02:00:46.623660
Traceback (most recent call last):
  File "Code\Analysis\RunAnalysisControl.py", line 726, in set_pos
  File "Code\Databases\DBgames.py", line 1416, in save_game_recno
  File "Code\Databases\DBgames.py", line 1360, in modify
  File "Code\Databases\DBgames.py", line 760, in read_game_recno
  File "Code\Databases\DBgames.py", line 544, in read_complete_recno
IndexError: list index out of range
2026-08-09 02:00:46.639021
Traceback (most recent call last):
  File "Code\Analysis\RunAnalysisControl.py", line 726, in set_pos
  File "Code\Databases\DBgames.py", line 1416, in save_game_recno
  File "Code\Databases\DBgames.py", line 1360, in modify
  File "Code\Databases\DBgames.py", line 760, in read_game_recno
  File "Code\Databases\DBgames.py", line 544, in read_complete_recno
IndexError: list index out of range
2026-08-09 02:00:46.645022
Traceback (most recent call last):
  File "Code\Analysis\RunAnalysisControl.py", line 726, in set_pos
  File "Code\Databases\DBgames.py", line 1416, in save_game_recno
  File "Code\Databases\DBgames.py", line 1360, in modify
  File "Code\Databases\DBgames.py", line 760, in read_game_recno
  File "Code\Databases\DBgames.py", line 544, in read_complete_recno
IndexError: list index out of range
2026-08-09 02:00:46.939999
Traceback (most recent call last):
  File "Code\Analysis\RunAnalysisControl.py", line 726, in set_pos
  File "Code\Databases\DBgames.py", line 1416, in save_game_recno
  File "Code\Databases\DBgames.py", line 1360, in modify
  File "Code\Databases\DBgames.py", line 760, in read_game_recno
  File "Code\Databases\DBgames.py", line 544, in read_complete_recno
IndexError: list index out of range
2026-08-09 02:00:47.034563
Traceback (most recent call last):
  File "Code\Analysis\RunAnalysisControl.py", line 726, in set_pos
  File "Code\Databases\DBgames.py", line 1416, in save_game_recno
  File "Code\Databases\DBgames.py", line 1360, in modify
  File "Code\Databases\DBgames.py", line 760, in read_game_recno
  File "Code\Databases\DBgames.py", line 544, in read_complete_recno
IndexError: list index out of range
2026-08-09 02:00:47.051513
Traceback (most recent call last):
  File "Code\Analysis\RunAnalysisControl.py", line 726, in set_pos
  File "Code\Databases\DBgames.py", line 1416, in save_game_recno
  File "Code\Databases\DBgames.py", line 1360, in modify
  File "Code\Databases\DBgames.py", line 760, in read_game_recno
  File "Code\Databases\DBgames.py", line 544, in read_complete_recno
IndexError: list index out of range
2026-08-09 02:00:47.069138
Traceback (most recent call last):
  File "Code\Analysis\RunAnalysisControl.py", line 726, in set_pos
  File "Code\Databases\DBgames.py", line 1416, in save_game_recno
  File "Code\Databases\DBgames.py", line 1360, in modify
  File "Code\Databases\DBgames.py", line 760, in read_game_recno
  File "Code\Databases\DBgames.py", line 544, in read_complete_recno
IndexError: list index out of range
2026-08-09 02:00:47.075197
Traceback (most recent call last):
  File "Code\Analysis\RunAnalysisControl.py", line 726, in set_pos
  File "Code\Databases\DBgames.py", line 1416, in save_game_recno
  File "Code\Databases\DBgames.py", line 1360, in modify
  File "Code\Databases\DBgames.py", line 760, in read_game_recno
  File "Code\Databases\DBgames.py", line 544, in read_complete_recno
IndexError: list index out of range
2026-08-09 02:00:47.127320
Traceback (most recent call last):
  File "Code\Analysis\RunAnalysisControl.py", line 726, in set_pos
  File "Code\Databases\DBgames.py", line 1416, in save_game_recno
  File "Code\Databases\DBgames.py", line 1360, in modify
  File "Code\Databases\DBgames.py", line 760, in read_game_recno
  File "Code\Databases\DBgames.py", line 544, in read_complete_recno
IndexError: list index out of range
2026-08-09 02:00:47.464316
Traceback (most recent call last):
  File "Code\Analysis\RunAnalysisControl.py", line 726, in set_pos
  File "Code\Databases\DBgames.py", line 1416, in save_game_recno
  File "Code\Databases\DBgames.py", line 1360, in modify
  File "Code\Databases\DBgames.py", line 760, in read_game_recno
  File "Code\Databases\DBgames.py", line 544, in read_complete_recno
IndexError: list index out of range
2026-08-09 02:00:47.479505
Traceback (most recent call last):
  File "Code\Analysis\RunAnalysisControl.py", line 726, in set_pos
  File "Code\Databases\DBgames.py", line 1416, in save_game_recno
  File "Code\Databases\DBgames.py", line 1360, in modify
  File "Code\Databases\DBgames.py", line 760, in read_game_recno
  File "Code\Databases\DBgames.py", line 544, in read_complete_recno
IndexError: list index out of range
2026-08-09 02:00:47.494165
Traceback (most recent call last):
  File "Code\Analysis\RunAnalysisControl.py", line 726, in set_pos
  File "Code\Databases\DBgames.py", line 1416, in save_game_recno
  File "Code\Databases\DBgames.py", line 1360, in modify
  File "Code\Databases\DBgames.py", line 760, in read_game_recno
  File "Code\Databases\DBgames.py", line 544, in read_complete_recno
IndexError: list index out of range
2026-08-09 02:00:47.499638
Traceback (most recent call last):
  File "Code\Analysis\RunAnalysisControl.py", line 726, in set_pos
  File "Code\Databases\DBgames.py", line 1416, in save_game_recno
  File "Code\Databases\DBgames.py", line 1360, in modify
  File "Code\Databases\DBgames.py", line 760, in read_game_recno
  File "Code\Databases\DBgames.py", line 544, in read_complete_recno
IndexError: list index out of range
2026-08-09 02:00:47.612709
Traceback (most recent call last):
  File "Code\Analysis\RunAnalysisControl.py", line 726, in set_pos
  File "Code\Databases\DBgames.py", line 1416, in save_game_recno
  File "Code\Databases\DBgames.py", line 1360, in modify
  File "Code\Databases\DBgames.py", line 760, in read_game_recno
  File "Code\Databases\DBgames.py", line 544, in read_complete_recno
IndexError: list index out of range
2026-08-09 02:00:47.777468
Traceback (most recent call last):
  File "Code\Analysis\RunAnalysisControl.py", line 726, in set_pos
  File "Code\Databases\DBgames.py", line 1416, in save_game_recno
  File "Code\Databases\DBgames.py", line 1360, in modify
  File "Code\Databases\DBgames.py", line 760, in read_game_recno
  File "Code\Databases\DBgames.py", line 544, in read_complete_recno
IndexError: list index out of range
2026-08-09 02:00:47.847483
Traceback (most recent call last):
  File "Code\Analysis\RunAnalysisControl.py", line 726, in set_pos
  File "Code\Databases\DBgames.py", line 1416, in save_game_recno
  File "Code\Databases\DBgames.py", line 1360, in modify
  File "Code\Databases\DBgames.py", line 760, in read_game_recno
  File "Code\Databases\DBgames.py", line 544, in read_complete_recno
IndexError: list index out of range
2026-08-09 02:00:47.861486
Traceback (most recent call last):
  File "Code\Analysis\RunAnalysisControl.py", line 726, in set_pos
  File "Code\Databases\DBgames.py", line 1416, in save_game_recno
  File "Code\Databases\DBgames.py", line 1360, in modify
  File "Code\Databases\DBgames.py", line 760, in read_game_recno
  File "Code\Databases\DBgames.py", line 544, in read_complete_recno
IndexError: list index out of range
2026-08-09 02:00:47.867993
Traceback (most recent call last):
  File "Code\Analysis\RunAnalysisControl.py", line 726, in set_pos
  File "Code\Databases\DBgames.py", line 1416, in save_game_recno
  File "Code\Databases\DBgames.py", line 1360, in modify
  File "Code\Databases\DBgames.py", line 760, in read_game_recno
  File "Code\Databases\DBgames.py", line 544, in read_complete_recno
IndexError: list index out of range
2026-08-09 02:00:47.977026
Traceback (most recent call last):
  File "Code\Analysis\RunAnalysisControl.py", line 726, in set_pos
  File "Code\Databases\DBgames.py", line 1416, in save_game_recno
  File "Code\Databases\DBgames.py", line 1360, in modify
  File "Code\Databases\DBgames.py", line 760, in read_game_recno
  File "Code\Databases\DBgames.py", line 544, in read_complete_recno
IndexError: list index out of range
2026-08-09 02:00:48.138254
Traceback (most recent call last):
  File "Code\Analysis\RunAnalysisControl.py", line 726, in set_pos
  File "Code\Databases\DBgames.py", line 1416, in save_game_recno
  File "Code\Databases\DBgames.py", line 1360, in modify
  File "Code\Databases\DBgames.py", line 760, in read_game_recno
  File "Code\Databases\DBgames.py", line 544, in read_complete_recno
IndexError: list index out of range
2026-08-09 02:00:48.146248
Traceback (most recent call last):
  File "Code\Analysis\RunAnalysisControl.py", line 726, in set_pos
  File "Code\Databases\DBgames.py", line 1416, in save_game_recno
  File "Code\Databases\DBgames.py", line 1360, in modify
  File "Code\Databases\DBgames.py", line 760, in read_game_recno
  File "Code\Databases\DBgames.py", line 544, in read_complete_recno
IndexError: list index out of range
2026-08-09 02:00:48.305376
Traceback (most recent call last):
  File "Code\Analysis\RunAnalysisControl.py", line 726, in set_pos
  File "Code\Databases\DBgames.py", line 1416, in save_game_recno
  File "Code\Databases\DBgames.py", line 1360, in modify
  File "Code\Databases\DBgames.py", line 760, in read_game_recno
  File "Code\Databases\DBgames.py", line 544, in read_complete_recno
IndexError: list index out of range
2026-08-09 02:00:48.433713
Traceback (most recent call last):
  File "Code\Analysis\RunAnalysisControl.py", line 726, in set_pos
  File "Code\Databases\DBgames.py", line 1416, in save_game_recno
  File "Code\Databases\DBgames.py", line 1360, in modify
  File "Code\Databases\DBgames.py", line 760, in read_game_recno
  File "Code\Databases\DBgames.py", line 544, in read_complete_recno
IndexError: list index out of range
2026-08-09 02:00:48.454277
Traceback (most recent call last):
  File "Code\Analysis\RunAnalysisControl.py", line 726, in set_pos
  File "Code\Databases\DBgames.py", line 1416, in save_game_recno
  File "Code\Databases\DBgames.py", line 1360, in modify
  File "Code\Databases\DBgames.py", line 760, in read_game_recno
  File "Code\Databases\DBgames.py", line 544, in read_complete_recno
IndexError: list index out of range
2026-08-09 02:00:48.459272
Traceback (most recent call last):
  File "Code\Analysis\RunAnalysisControl.py", line 726, in set_pos
  File "Code\Databases\DBgames.py", line 1416, in save_game_recno
  File "Code\Databases\DBgames.py", line 1360, in modify
  File "Code\Databases\DBgames.py", line 760, in read_game_recno
  File "Code\Databases\DBgames.py", line 544, in read_complete_recno
IndexError: list index out of range
2026-08-09 02:00:48.671437
Traceback (most recent call last):
  File "Code\Analysis\RunAnalysisControl.py", line 726, in set_pos
  File "Code\Databases\DBgames.py", line 1416, in save_game_recno
  File "Code\Databases\DBgames.py", line 1360, in modify
  File "Code\Databases\DBgames.py", line 760, in read_game_recno
  File "Code\Databases\DBgames.py", line 544, in read_complete_recno
IndexError: list index out of range
2026-08-09 02:00:48.728327
Traceback (most recent call last):
  File "Code\Analysis\RunAnalysisControl.py", line 726, in set_pos
  File "Code\Databases\DBgames.py", line 1416, in save_game_recno
  File "Code\Databases\DBgames.py", line 1360, in modify
  File "Code\Databases\DBgames.py", line 760, in read_game_recno
  File "Code\Databases\DBgames.py", line 544, in read_complete_recno
IndexError: list index out of range
2026-08-09 02:00:48.757993
Traceback (most recent call last):
  File "Code\Analysis\RunAnalysisControl.py", line 726, in set_pos
  File "Code\Databases\DBgames.py", line 1416, in save_game_recno
  File "Code\Databases\DBgames.py", line 1360, in modify
  File "Code\Databases\DBgames.py", line 760, in read_game_recno
  File "Code\Databases\DBgames.py", line 544, in read_complete_recno
IndexError: list index out of range
2026-08-09 02:00:48.764469
Traceback (most recent call last):
  File "Code\Analysis\RunAnalysisControl.py", line 726, in set_pos
  File "Code\Databases\DBgames.py", line 1416, in save_game_recno
  File "Code\Databases\DBgames.py", line 1360, in modify
  File "Code\Databases\DBgames.py", line 760, in read_game_recno
  File "Code\Databases\DBgames.py", line 544, in read_complete_recno
IndexError: list index out of range
2026-08-09 02:00:48.852636
Traceback (most recent call last):
  File "Code\Analysis\RunAnalysisControl.py", line 726, in set_pos
  File "Code\Databases\DBgames.py", line 1416, in save_game_recno
  File "Code\Databases\DBgames.py", line 1360, in modify
  File "Code\Databases\DBgames.py", line 760, in read_game_recno
  File "Code\Databases\DBgames.py", line 544, in read_complete_recno
IndexError: list index out of range
2026-08-09 02:00:48.859974
Traceback (most recent call last):
  File "Code\Analysis\RunAnalysisControl.py", line 726, in set_pos
  File "Code\Databases\DBgames.py", line 1416, in save_game_recno
  File "Code\Databases\DBgames.py", line 1360, in modify
  File "Code\Databases\DBgames.py", line 760, in read_game_recno
  File "Code\Databases\DBgames.py", line 544, in read_complete_recno
IndexError: list index out of range
2026-08-09 02:00:49.071186
Traceback (most recent call last):
  File "Code\Analysis\RunAnalysisControl.py", line 726, in set_pos
  File "Code\Databases\DBgames.py", line 1416, in save_game_recno
  File "Code\Databases\DBgames.py", line 1360, in modify
  File "Code\Databases\DBgames.py", line 760, in read_game_recno
  File "Code\Databases\DBgames.py", line 544, in read_complete_recno
IndexError: list index out of range
2026-08-09 02:00:49.091013
Traceback (most recent call last):
  File "Code\Analysis\RunAnalysisControl.py", line 726, in set_pos
  File "Code\Databases\DBgames.py", line 1416, in save_game_recno
  File "Code\Databases\DBgames.py", line 1360, in modify
  File "Code\Databases\DBgames.py", line 760, in read_game_recno
  File "Code\Databases\DBgames.py", line 544, in read_complete_recno
IndexError: list index out of range
2026-08-09 02:00:49.156458
Traceback (most recent call last):
  File "Code\Analysis\RunAnalysisControl.py", line 726, in set_pos
  File "Code\Databases\DBgames.py", line 1416, in save_game_recno
  File "Code\Databases\DBgames.py", line 1360, in modify
  File "Code\Databases\DBgames.py", line 760, in read_game_recno
  File "Code\Databases\DBgames.py", line 544, in read_complete_recno
IndexError: list index out of range
2026-08-09 02:00:49.179965
Traceback (most recent call last):
  File "Code\Analysis\RunAnalysisControl.py", line 726, in set_pos
  File "Code\Databases\DBgames.py", line 1416, in save_game_recno
  File "Code\Databases\DBgames.py", line 1360, in modify
  File "Code\Databases\DBgames.py", line 760, in read_game_recno
  File "Code\Databases\DBgames.py", line 544, in read_complete_recno
IndexError: list index out of range
2026-08-09 02:00:49.270329
Traceback (most recent call last):
  File "Code\Analysis\RunAnalysisControl.py", line 726, in set_pos
  File "Code\Databases\DBgames.py", line 1416, in save_game_recno
  File "Code\Databases\DBgames.py", line 1360, in modify
  File "Code\Databases\DBgames.py", line 760, in read_game_recno
  File "Code\Databases\DBgames.py", line 544, in read_complete_recno
IndexError: list index out of range
2026-08-09 02:00:49.278489
Traceback (most recent call last):
  File "Code\Analysis\RunAnalysisControl.py", line 726, in set_pos
  File "Code\Databases\DBgames.py", line 1416, in save_game_recno
  File "Code\Databases\DBgames.py", line 1360, in modify
  File "Code\Databases\DBgames.py", line 760, in read_game_recno
  File "Code\Databases\DBgames.py", line 544, in read_complete_recno
IndexError: list index out of range
2026-08-09 02:00:49.533171
Traceback (most recent call last):
  File "Code\Analysis\RunAnalysisControl.py", line 726, in set_pos
  File "Code\Databases\DBgames.py", line 1416, in save_game_recno
  File "Code\Databases\DBgames.py", line 1360, in modify
  File "Code\Databases\DBgames.py", line 760, in read_game_recno
  File "Code\Databases\DBgames.py", line 544, in read_complete_recno
IndexError: list index out of range
2026-08-09 02:00:49.601595
Traceback (most recent call last):
  File "Code\Analysis\RunAnalysisControl.py", line 726, in set_pos
  File "Code\Databases\DBgames.py", line 1416, in save_game_recno
  File "Code\Databases\DBgames.py", line 1360, in modify
  File "Code\Databases\DBgames.py", line 760, in read_game_recno
  File "Code\Databases\DBgames.py", line 544, in read_complete_recno
IndexError: list index out of range
2026-08-09 02:00:49.704782
Traceback (most recent call last):
  File "Code\Analysis\RunAnalysisControl.py", line 726, in set_pos
  File "Code\Databases\DBgames.py", line 1416, in save_game_recno
  File "Code\Databases\DBgames.py", line 1360, in modify
  File "Code\Databases\DBgames.py", line 760, in read_game_recno
  File "Code\Databases\DBgames.py", line 544, in read_complete_recno
IndexError: list index out of range
2026-08-09 02:00:49.721413
Traceback (most recent call last):
  File "Code\Analysis\RunAnalysisControl.py", line 726, in set_pos
  File "Code\Databases\DBgames.py", line 1416, in save_game_recno
  File "Code\Databases\DBgames.py", line 1360, in modify
  File "Code\Databases\DBgames.py", line 760, in read_game_recno
  File "Code\Databases\DBgames.py", line 544, in read_complete_recno
IndexError: list index out of range
2026-08-09 02:00:49.724736
Traceback (most recent call last):
  File "Code\Analysis\RunAnalysisControl.py", line 726, in set_pos
  File "Code\Databases\DBgames.py", line 1416, in save_game_recno
  File "Code\Databases\DBgames.py", line 1360, in modify
  File "Code\Databases\DBgames.py", line 760, in read_game_recno
  File "Code\Databases\DBgames.py", line 544, in read_complete_recno
IndexError: list index out of range
2026-08-09 02:00:49.776824
Traceback (most recent call last):
  File "Code\Analysis\RunAnalysisControl.py", line 726, in set_pos
  File "Code\Databases\DBgames.py", line 1416, in save_game_recno
  File "Code\Databases\DBgames.py", line 1360, in modify
  File "Code\Databases\DBgames.py", line 760, in read_game_recno
  File "Code\Databases\DBgames.py", line 544, in read_complete_recno
IndexError: list index out of range
2026-08-09 02:00:49.835514
Traceback (most recent call last):
  File "Code\Analysis\RunAnalysisControl.py", line 726, in set_pos
  File "Code\Databases\DBgames.py", line 1416, in save_game_recno
  File "Code\Databases\DBgames.py", line 1360, in modify
  File "Code\Databases\DBgames.py", line 760, in read_game_recno
  File "Code\Databases\DBgames.py", line 544, in read_complete_recno
IndexError: list index out of range
2026-08-09 02:00:50.149688
Traceback (most recent call last):
  File "Code\Analysis\RunAnalysisControl.py", line 726, in set_pos
  File "Code\Databases\DBgames.py", line 1416, in save_game_recno
  File "Code\Databases\DBgames.py", line 1360, in modify
  File "Code\Databases\DBgames.py", line 760, in read_game_recno
  File "Code\Databases\DBgames.py", line 544, in read_complete_recno
IndexError: list index out of range
2026-08-09 02:00:50.189335
Traceback (most recent call last):
  File "Code\Analysis\RunAnalysisControl.py", line 726, in set_pos
  File "Code\Databases\DBgames.py", line 1416, in save_game_recno
  File "Code\Databases\DBgames.py", line 1360, in modify
  File "Code\Databases\DBgames.py", line 760, in read_game_recno
  File "Code\Databases\DBgames.py", line 544, in read_complete_recno
IndexError: list index out of range
2026-08-09 02:00:50.206335
Traceback (most recent call last):
  File "Code\Analysis\RunAnalysisControl.py", line 726, in set_pos
  File "Code\Databases\DBgames.py", line 1416, in save_game_recno
  File "Code\Databases\DBgames.py", line 1360, in modify
  File "Code\Databases\DBgames.py", line 760, in read_game_recno
  File "Code\Databases\DBgames.py", line 544, in read_complete_recno
IndexError: list index out of range
2026-08-09 02:00:50.263877
Traceback (most recent call last):
  File "Code\Analysis\RunAnalysisControl.py", line 726, in set_pos
  File "Code\Databases\DBgames.py", line 1416, in save_game_recno
  File "Code\Databases\DBgames.py", line 1360, in modify
  File "Code\Databases\DBgames.py", line 760, in read_game_recno
  File "Code\Databases\DBgames.py", line 544, in read_complete_recno
IndexError: list index out of range
2026-08-09 02:00:50.267191
Traceback (most recent call last):
  File "Code\Analysis\RunAnalysisControl.py", line 726, in set_pos
  File "Code\Databases\DBgames.py", line 1416, in save_game_recno
  File "Code\Databases\DBgames.py", line 1360, in modify
  File "Code\Databases\DBgames.py", line 760, in read_game_recno
  File "Code\Databases\DBgames.py", line 544, in read_complete_recno
IndexError: list index out of range
2026-08-09 02:00:50.318127
Traceback (most recent call last):
  File "Code\Analysis\RunAnalysisControl.py", line 726, in set_pos
  File "Code\Databases\DBgames.py", line 1416, in save_game_recno
  File "Code\Databases\DBgames.py", line 1360, in modify
  File "Code\Databases\DBgames.py", line 760, in read_game_recno
  File "Code\Databases\DBgames.py", line 544, in read_complete_recno
IndexError: list index out of range
2026-08-09 02:00:50.602718
Traceback (most recent call last):
  File "Code\Analysis\RunAnalysisControl.py", line 726, in set_pos
  File "Code\Databases\DBgames.py", line 1416, in save_game_recno
  File "Code\Databases\DBgames.py", line 1360, in modify
  File "Code\Databases\DBgames.py", line 760, in read_game_recno
  File "Code\Databases\DBgames.py", line 544, in read_complete_recno
IndexError: list index out of range
2026-08-09 02:00:50.609929
Traceback (most recent call last):
  File "Code\Analysis\RunAnalysisControl.py", line 726, in set_pos
  File "Code\Databases\DBgames.py", line 1416, in save_game_recno
  File "Code\Databases\DBgames.py", line 1360, in modify
  File "Code\Databases\DBgames.py", line 760, in read_game_recno
  File "Code\Databases\DBgames.py", line 544, in read_complete_recno
IndexError: list index out of range
2026-08-09 02:00:50.689985
Traceback (most recent call last):
  File "Code\Analysis\RunAnalysisControl.py", line 726, in set_pos
  File "Code\Databases\DBgames.py", line 1416, in save_game_recno
  File "Code\Databases\DBgames.py", line 1360, in modify
  File "Code\Databases\DBgames.py", line 760, in read_game_recno
  File "Code\Databases\DBgames.py", line 544, in read_complete_recno
IndexError: list index out of range
2026-08-09 02:00:50.709604
Traceback (most recent call last):
  File "Code\Analysis\RunAnalysisControl.py", line 726, in set_pos
  File "Code\Databases\DBgames.py", line 1416, in save_game_recno
  File "Code\Databases\DBgames.py", line 1360, in modify
  File "Code\Databases\DBgames.py", line 760, in read_game_recno
  File "Code\Databases\DBgames.py", line 544, in read_complete_recno
IndexError: list index out of range
2026-08-09 02:00:50.896537
Traceback (most recent call last):
  File "Code\Analysis\RunAnalysisControl.py", line 726, in set_pos
  File "Code\Databases\DBgames.py", line 1416, in save_game_recno
  File "Code\Databases\DBgames.py", line 1360, in modify
  File "Code\Databases\DBgames.py", line 760, in read_game_recno
  File "Code\Databases\DBgames.py", line 544, in read_complete_recno
IndexError: list index out of range
2026-08-09 02:00:50.975815
Traceback (most recent call last):
  File "Code\Analysis\RunAnalysisControl.py", line 726, in set_pos
  File "Code\Databases\DBgames.py", line 1416, in save_game_recno
  File "Code\Databases\DBgames.py", line 1360, in modify
  File "Code\Databases\DBgames.py", line 760, in read_game_recno
  File "Code\Databases\DBgames.py", line 544, in read_complete_recno
IndexError: list index out of range
2026-08-09 02:00:51.002969
Traceback (most recent call last):
  File "Code\Analysis\RunAnalysisControl.py", line 726, in set_pos
  File "Code\Databases\DBgames.py", line 1416, in save_game_recno
  File "Code\Databases\DBgames.py", line 1360, in modify
  File "Code\Databases\DBgames.py", line 760, in read_game_recno
  File "Code\Databases\DBgames.py", line 544, in read_complete_recno
IndexError: list index out of range
2026-08-09 02:00:51.008968
Traceback (most recent call last):
  File "Code\Analysis\RunAnalysisControl.py", line 726, in set_pos
  File "Code\Databases\DBgames.py", line 1416, in save_game_recno
  File "Code\Databases\DBgames.py", line 1360, in modify
  File "Code\Databases\DBgames.py", line 760, in read_game_recno
  File "Code\Databases\DBgames.py", line 544, in read_complete_recno
IndexError: list index out of range
2026-08-09 02:00:51.063810
Traceback (most recent call last):
  File "Code\Analysis\RunAnalysisControl.py", line 726, in set_pos
  File "Code\Databases\DBgames.py", line 1416, in save_game_recno
  File "Code\Databases\DBgames.py", line 1360, in modify
  File "Code\Databases\DBgames.py", line 760, in read_game_recno
  File "Code\Databases\DBgames.py", line 544, in read_complete_recno
IndexError: list index out of range
2026-08-09 02:00:51.099157
Traceback (most recent call last):
  File "Code\Analysis\RunAnalysisControl.py", line 726, in set_pos
  File "Code\Databases\DBgames.py", line 1416, in save_game_recno
  File "Code\Databases\DBgames.py", line 1360, in modify
  File "Code\Databases\DBgames.py", line 760, in read_game_recno
  File "Code\Databases\DBgames.py", line 544, in read_complete_recno
IndexError: list index out of range
2026-08-09 02:00:51.336820
Traceback (most recent call last):
  File "Code\Analysis\RunAnalysisControl.py", line 726, in set_pos
  File "Code\Databases\DBgames.py", line 1416, in save_game_recno
  File "Code\Databases\DBgames.py", line 1360, in modify
  File "Code\Databases\DBgames.py", line 760, in read_game_recno
  File "Code\Databases\DBgames.py", line 544, in read_complete_recno
IndexError: list index out of range
2026-08-09 02:00:51.371797
Traceback (most recent call last):
  File "Code\Analysis\RunAnalysisControl.py", line 726, in set_pos
  File "Code\Databases\DBgames.py", line 1416, in save_game_recno
  File "Code\Databases\DBgames.py", line 1360, in modify
  File "Code\Databases\DBgames.py", line 760, in read_game_recno
  File "Code\Databases\DBgames.py", line 544, in read_complete_recno
IndexError: list index out of range
2026-08-09 02:00:51.432897
Traceback (most recent call last):
  File "Code\Analysis\RunAnalysisControl.py", line 726, in set_pos
  File "Code\Databases\DBgames.py", line 1416, in save_game_recno
  File "Code\Databases\DBgames.py", line 1360, in modify
  File "Code\Databases\DBgames.py", line 760, in read_game_recno
  File "Code\Databases\DBgames.py", line 544, in read_complete_recno
IndexError: list index out of range
2026-08-09 02:00:51.438896
Traceback (most recent call last):
  File "Code\Analysis\RunAnalysisControl.py", line 726, in set_pos
  File "Code\Databases\DBgames.py", line 1416, in save_game_recno
  File "Code\Databases\DBgames.py", line 1360, in modify
  File "Code\Databases\DBgames.py", line 760, in read_game_recno
  File "Code\Databases\DBgames.py", line 544, in read_complete_recno
IndexError: list index out of range
2026-08-09 02:00:51.562408
Traceback (most recent call last):
  File "Code\Analysis\RunAnalysisControl.py", line 726, in set_pos
  File "Code\Databases\DBgames.py", line 1416, in save_game_recno
  File "Code\Databases\DBgames.py", line 1360, in modify
  File "Code\Databases\DBgames.py", line 760, in read_game_recno
  File "Code\Databases\DBgames.py", line 544, in read_complete_recno
IndexError: list index out of range
2026-08-09 02:00:51.574705
Traceback (most recent call last):
  File "Code\Analysis\RunAnalysisControl.py", line 726, in set_pos
  File "Code\Databases\DBgames.py", line 1416, in save_game_recno
  File "Code\Databases\DBgames.py", line 1360, in modify
  File "Code\Databases\DBgames.py", line 760, in read_game_recno
  File "Code\Databases\DBgames.py", line 544, in read_complete_recno
IndexError: list index out of range
2026-08-09 02:00:51.674730
Traceback (most recent call last):
  File "Code\Analysis\RunAnalysisControl.py", line 726, in set_pos
  File "Code\Databases\DBgames.py", line 1416, in save_game_recno
  File "Code\Databases\DBgames.py", line 1360, in modify
  File "Code\Databases\DBgames.py", line 760, in read_game_recno
  File "Code\Databases\DBgames.py", line 544, in read_complete_recno
IndexError: list index out of range
2026-08-09 02:00:51.847809
Traceback (most recent call last):
  File "Code\Analysis\RunAnalysisControl.py", line 726, in set_pos
  File "Code\Databases\DBgames.py", line 1416, in save_game_recno
  File "Code\Databases\DBgames.py", line 1360, in modify
  File "Code\Databases\DBgames.py", line 760, in read_game_recno
  File "Code\Databases\DBgames.py", line 544, in read_complete_recno
IndexError: list index out of range
2026-08-09 02:00:51.865134
Traceback (most recent call last):
  File "Code\Analysis\RunAnalysisControl.py", line 726, in set_pos
  File "Code\Databases\DBgames.py", line 1416, in save_game_recno
  File "Code\Databases\DBgames.py", line 1360, in modify
  File "Code\Databases\DBgames.py", line 760, in read_game_recno
  File "Code\Databases\DBgames.py", line 544, in read_complete_recno
IndexError: list index out of range
2026-08-09 02:00:51.891821
Traceback (most recent call last):
  File "Code\Analysis\RunAnalysisControl.py", line 726, in set_pos
  File "Code\Databases\DBgames.py", line 1416, in save_game_recno
  File "Code\Databases\DBgames.py", line 1360, in modify
  File "Code\Databases\DBgames.py", line 760, in read_game_recno
  File "Code\Databases\DBgames.py", line 544, in read_complete_recno
IndexError: list index out of range
2026-08-09 02:00:51.898334
Traceback (most recent call last):
  File "Code\Analysis\RunAnalysisControl.py", line 726, in set_pos
  File "Code\Databases\DBgames.py", line 1416, in save_game_recno
  File "Code\Databases\DBgames.py", line 1360, in modify
  File "Code\Databases\DBgames.py", line 760, in read_game_recno
  File "Code\Databases\DBgames.py", line 544, in read_complete_recno
IndexError: list index out of range
2026-08-09 02:00:52.467963
Traceback (most recent call last):
  File "Code\Analysis\RunAnalysisControl.py", line 726, in set_pos
  File "Code\Databases\DBgames.py", line 1416, in save_game_recno
  File "Code\Databases\DBgames.py", line 1360, in modify
  File "Code\Databases\DBgames.py", line 760, in read_game_recno
  File "Code\Databases\DBgames.py", line 544, in read_complete_recno
IndexError: list index out of range
2026-08-09 02:00:52.492475
Traceback (most recent call last):
  File "Code\Analysis\RunAnalysisControl.py", line 726, in set_pos
  File "Code\Databases\DBgames.py", line 1416, in save_game_recno
  File "Code\Databases\DBgames.py", line 1360, in modify
  File "Code\Databases\DBgames.py", line 760, in read_game_recno
  File "Code\Databases\DBgames.py", line 544, in read_complete_recno
IndexError: list index out of range
2026-08-09 02:00:52.495971
Traceback (most recent call last):
  File "Code\Analysis\RunAnalysisControl.py", line 726, in set_pos
  File "Code\Databases\DBgames.py", line 1416, in save_game_recno
  File "Code\Databases\DBgames.py", line 1360, in modify
  File "Code\Databases\DBgames.py", line 760, in read_game_recno
  File "Code\Databases\DBgames.py", line 544, in read_complete_recno
IndexError: list index out of range
2026-08-09 02:00:52.524571
Traceback (most recent call last):
  File "Code\Analysis\RunAnalysisControl.py", line 726, in set_pos
  File "Code\Databases\DBgames.py", line 1416, in save_game_recno
  File "Code\Databases\DBgames.py", line 1360, in modify
  File "Code\Databases\DBgames.py", line 760, in read_game_recno
  File "Code\Databases\DBgames.py", line 544, in read_complete_recno
IndexError: list index out of range
2026-08-09 02:00:52.545184
Traceback (most recent call last):
  File "Code\Analysis\RunAnalysisControl.py", line 726, in set_pos
  File "Code\Databases\DBgames.py", line 1416, in save_game_recno
  File "Code\Databases\DBgames.py", line 1360, in modify
  File "Code\Databases\DBgames.py", line 760, in read_game_recno
  File "Code\Databases\DBgames.py", line 544, in read_complete_recno
IndexError: list index out of range
2026-08-09 02:00:52.553420
Traceback (most recent call last):
  File "Code\Analysis\RunAnalysisControl.py", line 726, in set_pos
  File "Code\Databases\DBgames.py", line 1416, in save_game_recno
  File "Code\Databases\DBgames.py", line 1360, in modify
  File "Code\Databases\DBgames.py", line 760, in read_game_recno
  File "Code\Databases\DBgames.py", line 544, in read_complete_recno
IndexError: list index out of range
2026-08-09 02:00:52.836574
Traceback (most recent call last):
  File "Code\Analysis\RunAnalysisControl.py", line 726, in set_pos
  File "Code\Databases\DBgames.py", line 1416, in save_game_recno
  File "Code\Databases\DBgames.py", line 1360, in modify
  File "Code\Databases\DBgames.py", line 760, in read_game_recno
  File "Code\Databases\DBgames.py", line 544, in read_complete_recno
IndexError: list index out of range
2026-08-09 02:00:52.857279
Traceback (most recent call last):
  File "Code\Analysis\RunAnalysisControl.py", line 726, in set_pos
  File "Code\Databases\DBgames.py", line 1416, in save_game_recno
  File "Code\Databases\DBgames.py", line 1360, in modify
  File "Code\Databases\DBgames.py", line 760, in read_game_recno
  File "Code\Databases\DBgames.py", line 544, in read_complete_recno
IndexError: list index out of range
2026-08-09 02:00:52.872619
Traceback (most recent call last):
  File "Code\Analysis\RunAnalysisControl.py", line 726, in set_pos
  File "Code\Databases\DBgames.py", line 1416, in save_game_recno
  File "Code\Databases\DBgames.py", line 1360, in modify
  File "Code\Databases\DBgames.py", line 760, in read_game_recno
  File "Code\Databases\DBgames.py", line 544, in read_complete_recno
IndexError: list index out of range
2026-08-09 02:00:52.931742
Traceback (most recent call last):
  File "Code\Analysis\RunAnalysisControl.py", line 726, in set_pos
  File "Code\Databases\DBgames.py", line 1416, in save_game_recno
  File "Code\Databases\DBgames.py", line 1360, in modify
  File "Code\Databases\DBgames.py", line 760, in read_game_recno
  File "Code\Databases\DBgames.py", line 544, in read_complete_recno
IndexError: list index out of range
2026-08-09 02:00:52.945323
Traceback (most recent call last):
  File "Code\Analysis\RunAnalysisControl.py", line 726, in set_pos
  File "Code\Databases\DBgames.py", line 1416, in save_game_recno
  File "Code\Databases\DBgames.py", line 1360, in modify
  File "Code\Databases\DBgames.py", line 760, in read_game_recno
  File "Code\Databases\DBgames.py", line 544, in read_complete_recno
IndexError: list index out of range
2026-08-09 02:00:52.951601
Traceback (most recent call last):
  File "Code\Analysis\RunAnalysisControl.py", line 726, in set_pos
  File "Code\Databases\DBgames.py", line 1416, in save_game_recno
  File "Code\Databases\DBgames.py", line 1360, in modify
  File "Code\Databases\DBgames.py", line 760, in read_game_recno
  File "Code\Databases\DBgames.py", line 544, in read_complete_recno
IndexError: list index out of range
2026-08-09 02:00:53.294139
Traceback (most recent call last):
  File "Code\Analysis\RunAnalysisControl.py", line 726, in set_pos
  File "Code\Databases\DBgames.py", line 1416, in save_game_recno
  File "Code\Databases\DBgames.py", line 1360, in modify
  File "Code\Databases\DBgames.py", line 760, in read_game_recno
  File "Code\Databases\DBgames.py", line 544, in read_complete_recno
IndexError: list index out of range
2026-08-09 02:00:53.349063
Traceback (most recent call last):
  File "Code\Analysis\RunAnalysisControl.py", line 726, in set_pos
  File "Code\Databases\DBgames.py", line 1416, in save_game_recno
  File "Code\Databases\DBgames.py", line 1360, in modify
  File "Code\Databases\DBgames.py", line 760, in read_game_recno
  File "Code\Databases\DBgames.py", line 544, in read_complete_recno
IndexError: list index out of range
2026-08-09 02:00:53.378749
Traceback (most recent call last):
  File "Code\Analysis\RunAnalysisControl.py", line 726, in set_pos
  File "Code\Databases\DBgames.py", line 1416, in save_game_recno
  File "Code\Databases\DBgames.py", line 1360, in modify
  File "Code\Databases\DBgames.py", line 760, in read_game_recno
  File "Code\Databases\DBgames.py", line 544, in read_complete_recno
IndexError: list index out of range
2026-08-09 02:00:53.426212
Traceback (most recent call last):
  File "Code\Analysis\RunAnalysisControl.py", line 726, in set_pos
  File "Code\Databases\DBgames.py", line 1416, in save_game_recno
  File "Code\Databases\DBgames.py", line 1360, in modify
  File "Code\Databases\DBgames.py", line 760, in read_game_recno
  File "Code\Databases\DBgames.py", line 544, in read_complete_recno
IndexError: list index out of range
2026-08-09 02:00:53.454153
Traceback (most recent call last):
  File "Code\Analysis\RunAnalysisControl.py", line 726, in set_pos
  File "Code\Databases\DBgames.py", line 1416, in save_game_recno
  File "Code\Databases\DBgames.py", line 1360, in modify
  File "Code\Databases\DBgames.py", line 760, in read_game_recno
  File "Code\Databases\DBgames.py", line 544, in read_complete_recno
IndexError: list index out of range
2026-08-09 02:00:53.534371
Traceback (most recent call last):
  File "Code\Analysis\RunAnalysisControl.py", line 726, in set_pos
  File "Code\Databases\DBgames.py", line 1416, in save_game_recno
  File "Code\Databases\DBgames.py", line 1360, in modify
  File "Code\Databases\DBgames.py", line 760, in read_game_recno
  File "Code\Databases\DBgames.py", line 544, in read_complete_recno
IndexError: list index out of range
2026-08-09 02:00:53.711455
Traceback (most recent call last):
  File "Code\Analysis\RunAnalysisControl.py", line 726, in set_pos
  File "Code\Databases\DBgames.py", line 1416, in save_game_recno
  File "Code\Databases\DBgames.py", line 1360, in modify
  File "Code\Databases\DBgames.py", line 760, in read_game_recno
  File "Code\Databases\DBgames.py", line 544, in read_complete_recno
IndexError: list index out of range
2026-08-09 02:00:53.753938
Traceback (most recent call last):
  File "Code\Analysis\RunAnalysisControl.py", line 726, in set_pos
  File "Code\Databases\DBgames.py", line 1416, in save_game_recno
  File "Code\Databases\DBgames.py", line 1360, in modify
  File "Code\Databases\DBgames.py", line 760, in read_game_recno
  File "Code\Databases\DBgames.py", line 544, in read_complete_recno
IndexError: list index out of range
2026-08-09 02:00:53.951688
Traceback (most recent call last):
  File "Code\Analysis\RunAnalysisControl.py", line 726, in set_pos
  File "Code\Databases\DBgames.py", line 1416, in save_game_recno
  File "Code\Databases\DBgames.py", line 1360, in modify
  File "Code\Databases\DBgames.py", line 760, in read_game_recno
  File "Code\Databases\DBgames.py", line 544, in read_complete_recno
IndexError: list index out of range
2026-08-09 02:00:53.973477
Traceback (most recent call last):
  File "Code\Analysis\RunAnalysisControl.py", line 726, in set_pos
  File "Code\Databases\DBgames.py", line 1416, in save_game_recno
  File "Code\Databases\DBgames.py", line 1360, in modify
  File "Code\Databases\DBgames.py", line 760, in read_game_recno
  File "Code\Databases\DBgames.py", line 544, in read_complete_recno
IndexError: list index out of range
2026-08-09 02:00:53.980927
Traceback (most recent call last):
  File "Code\Analysis\RunAnalysisControl.py", line 726, in set_pos
  File "Code\Databases\DBgames.py", line 1416, in save_game_recno
  File "Code\Databases\DBgames.py", line 1360, in modify
  File "Code\Databases\DBgames.py", line 760, in read_game_recno
  File "Code\Databases\DBgames.py", line 544, in read_complete_recno
IndexError: list index out of range
2026-08-09 02:00:54.107804
Traceback (most recent call last):
  File "Code\Analysis\RunAnalysisControl.py", line 726, in set_pos
  File "Code\Databases\DBgames.py", line 1416, in save_game_recno
  File "Code\Databases\DBgames.py", line 1360, in modify
  File "Code\Databases\DBgames.py", line 760, in read_game_recno
  File "Code\Databases\DBgames.py", line 544, in read_complete_recno
IndexError: list index out of range
2026-08-09 02:00:54.119804
Traceback (most recent call last):
  File "Code\Analysis\RunAnalysisControl.py", line 726, in set_pos
  File "Code\Databases\DBgames.py", line 1416, in save_game_recno
  File "Code\Databases\DBgames.py", line 1360, in modify
  File "Code\Databases\DBgames.py", line 760, in read_game_recno
  File "Code\Databases\DBgames.py", line 544, in read_complete_recno
IndexError: list index out of range
2026-08-09 02:00:54.192183
Traceback (most recent call last):
  File "Code\Analysis\RunAnalysisControl.py", line 726, in set_pos
  File "Code\Databases\DBgames.py", line 1416, in save_game_recno
  File "Code\Databases\DBgames.py", line 1360, in modify
  File "Code\Databases\DBgames.py", line 760, in read_game_recno
  File "Code\Databases\DBgames.py", line 544, in read_complete_recno
IndexError: list index out of range
2026-08-09 02:00:54.416175
Traceback (most recent call last):
  File "Code\Analysis\RunAnalysisControl.py", line 726, in set_pos
  File "Code\Databases\DBgames.py", line 1416, in save_game_recno
  File "Code\Databases\DBgames.py", line 1360, in modify
  File "Code\Databases\DBgames.py", line 760, in read_game_recno
  File "Code\Databases\DBgames.py", line 544, in read_complete_recno
IndexError: list index out of range
2026-08-09 02:00:54.463793
Traceback (most recent call last):
  File "Code\Analysis\RunAnalysisControl.py", line 726, in set_pos
  File "Code\Databases\DBgames.py", line 1416, in save_game_recno
  File "Code\Databases\DBgames.py", line 1360, in modify
  File "Code\Databases\DBgames.py", line 760, in read_game_recno
  File "Code\Databases\DBgames.py", line 544, in read_complete_recno
IndexError: list index out of range
2026-08-09 02:00:54.470315
Traceback (most recent call last):
  File "Code\Analysis\RunAnalysisControl.py", line 726, in set_pos
  File "Code\Databases\DBgames.py", line 1416, in save_game_recno
  File "Code\Databases\DBgames.py", line 1360, in modify
  File "Code\Databases\DBgames.py", line 760, in read_game_recno
  File "Code\Databases\DBgames.py", line 544, in read_complete_recno
IndexError: list index out of range
2026-08-09 02:00:54.583261
Traceback (most recent call last):
  File "Code\Analysis\RunAnalysisControl.py", line 726, in set_pos
  File "Code\Databases\DBgames.py", line 1416, in save_game_recno
  File "Code\Databases\DBgames.py", line 1360, in modify
  File "Code\Databases\DBgames.py", line 760, in read_game_recno
  File "Code\Databases\DBgames.py", line 544, in read_complete_recno
IndexError: list index out of range
2026-08-09 02:00:54.591906
Traceback (most recent call last):
  File "Code\Analysis\RunAnalysisControl.py", line 726, in set_pos
  File "Code\Databases\DBgames.py", line 1416, in save_game_recno
  File "Code\Databases\DBgames.py", line 1360, in modify
  File "Code\Databases\DBgames.py", line 760, in read_game_recno
  File "Code\Databases\DBgames.py", line 544, in read_complete_recno
IndexError: list index out of range
2026-08-09 02:00:54.783860
Traceback (most recent call last):
  File "Code\Analysis\RunAnalysisControl.py", line 726, in set_pos
  File "Code\Databases\DBgames.py", line 1416, in save_game_recno
  File "Code\Databases\DBgames.py", line 1360, in modify
  File "Code\Databases\DBgames.py", line 760, in read_game_recno
  File "Code\Databases\DBgames.py", line 544, in read_complete_recno
IndexError: list index out of range
2026-08-09 02:00:54.978802
Traceback (most recent call last):
  File "Code\Analysis\RunAnalysisControl.py", line 726, in set_pos
  File "Code\Databases\DBgames.py", line 1416, in save_game_recno
  File "Code\Databases\DBgames.py", line 1360, in modify
  File "Code\Databases\DBgames.py", line 760, in read_game_recno
  File "Code\Databases\DBgames.py", line 544, in read_complete_recno
IndexError: list index out of range
2026-08-09 02:00:54.988156
Traceback (most recent call last):
  File "Code\Analysis\RunAnalysisControl.py", line 726, in set_pos
  File "Code\Databases\DBgames.py", line 1416, in save_game_recno
  File "Code\Databases\DBgames.py", line 1360, in modify
  File "Code\Databases\DBgames.py", line 760, in read_game_recno
  File "Code\Databases\DBgames.py", line 544, in read_complete_recno
IndexError: list index out of range
2026-08-09 02:00:55.078853
Traceback (most recent call last):
  File "Code\Analysis\RunAnalysisControl.py", line 726, in set_pos
  File "Code\Databases\DBgames.py", line 1416, in save_game_recno
  File "Code\Databases\DBgames.py", line 1360, in modify
  File "Code\Databases\DBgames.py", line 760, in read_game_recno
  File "Code\Databases\DBgames.py", line 544, in read_complete_recno
IndexError: list index out of range
2026-08-09 02:00:55.137052
Traceback (most recent call last):
  File "Code\Analysis\RunAnalysisControl.py", line 726, in set_pos
  File "Code\Databases\DBgames.py", line 1416, in save_game_recno
  File "Code\Databases\DBgames.py", line 1360, in modify
  File "Code\Databases\DBgames.py", line 760, in read_game_recno
  File "Code\Databases\DBgames.py", line 544, in read_complete_recno
IndexError: list index out of range
2026-08-09 02:00:55.201686
Traceback (most recent call last):
  File "Code\Analysis\RunAnalysisControl.py", line 726, in set_pos
  File "Code\Databases\DBgames.py", line 1416, in save_game_recno
  File "Code\Databases\DBgames.py", line 1360, in modify
  File "Code\Databases\DBgames.py", line 760, in read_game_recno
  File "Code\Databases\DBgames.py", line 544, in read_complete_recno
IndexError: list index out of range
2026-08-09 02:00:55.391560
Traceback (most recent call last):
  File "Code\Analysis\RunAnalysisControl.py", line 726, in set_pos
  File "Code\Databases\DBgames.py", line 1416, in save_game_recno
  File "Code\Databases\DBgames.py", line 1360, in modify
  File "Code\Databases\DBgames.py", line 760, in read_game_recno
  File "Code\Databases\DBgames.py", line 544, in read_complete_recno
IndexError: list index out of range
2026-08-09 02:00:55.499489
Traceback (most recent call last):
  File "Code\Analysis\RunAnalysisControl.py", line 726, in set_pos
  File "Code\Databases\DBgames.py", line 1416, in save_game_recno
  File "Code\Databases\DBgames.py", line 1360, in modify
  File "Code\Databases\DBgames.py", line 760, in read_game_recno
  File "Code\Databases\DBgames.py", line 544, in read_complete_recno
IndexError: list index out of range
2026-08-09 02:00:55.536683
Traceback (most recent call last):
  File "Code\Analysis\RunAnalysisControl.py", line 726, in set_pos
  File "Code\Databases\DBgames.py", line 1416, in save_game_recno
  File "Code\Databases\DBgames.py", line 1360, in modify
  File "Code\Databases\DBgames.py", line 760, in read_game_recno
  File "Code\Databases\DBgames.py", line 544, in read_complete_recno
IndexError: list index out of range
2026-08-09 02:00:55.608745
Traceback (most recent call last):
  File "Code\Analysis\RunAnalysisControl.py", line 726, in set_pos
  File "Code\Databases\DBgames.py", line 1416, in save_game_recno
  File "Code\Databases\DBgames.py", line 1360, in modify
  File "Code\Databases\DBgames.py", line 760, in read_game_recno
  File "Code\Databases\DBgames.py", line 544, in read_complete_recno
IndexError: list index out of range
2026-08-09 02:00:55.720578
Traceback (most recent call last):
  File "Code\Analysis\RunAnalysisControl.py", line 726, in set_pos
  File "Code\Databases\DBgames.py", line 1416, in save_game_recno
  File "Code\Databases\DBgames.py", line 1360, in modify
  File "Code\Databases\DBgames.py", line 760, in read_game_recno
  File "Code\Databases\DBgames.py", line 544, in read_complete_recno
IndexError: list index out of range
2026-08-09 02:00:55.887753
Traceback (most recent call last):
  File "Code\Analysis\RunAnalysisControl.py", line 726, in set_pos
  File "Code\Databases\DBgames.py", line 1416, in save_game_recno
  File "Code\Databases\DBgames.py", line 1360, in modify
  File "Code\Databases\DBgames.py", line 760, in read_game_recno
  File "Code\Databases\DBgames.py", line 544, in read_complete_recno
IndexError: list index out of range
2026-08-09 02:00:56.075617
Traceback (most recent call last):
  File "Code\Analysis\RunAnalysisControl.py", line 726, in set_pos
  File "Code\Databases\DBgames.py", line 1416, in save_game_recno
  File "Code\Databases\DBgames.py", line 1360, in modify
  File "Code\Databases\DBgames.py", line 760, in read_game_recno
  File "Code\Databases\DBgames.py", line 544, in read_complete_recno
IndexError: list index out of range
2026-08-09 02:00:56.148608
Traceback (most recent call last):
  File "Code\Analysis\RunAnalysisControl.py", line 726, in set_pos
  File "Code\Databases\DBgames.py", line 1416, in save_game_recno
  File "Code\Databases\DBgames.py", line 1360, in modify
  File "Code\Databases\DBgames.py", line 760, in read_game_recno
  File "Code\Databases\DBgames.py", line 544, in read_complete_recno
IndexError: list index out of range
2026-08-09 02:00:56.156232
Traceback (most recent call last):
  File "Code\Analysis\RunAnalysisControl.py", line 726, in set_pos
  File "Code\Databases\DBgames.py", line 1416, in save_game_recno
  File "Code\Databases\DBgames.py", line 1360, in modify
  File "Code\Databases\DBgames.py", line 760, in read_game_recno
  File "Code\Databases\DBgames.py", line 544, in read_complete_recno
IndexError: list index out of range
2026-08-09 02:00:56.223194
Traceback (most recent call last):
  File "Code\Analysis\RunAnalysisControl.py", line 726, in set_pos
  File "Code\Databases\DBgames.py", line 1416, in save_game_recno
  File "Code\Databases\DBgames.py", line 1360, in modify
  File "Code\Databases\DBgames.py", line 760, in read_game_recno
  File "Code\Databases\DBgames.py", line 544, in read_complete_recno
IndexError: list index out of range
2026-08-09 02:00:56.418206
Traceback (most recent call last):
  File "Code\Analysis\RunAnalysisControl.py", line 726, in set_pos
  File "Code\Databases\DBgames.py", line 1416, in save_game_recno
  File "Code\Databases\DBgames.py", line 1360, in modify
  File "Code\Databases\DBgames.py", line 760, in read_game_recno
  File "Code\Databases\DBgames.py", line 544, in read_complete_recno
IndexError: list index out of range
2026-08-09 02:00:56.426203
Traceback (most recent call last):
  File "Code\Analysis\RunAnalysisControl.py", line 726, in set_pos
  File "Code\Databases\DBgames.py", line 1416, in save_game_recno
  File "Code\Databases\DBgames.py", line 1360, in modify
  File "Code\Databases\DBgames.py", line 760, in read_game_recno
  File "Code\Databases\DBgames.py", line 544, in read_complete_recno
IndexError: list index out of range
2026-08-09 02:00:56.604809
Traceback (most recent call last):
  File "Code\Analysis\RunAnalysisControl.py", line 726, in set_pos
  File "Code\Databases\DBgames.py", line 1416, in save_game_recno
  File "Code\Databases\DBgames.py", line 1360, in modify
  File "Code\Databases\DBgames.py", line 760, in read_game_recno
  File "Code\Databases\DBgames.py", line 544, in read_complete_recno
IndexError: list index out of range
2026-08-09 02:00:56.680122
Traceback (most recent call last):
  File "Code\Analysis\RunAnalysisControl.py", line 726, in set_pos
  File "Code\Databases\DBgames.py", line 1416, in save_game_recno
  File "Code\Databases\DBgames.py", line 1360, in modify
  File "Code\Databases\DBgames.py", line 760, in read_game_recno
  File "Code\Databases\DBgames.py", line 544, in read_complete_recno
IndexError: list index out of range
2026-08-09 02:00:56.744236
Traceback (most recent call last):
  File "Code\Analysis\RunAnalysisControl.py", line 726, in set_pos
  File "Code\Databases\DBgames.py", line 1416, in save_game_recno
  File "Code\Databases\DBgames.py", line 1360, in modify
  File "Code\Databases\DBgames.py", line 760, in read_game_recno
  File "Code\Databases\DBgames.py", line 544, in read_complete_recno
IndexError: list index out of range
2026-08-09 02:00:56.871790
Traceback (most recent call last):
  File "Code\Analysis\RunAnalysisControl.py", line 726, in set_pos
  File "Code\Databases\DBgames.py", line 1416, in save_game_recno
  File "Code\Databases\DBgames.py", line 1360, in modify
  File "Code\Databases\DBgames.py", line 760, in read_game_recno
  File "Code\Databases\DBgames.py", line 544, in read_complete_recno
IndexError: list index out of range
2026-08-09 02:00:56.917253
Traceback (most recent call last):
  File "Code\Analysis\RunAnalysisControl.py", line 726, in set_pos
  File "Code\Databases\DBgames.py", line 1416, in save_game_recno
  File "Code\Databases\DBgames.py", line 1360, in modify
  File "Code\Databases\DBgames.py", line 760, in read_game_recno
  File "Code\Databases\DBgames.py", line 544, in read_complete_recno
IndexError: list index out of range
2026-08-09 02:00:56.984791
Traceback (most recent call last):
  File "Code\Analysis\RunAnalysisControl.py", line 726, in set_pos
  File "Code\Databases\DBgames.py", line 1416, in save_game_recno
  File "Code\Databases\DBgames.py", line 1360, in modify
  File "Code\Databases\DBgames.py", line 760, in read_game_recno
  File "Code\Databases\DBgames.py", line 544, in read_complete_recno
IndexError: list index out of range
2026-08-09 02:00:57.258300
Traceback (most recent call last):
  File "Code\Analysis\RunAnalysisControl.py", line 726, in set_pos
  File "Code\Databases\DBgames.py", line 1416, in save_game_recno
  File "Code\Databases\DBgames.py", line 1360, in modify
  File "Code\Databases\DBgames.py", line 760, in read_game_recno
  File "Code\Databases\DBgames.py", line 544, in read_complete_recno
IndexError: list index out of range
2026-08-09 02:00:57.270335
Traceback (most recent call last):
  File "Code\Analysis\RunAnalysisControl.py", line 726, in set_pos
  File "Code\Databases\DBgames.py", line 1416, in save_game_recno
  File "Code\Databases\DBgames.py", line 1360, in modify
  File "Code\Databases\DBgames.py", line 760, in read_game_recno
  File "Code\Databases\DBgames.py", line 544, in read_complete_recno
IndexError: list index out of range
2026-08-09 02:00:57.331679
Traceback (most recent call last):
  File "Code\Analysis\RunAnalysisControl.py", line 726, in set_pos
  File "Code\Databases\DBgames.py", line 1416, in save_game_recno
  File "Code\Databases\DBgames.py", line 1360, in modify
  File "Code\Databases\DBgames.py", line 760, in read_game_recno
  File "Code\Databases\DBgames.py", line 544, in read_complete_recno
IndexError: list index out of range
2026-08-09 02:00:57.346018
Traceback (most recent call last):
  File "Code\Analysis\RunAnalysisControl.py", line 726, in set_pos
  File "Code\Databases\DBgames.py", line 1416, in save_game_recno
  File "Code\Databases\DBgames.py", line 1360, in modify
  File "Code\Databases\DBgames.py", line 760, in read_game_recno
  File "Code\Databases\DBgames.py", line 544, in read_complete_recno
IndexError: list index out of range
2026-08-09 02:00:57.352018
Traceback (most recent call last):
  File "Code\Analysis\RunAnalysisControl.py", line 726, in set_pos
  File "Code\Databases\DBgames.py", line 1416, in save_game_recno
  File "Code\Databases\DBgames.py", line 1360, in modify
  File "Code\Databases\DBgames.py", line 760, in read_game_recno
  File "Code\Databases\DBgames.py", line 544, in read_complete_recno
IndexError: list index out of range
2026-08-09 02:00:57.449234
Traceback (most recent call last):
  File "Code\Analysis\RunAnalysisControl.py", line 726, in set_pos
  File "Code\Databases\DBgames.py", line 1416, in save_game_recno
  File "Code\Databases\DBgames.py", line 1360, in modify
  File "Code\Databases\DBgames.py", line 760, in read_game_recno
  File "Code\Databases\DBgames.py", line 544, in read_complete_recno
IndexError: list index out of range
2026-08-09 02:00:57.843317
Traceback (most recent call last):
  File "Code\Analysis\RunAnalysisControl.py", line 726, in set_pos
  File "Code\Databases\DBgames.py", line 1416, in save_game_recno
  File "Code\Databases\DBgames.py", line 1360, in modify
  File "Code\Databases\DBgames.py", line 760, in read_game_recno
  File "Code\Databases\DBgames.py", line 544, in read_complete_recno
IndexError: list index out of range
2026-08-09 02:00:57.862328
Traceback (most recent call last):
  File "Code\Analysis\RunAnalysisControl.py", line 726, in set_pos
  File "Code\Databases\DBgames.py", line 1416, in save_game_recno
  File "Code\Databases\DBgames.py", line 1360, in modify
  File "Code\Databases\DBgames.py", line 760, in read_game_recno
  File "Code\Databases\DBgames.py", line 544, in read_complete_recno
IndexError: list index out of range
2026-08-09 02:00:57.869401
Traceback (most recent call last):
  File "Code\Analysis\RunAnalysisControl.py", line 726, in set_pos
  File "Code\Databases\DBgames.py", line 1416, in save_game_recno
  File "Code\Databases\DBgames.py", line 1360, in modify
  File "Code\Databases\DBgames.py", line 760, in read_game_recno
  File "Code\Databases\DBgames.py", line 544, in read_complete_recno
IndexError: list index out of range
2026-08-09 02:00:58.005353
Traceback (most recent call last):
  File "Code\Analysis\RunAnalysisControl.py", line 726, in set_pos
  File "Code\Databases\DBgames.py", line 1416, in save_game_recno
  File "Code\Databases\DBgames.py", line 1360, in modify
  File "Code\Databases\DBgames.py", line 760, in read_game_recno
  File "Code\Databases\DBgames.py", line 544, in read_complete_recno
IndexError: list index out of range
2026-08-09 02:00:58.013094
Traceback (most recent call last):
  File "Code\Analysis\RunAnalysisControl.py", line 726, in set_pos
  File "Code\Databases\DBgames.py", line 1416, in save_game_recno
  File "Code\Databases\DBgames.py", line 1360, in modify
  File "Code\Databases\DBgames.py", line 760, in read_game_recno
  File "Code\Databases\DBgames.py", line 544, in read_complete_recno
IndexError: list index out of range
2026-08-09 02:00:58.072511
Traceback (most recent call last):
  File "Code\Analysis\RunAnalysisControl.py", line 726, in set_pos
  File "Code\Databases\DBgames.py", line 1416, in save_game_recno
  File "Code\Databases\DBgames.py", line 1360, in modify
  File "Code\Databases\DBgames.py", line 760, in read_game_recno
  File "Code\Databases\DBgames.py", line 544, in read_complete_recno
IndexError: list index out of range
2026-08-09 02:00:58.187538
Traceback (most recent call last):
  File "Code\Analysis\RunAnalysisControl.py", line 726, in set_pos
  File "Code\Databases\DBgames.py", line 1416, in save_game_recno
  File "Code\Databases\DBgames.py", line 1360, in modify
  File "Code\Databases\DBgames.py", line 760, in read_game_recno
  File "Code\Databases\DBgames.py", line 544, in read_complete_recno
IndexError: list index out of range
2026-08-09 02:00:58.245363
Traceback (most recent call last):
  File "Code\Analysis\RunAnalysisControl.py", line 726, in set_pos
  File "Code\Databases\DBgames.py", line 1416, in save_game_recno
  File "Code\Databases\DBgames.py", line 1360, in modify
  File "Code\Databases\DBgames.py", line 760, in read_game_recno
  File "Code\Databases\DBgames.py", line 544, in read_complete_recno
IndexError: list index out of range
2026-08-09 02:00:58.334164
Traceback (most recent call last):
  File "Code\Analysis\RunAnalysisControl.py", line 726, in set_pos
  File "Code\Databases\DBgames.py", line 1416, in save_game_recno
  File "Code\Databases\DBgames.py", line 1360, in modify
  File "Code\Databases\DBgames.py", line 760, in read_game_recno
  File "Code\Databases\DBgames.py", line 544, in read_complete_recno
IndexError: list index out of range
2026-08-09 02:00:58.605275
Traceback (most recent call last):
  File "Code\Analysis\RunAnalysisControl.py", line 726, in set_pos
  File "Code\Databases\DBgames.py", line 1416, in save_game_recno
  File "Code\Databases\DBgames.py", line 1360, in modify
  File "Code\Databases\DBgames.py", line 760, in read_game_recno
  File "Code\Databases\DBgames.py", line 544, in read_complete_recno
IndexError: list index out of range
2026-08-09 02:00:58.614224
Traceback (most recent call last):
  File "Code\Analysis\RunAnalysisControl.py", line 726, in set_pos
  File "Code\Databases\DBgames.py", line 1416, in save_game_recno
  File "Code\Databases\DBgames.py", line 1360, in modify
  File "Code\Databases\DBgames.py", line 760, in read_game_recno
  File "Code\Databases\DBgames.py", line 544, in read_complete_recno
IndexError: list index out of range
2026-08-09 02:00:58.682261
Traceback (most recent call last):
  File "Code\Analysis\RunAnalysisControl.py", line 726, in set_pos
  File "Code\Databases\DBgames.py", line 1416, in save_game_recno
  File "Code\Databases\DBgames.py", line 1360, in modify
  File "Code\Databases\DBgames.py", line 760, in read_game_recno
  File "Code\Databases\DBgames.py", line 544, in read_complete_recno
IndexError: list index out of range
2026-08-09 02:00:58.692531
Traceback (most recent call last):
  File "Code\Analysis\RunAnalysisControl.py", line 726, in set_pos
  File "Code\Databases\DBgames.py", line 1416, in save_game_recno
  File "Code\Databases\DBgames.py", line 1360, in modify
  File "Code\Databases\DBgames.py", line 760, in read_game_recno
  File "Code\Databases\DBgames.py", line 544, in read_complete_recno
IndexError: list index out of range
2026-08-09 02:00:58.768048
Traceback (most recent call last):
  File "Code\Analysis\RunAnalysisControl.py", line 726, in set_pos
  File "Code\Databases\DBgames.py", line 1416, in save_game_recno
  File "Code\Databases\DBgames.py", line 1360, in modify
  File "Code\Databases\DBgames.py", line 760, in read_game_recno
  File "Code\Databases\DBgames.py", line 544, in read_complete_recno
IndexError: list index out of range
2026-08-09 02:00:58.774206
Traceback (most recent call last):
  File "Code\Analysis\RunAnalysisControl.py", line 726, in set_pos
  File "Code\Databases\DBgames.py", line 1416, in save_game_recno
  File "Code\Databases\DBgames.py", line 1360, in modify
  File "Code\Databases\DBgames.py", line 760, in read_game_recno
  File "Code\Databases\DBgames.py", line 544, in read_complete_recno
IndexError: list index out of range
2026-08-09 02:00:58.835561
Traceback (most recent call last):
  File "Code\Analysis\RunAnalysisControl.py", line 726, in set_pos
  File "Code\Databases\DBgames.py", line 1416, in save_game_recno
  File "Code\Databases\DBgames.py", line 1360, in modify
  File "Code\Databases\DBgames.py", line 760, in read_game_recno
  File "Code\Databases\DBgames.py", line 544, in read_complete_recno
IndexError: list index out of range
2026-08-09 02:00:58.853611
Traceback (most recent call last):
  File "Code\Analysis\RunAnalysisControl.py", line 726, in set_pos
  File "Code\Databases\DBgames.py", line 1416, in save_game_recno
  File "Code\Databases\DBgames.py", line 1360, in modify
  File "Code\Databases\DBgames.py", line 760, in read_game_recno
  File "Code\Databases\DBgames.py", line 544, in read_complete_recno
IndexError: list index out of range
2026-08-09 02:00:59.489322
Traceback (most recent call last):
  File "Code\Analysis\RunAnalysisControl.py", line 726, in set_pos
  File "Code\Databases\DBgames.py", line 1416, in save_game_recno
  File "Code\Databases\DBgames.py", line 1360, in modify
  File "Code\Databases\DBgames.py", line 760, in read_game_recno
  File "Code\Databases\DBgames.py", line 544, in read_complete_recno
IndexError: list index out of range
2026-08-09 02:00:59.556925
Traceback (most recent call last):
  File "Code\Analysis\RunAnalysisControl.py", line 726, in set_pos
  File "Code\Databases\DBgames.py", line 1416, in save_game_recno
  File "Code\Databases\DBgames.py", line 1360, in modify
  File "Code\Databases\DBgames.py", line 760, in read_game_recno
  File "Code\Databases\DBgames.py", line 544, in read_complete_recno
IndexError: list index out of range
2026-08-09 02:00:59.621128
Traceback (most recent call last):
  File "Code\Analysis\RunAnalysisControl.py", line 726, in set_pos
  File "Code\Databases\DBgames.py", line 1416, in save_game_recno
  File "Code\Databases\DBgames.py", line 1360, in modify
  File "Code\Databases\DBgames.py", line 760, in read_game_recno
  File "Code\Databases\DBgames.py", line 544, in read_complete_recno
IndexError: list index out of range
2026-08-09 02:00:59.634750
Traceback (most recent call last):
  File "Code\Analysis\RunAnalysisControl.py", line 726, in set_pos
  File "Code\Databases\DBgames.py", line 1416, in save_game_recno
  File "Code\Databases\DBgames.py", line 1360, in modify
  File "Code\Databases\DBgames.py", line 760, in read_game_recno
  File "Code\Databases\DBgames.py", line 544, in read_complete_recno
IndexError: list index out of range
2026-08-09 02:00:59.709350
Traceback (most recent call last):
  File "Code\Analysis\RunAnalysisControl.py", line 726, in set_pos
  File "Code\Databases\DBgames.py", line 1416, in save_game_recno
  File "Code\Databases\DBgames.py", line 1360, in modify
  File "Code\Databases\DBgames.py", line 760, in read_game_recno
  File "Code\Databases\DBgames.py", line 544, in read_complete_recno
IndexError: list index out of range
2026-08-09 02:00:59.916850
Traceback (most recent call last):
  File "Code\Analysis\RunAnalysisControl.py", line 726, in set_pos
  File "Code\Databases\DBgames.py", line 1416, in save_game_recno
  File "Code\Databases\DBgames.py", line 1360, in modify
  File "Code\Databases\DBgames.py", line 760, in read_game_recno
  File "Code\Databases\DBgames.py", line 544, in read_complete_recno
IndexError: list index out of range
2026-08-09 02:01:00.006203
Traceback (most recent call last):
  File "Code\Analysis\RunAnalysisControl.py", line 726, in set_pos
  File "Code\Databases\DBgames.py", line 1416, in save_game_recno
  File "Code\Databases\DBgames.py", line 1360, in modify
  File "Code\Databases\DBgames.py", line 760, in read_game_recno
  File "Code\Databases\DBgames.py", line 544, in read_complete_recno
IndexError: list index out of range
2026-08-09 02:01:00.078972
Traceback (most recent call last):
  File "Code\Analysis\RunAnalysisControl.py", line 726, in set_pos
  File "Code\Databases\DBgames.py", line 1416, in save_game_recno
  File "Code\Databases\DBgames.py", line 1360, in modify
  File "Code\Databases\DBgames.py", line 760, in read_game_recno
  File "Code\Databases\DBgames.py", line 544, in read_complete_recno
IndexError: list index out of range
2026-08-09 02:01:00.084328
Traceback (most recent call last):
  File "Code\Analysis\RunAnalysisControl.py", line 726, in set_pos
  File "Code\Databases\DBgames.py", line 1416, in save_game_recno
  File "Code\Databases\DBgames.py", line 1360, in modify
  File "Code\Databases\DBgames.py", line 760, in read_game_recno
  File "Code\Databases\DBgames.py", line 544, in read_complete_recno
IndexError: list index out of range
2026-08-09 02:01:00.128172
Traceback (most recent call last):
  File "Code\Analysis\RunAnalysisControl.py", line 726, in set_pos
  File "Code\Databases\DBgames.py", line 1416, in save_game_recno
  File "Code\Databases\DBgames.py", line 1360, in modify
  File "Code\Databases\DBgames.py", line 760, in read_game_recno
  File "Code\Databases\DBgames.py", line 544, in read_complete_recno
IndexError: list index out of range
2026-08-09 02:01:00.229274
Traceback (most recent call last):
  File "Code\Analysis\RunAnalysisControl.py", line 726, in set_pos
  File "Code\Databases\DBgames.py", line 1416, in save_game_recno
  File "Code\Databases\DBgames.py", line 1360, in modify
  File "Code\Databases\DBgames.py", line 760, in read_game_recno
  File "Code\Databases\DBgames.py", line 544, in read_complete_recno
IndexError: list index out of range
2026-08-09 02:01:00.235700
Traceback (most recent call last):
  File "Code\Analysis\RunAnalysisControl.py", line 726, in set_pos
  File "Code\Databases\DBgames.py", line 1416, in save_game_recno
  File "Code\Databases\DBgames.py", line 1360, in modify
  File "Code\Databases\DBgames.py", line 760, in read_game_recno
  File "Code\Databases\DBgames.py", line 544, in read_complete_recno
IndexError: list index out of range
2026-08-09 02:01:00.326203
Traceback (most recent call last):
  File "Code\Analysis\RunAnalysisControl.py", line 726, in set_pos
  File "Code\Databases\DBgames.py", line 1416, in save_game_recno
  File "Code\Databases\DBgames.py", line 1360, in modify
  File "Code\Databases\DBgames.py", line 760, in read_game_recno
  File "Code\Databases\DBgames.py", line 544, in read_complete_recno
IndexError: list index out of range
2026-08-09 02:01:00.480334
Traceback (most recent call last):
  File "Code\Analysis\RunAnalysisControl.py", line 726, in set_pos
  File "Code\Databases\DBgames.py", line 1416, in save_game_recno
  File "Code\Databases\DBgames.py", line 1360, in modify
  File "Code\Databases\DBgames.py", line 760, in read_game_recno
  File "Code\Databases\DBgames.py", line 544, in read_complete_recno
IndexError: list index out of range
2026-08-09 02:01:00.633188
Traceback (most recent call last):
  File "Code\Analysis\RunAnalysisControl.py", line 726, in set_pos
  File "Code\Databases\DBgames.py", line 1416, in save_game_recno
  File "Code\Databases\DBgames.py", line 1360, in modify
  File "Code\Databases\DBgames.py", line 760, in read_game_recno
  File "Code\Databases\DBgames.py", line 544, in read_complete_recno
IndexError: list index out of range
2026-08-09 02:01:00.652188
Traceback (most recent call last):
  File "Code\Analysis\RunAnalysisControl.py", line 726, in set_pos
  File "Code\Databases\DBgames.py", line 1416, in save_game_recno
  File "Code\Databases\DBgames.py", line 1360, in modify
  File "Code\Databases\DBgames.py", line 760, in read_game_recno
  File "Code\Databases\DBgames.py", line 544, in read_complete_recno
IndexError: list index out of range
2026-08-09 02:01:00.657628
Traceback (most recent call last):
  File "Code\Analysis\RunAnalysisControl.py", line 726, in set_pos
  File "Code\Databases\DBgames.py", line 1416, in save_game_recno
  File "Code\Databases\DBgames.py", line 1360, in modify
  File "Code\Databases\DBgames.py", line 760, in read_game_recno
  File "Code\Databases\DBgames.py", line 544, in read_complete_recno
IndexError: list index out of range
2026-08-09 02:01:00.737713
Traceback (most recent call last):
  File "Code\Analysis\RunAnalysisControl.py", line 726, in set_pos
  File "Code\Databases\DBgames.py", line 1416, in save_game_recno
  File "Code\Databases\DBgames.py", line 1360, in modify
  File "Code\Databases\DBgames.py", line 760, in read_game_recno
  File "Code\Databases\DBgames.py", line 544, in read_complete_recno
IndexError: list index out of range
2026-08-09 02:01:00.903510
Traceback (most recent call last):
  File "Code\Analysis\RunAnalysisControl.py", line 726, in set_pos
  File "Code\Databases\DBgames.py", line 1416, in save_game_recno
  File "Code\Databases\DBgames.py", line 1360, in modify
  File "Code\Databases\DBgames.py", line 760, in read_game_recno
  File "Code\Databases\DBgames.py", line 544, in read_complete_recno
IndexError: list index out of range
2026-08-09 02:01:00.939046
Traceback (most recent call last):
  File "Code\Analysis\RunAnalysisControl.py", line 726, in set_pos
  File "Code\Databases\DBgames.py", line 1416, in save_game_recno
  File "Code\Databases\DBgames.py", line 1360, in modify
  File "Code\Databases\DBgames.py", line 760, in read_game_recno
  File "Code\Databases\DBgames.py", line 544, in read_complete_recno
IndexError: list index out of range
2026-08-09 02:01:00.948065
Traceback (most recent call last):
  File "Code\Analysis\RunAnalysisControl.py", line 726, in set_pos
  File "Code\Databases\DBgames.py", line 1416, in save_game_recno
  File "Code\Databases\DBgames.py", line 1360, in modify
  File "Code\Databases\DBgames.py", line 760, in read_game_recno
  File "Code\Databases\DBgames.py", line 544, in read_complete_recno
IndexError: list index out of range
2026-08-09 02:01:01.057321
Traceback (most recent call last):
  File "Code\Analysis\RunAnalysisControl.py", line 726, in set_pos
  File "Code\Databases\DBgames.py", line 1416, in save_game_recno
  File "Code\Databases\DBgames.py", line 1360, in modify
  File "Code\Databases\DBgames.py", line 760, in read_game_recno
  File "Code\Databases\DBgames.py", line 544, in read_complete_recno
IndexError: list index out of range
2026-08-09 02:01:01.145807
Traceback (most recent call last):
  File "Code\Analysis\RunAnalysisControl.py", line 726, in set_pos
  File "Code\Databases\DBgames.py", line 1416, in save_game_recno
  File "Code\Databases\DBgames.py", line 1360, in modify
  File "Code\Databases\DBgames.py", line 760, in read_game_recno
  File "Code\Databases\DBgames.py", line 544, in read_complete_recno
IndexError: list index out of range
2026-08-09 02:01:01.381745
Traceback (most recent call last):
  File "Code\Analysis\RunAnalysisControl.py", line 726, in set_pos
  File "Code\Databases\DBgames.py", line 1416, in save_game_recno
  File "Code\Databases\DBgames.py", line 1360, in modify
  File "Code\Databases\DBgames.py", line 760, in read_game_recno
  File "Code\Databases\DBgames.py", line 544, in read_complete_recno
IndexError: list index out of range
2026-08-09 02:01:01.494152
Traceback (most recent call last):
  File "Code\Analysis\RunAnalysisControl.py", line 726, in set_pos
  File "Code\Databases\DBgames.py", line 1416, in save_game_recno
  File "Code\Databases\DBgames.py", line 1360, in modify
  File "Code\Databases\DBgames.py", line 760, in read_game_recno
  File "Code\Databases\DBgames.py", line 544, in read_complete_recno
IndexError: list index out of range
2026-08-09 02:01:02.041328
Traceback (most recent call last):
  File "Code\Analysis\RunAnalysisControl.py", line 726, in set_pos
  File "Code\Databases\DBgames.py", line 1416, in save_game_recno
  File "Code\Databases\DBgames.py", line 1360, in modify
  File "Code\Databases\DBgames.py", line 760, in read_game_recno
  File "Code\Databases\DBgames.py", line 544, in read_complete_recno
IndexError: list index out of range
2026-08-09 02:01:02.055913
Traceback (most recent call last):
  File "Code\Analysis\RunAnalysisControl.py", line 726, in set_pos
  File "Code\Databases\DBgames.py", line 1416, in save_game_recno
  File "Code\Databases\DBgames.py", line 1360, in modify
  File "Code\Databases\DBgames.py", line 760, in read_game_recno
  File "Code\Databases\DBgames.py", line 544, in read_complete_recno
IndexError: list index out of range
2026-08-09 02:01:02.062233
Traceback (most recent call last):
  File "Code\Analysis\RunAnalysisControl.py", line 726, in set_pos
  File "Code\Databases\DBgames.py", line 1416, in save_game_recno
  File "Code\Databases\DBgames.py", line 1360, in modify
  File "Code\Databases\DBgames.py", line 760, in read_game_recno
  File "Code\Databases\DBgames.py", line 544, in read_complete_recno
IndexError: list index out of range
2026-08-09 02:01:02.117415
Traceback (most recent call last):
  File "Code\Analysis\RunAnalysisControl.py", line 726, in set_pos
  File "Code\Databases\DBgames.py", line 1416, in save_game_recno
  File "Code\Databases\DBgames.py", line 1360, in modify
  File "Code\Databases\DBgames.py", line 760, in read_game_recno
  File "Code\Databases\DBgames.py", line 544, in read_complete_recno
IndexError: list index out of range
2026-08-09 02:01:02.156473
Traceback (most recent call last):
  File "Code\Analysis\RunAnalysisControl.py", line 726, in set_pos
  File "Code\Databases\DBgames.py", line 1416, in save_game_recno
  File "Code\Databases\DBgames.py", line 1360, in modify
  File "Code\Databases\DBgames.py", line 760, in read_game_recno
  File "Code\Databases\DBgames.py", line 544, in read_complete_recno
IndexError: list index out of range
2026-08-09 02:01:02.164475
Traceback (most recent call last):
  File "Code\Analysis\RunAnalysisControl.py", line 726, in set_pos
  File "Code\Databases\DBgames.py", line 1416, in save_game_recno
  File "Code\Databases\DBgames.py", line 1360, in modify
  File "Code\Databases\DBgames.py", line 760, in read_game_recno
  File "Code\Databases\DBgames.py", line 544, in read_complete_recno
IndexError: list index out of range
2026-08-09 02:01:02.320959
Traceback (most recent call last):
  File "Code\Analysis\RunAnalysisControl.py", line 726, in set_pos
  File "Code\Databases\DBgames.py", line 1416, in save_game_recno
  File "Code\Databases\DBgames.py", line 1360, in modify
  File "Code\Databases\DBgames.py", line 760, in read_game_recno
  File "Code\Databases\DBgames.py", line 544, in read_complete_recno
IndexError: list index out of range
2026-08-09 02:01:02.559915
Traceback (most recent call last):
  File "Code\Analysis\RunAnalysisControl.py", line 726, in set_pos
  File "Code\Databases\DBgames.py", line 1416, in save_game_recno
  File "Code\Databases\DBgames.py", line 1360, in modify
  File "Code\Databases\DBgames.py", line 760, in read_game_recno
  File "Code\Databases\DBgames.py", line 544, in read_complete_recno
IndexError: list index out of range
2026-08-09 02:01:02.618552
Traceback (most recent call last):
  File "Code\Analysis\RunAnalysisControl.py", line 726, in set_pos
  File "Code\Databases\DBgames.py", line 1416, in save_game_recno
  File "Code\Databases\DBgames.py", line 1360, in modify
  File "Code\Databases\DBgames.py", line 760, in read_game_recno
  File "Code\Databases\DBgames.py", line 544, in read_complete_recno
IndexError: list index out of range
2026-08-09 02:01:02.727151
Traceback (most recent call last):
  File "Code\Analysis\RunAnalysisControl.py", line 726, in set_pos
  File "Code\Databases\DBgames.py", line 1416, in save_game_recno
  File "Code\Databases\DBgames.py", line 1360, in modify
  File "Code\Databases\DBgames.py", line 760, in read_game_recno
  File "Code\Databases\DBgames.py", line 544, in read_complete_recno
IndexError: list index out of range
2026-08-09 02:01:02.733507
Traceback (most recent call last):
  File "Code\Analysis\RunAnalysisControl.py", line 726, in set_pos
  File "Code\Databases\DBgames.py", line 1416, in save_game_recno
  File "Code\Databases\DBgames.py", line 1360, in modify
  File "Code\Databases\DBgames.py", line 760, in read_game_recno
  File "Code\Databases\DBgames.py", line 544, in read_complete_recno
IndexError: list index out of range
2026-08-09 02:01:02.794438
Traceback (most recent call last):
  File "Code\Analysis\RunAnalysisControl.py", line 726, in set_pos
  File "Code\Databases\DBgames.py", line 1416, in save_game_recno
  File "Code\Databases\DBgames.py", line 1360, in modify
  File "Code\Databases\DBgames.py", line 760, in read_game_recno
  File "Code\Databases\DBgames.py", line 544, in read_complete_recno
IndexError: list index out of range
2026-08-09 02:01:02.800462
Traceback (most recent call last):
  File "Code\Analysis\RunAnalysisControl.py", line 726, in set_pos
  File "Code\Databases\DBgames.py", line 1416, in save_game_recno
  File "Code\Databases\DBgames.py", line 1360, in modify
  File "Code\Databases\DBgames.py", line 760, in read_game_recno
  File "Code\Databases\DBgames.py", line 544, in read_complete_recno
IndexError: list index out of range
2026-08-09 02:01:02.967162
Traceback (most recent call last):
  File "Code\Analysis\RunAnalysisControl.py", line 726, in set_pos
  File "Code\Databases\DBgames.py", line 1416, in save_game_recno
  File "Code\Databases\DBgames.py", line 1360, in modify
  File "Code\Databases\DBgames.py", line 760, in read_game_recno
  File "Code\Databases\DBgames.py", line 544, in read_complete_recno
IndexError: list index out of range
2026-08-09 02:01:03.028562
Traceback (most recent call last):
  File "Code\Analysis\RunAnalysisControl.py", line 726, in set_pos
  File "Code\Databases\DBgames.py", line 1416, in save_game_recno
  File "Code\Databases\DBgames.py", line 1360, in modify
  File "Code\Databases\DBgames.py", line 760, in read_game_recno
  File "Code\Databases\DBgames.py", line 544, in read_complete_recno
IndexError: list index out of range
2026-08-09 02:01:03.236548
Traceback (most recent call last):
  File "Code\Analysis\RunAnalysisControl.py", line 726, in set_pos
  File "Code\Databases\DBgames.py", line 1416, in save_game_recno
  File "Code\Databases\DBgames.py", line 1360, in modify
  File "Code\Databases\DBgames.py", line 760, in read_game_recno
  File "Code\Databases\DBgames.py", line 544, in read_complete_recno
IndexError: list index out of range
2026-08-09 02:01:03.242550
Traceback (most recent call last):
  File "Code\Analysis\RunAnalysisControl.py", line 726, in set_pos
  File "Code\Databases\DBgames.py", line 1416, in save_game_recno
  File "Code\Databases\DBgames.py", line 1360, in modify
  File "Code\Databases\DBgames.py", line 760, in read_game_recno
  File "Code\Databases\DBgames.py", line 544, in read_complete_recno
IndexError: list index out of range
2026-08-09 02:01:03.313321
Traceback (most recent call last):
  File "Code\Analysis\RunAnalysisControl.py", line 726, in set_pos
  File "Code\Databases\DBgames.py", line 1416, in save_game_recno
  File "Code\Databases\DBgames.py", line 1360, in modify
  File "Code\Databases\DBgames.py", line 760, in read_game_recno
  File "Code\Databases\DBgames.py", line 544, in read_complete_recno
IndexError: list index out of range
2026-08-09 02:01:03.453345
Traceback (most recent call last):
  File "Code\Analysis\RunAnalysisControl.py", line 726, in set_pos
  File "Code\Databases\DBgames.py", line 1416, in save_game_recno
  File "Code\Databases\DBgames.py", line 1360, in modify
  File "Code\Databases\DBgames.py", line 760, in read_game_recno
  File "Code\Databases\DBgames.py", line 544, in read_complete_recno
IndexError: list index out of range
2026-08-09 02:01:03.490652
Traceback (most recent call last):
  File "Code\Analysis\RunAnalysisControl.py", line 726, in set_pos
  File "Code\Databases\DBgames.py", line 1416, in save_game_recno
  File "Code\Databases\DBgames.py", line 1360, in modify
  File "Code\Databases\DBgames.py", line 760, in read_game_recno
  File "Code\Databases\DBgames.py", line 544, in read_complete_recno
IndexError: list index out of range
2026-08-09 02:01:03.503656
Traceback (most recent call last):
  File "Code\Analysis\RunAnalysisControl.py", line 726, in set_pos
  File "Code\Databases\DBgames.py", line 1416, in save_game_recno
  File "Code\Databases\DBgames.py", line 1360, in modify
  File "Code\Databases\DBgames.py", line 760, in read_game_recno
  File "Code\Databases\DBgames.py", line 544, in read_complete_recno
IndexError: list index out of range
2026-08-09 02:01:03.515580
Traceback (most recent call last):
  File "Code\Analysis\RunAnalysisControl.py", line 726, in set_pos
  File "Code\Databases\DBgames.py", line 1416, in save_game_recno
  File "Code\Databases\DBgames.py", line 1360, in modify
  File "Code\Databases\DBgames.py", line 760, in read_game_recno
  File "Code\Databases\DBgames.py", line 544, in read_complete_recno
IndexError: list index out of range
2026-08-09 02:01:03.676919
Traceback (most recent call last):
  File "Code\Analysis\RunAnalysisControl.py", line 726, in set_pos
  File "Code\Databases\DBgames.py", line 1416, in save_game_recno
  File "Code\Databases\DBgames.py", line 1360, in modify
  File "Code\Databases\DBgames.py", line 760, in read_game_recno
  File "Code\Databases\DBgames.py", line 544, in read_complete_recno
IndexError: list index out of range
2026-08-09 02:01:03.695421
Traceback (most recent call last):
  File "Code\Analysis\RunAnalysisControl.py", line 726, in set_pos
  File "Code\Databases\DBgames.py", line 1416, in save_game_recno
  File "Code\Databases\DBgames.py", line 1360, in modify
  File "Code\Databases\DBgames.py", line 760, in read_game_recno
  File "Code\Databases\DBgames.py", line 544, in read_complete_recno
IndexError: list index out of range
2026-08-09 02:01:03.827116
Traceback (most recent call last):
  File "Code\Analysis\RunAnalysisControl.py", line 726, in set_pos
  File "Code\Databases\DBgames.py", line 1416, in save_game_recno
  File "Code\Databases\DBgames.py", line 1360, in modify
  File "Code\Databases\DBgames.py", line 760, in read_game_recno
  File "Code\Databases\DBgames.py", line 544, in read_complete_recno
IndexError: list index out of range
2026-08-09 02:01:03.916886
Traceback (most recent call last):
  File "Code\Analysis\RunAnalysisControl.py", line 726, in set_pos
  File "Code\Databases\DBgames.py", line 1416, in save_game_recno
  File "Code\Databases\DBgames.py", line 1360, in modify
  File "Code\Databases\DBgames.py", line 760, in read_game_recno
  File "Code\Databases\DBgames.py", line 544, in read_complete_recno
IndexError: list index out of range
2026-08-09 02:01:03.926006
Traceback (most recent call last):
  File "Code\Analysis\RunAnalysisControl.py", line 726, in set_pos
  File "Code\Databases\DBgames.py", line 1416, in save_game_recno
  File "Code\Databases\DBgames.py", line 1360, in modify
  File "Code\Databases\DBgames.py", line 760, in read_game_recno
  File "Code\Databases\DBgames.py", line 544, in read_complete_recno
IndexError: list index out of range
2026-08-09 02:01:03.970523
Traceback (most recent call last):
  File "Code\Analysis\RunAnalysisControl.py", line 726, in set_pos
  File "Code\Databases\DBgames.py", line 1416, in save_game_recno
  File "Code\Databases\DBgames.py", line 1360, in modify
  File "Code\Databases\DBgames.py", line 760, in read_game_recno
  File "Code\Databases\DBgames.py", line 544, in read_complete_recno
IndexError: list index out of range
2026-08-09 02:01:04.087516
Traceback (most recent call last):
  File "Code\Analysis\RunAnalysisControl.py", line 726, in set_pos
  File "Code\Databases\DBgames.py", line 1416, in save_game_recno
  File "Code\Databases\DBgames.py", line 1360, in modify
  File "Code\Databases\DBgames.py", line 760, in read_game_recno
  File "Code\Databases\DBgames.py", line 544, in read_complete_recno
IndexError: list index out of range
2026-08-09 02:01:04.094714
Traceback (most recent call last):
  File "Code\Analysis\RunAnalysisControl.py", line 726, in set_pos
  File "Code\Databases\DBgames.py", line 1416, in save_game_recno
  File "Code\Databases\DBgames.py", line 1360, in modify
  File "Code\Databases\DBgames.py", line 760, in read_game_recno
  File "Code\Databases\DBgames.py", line 544, in read_complete_recno
IndexError: list index out of range
2026-08-09 02:10:19.377637
Traceback (most recent call last):
  File "Code\Analysis\RunAnalysisControl.py", line 726, in set_pos
  File "Code\Databases\DBgames.py", line 1416, in save_game_recno
  File "Code\Databases\DBgames.py", line 1360, in modify
  File "Code\Databases\DBgames.py", line 760, in read_game_recno
  File "Code\Databases\DBgames.py", line 544, in read_complete_recno
IndexError: list index out of range
2026-08-09 02:10:19.425149
Traceback (most recent call last):
  File "Code\Analysis\RunAnalysisControl.py", line 726, in set_pos
  File "Code\Databases\DBgames.py", line 1416, in save_game_recno
  File "Code\Databases\DBgames.py", line 1360, in modify
  File "Code\Databases\DBgames.py", line 760, in read_game_recno
  File "Code\Databases\DBgames.py", line 544, in read_complete_recno
IndexError: list index out of range
2026-08-09 02:10:19.478260
Traceback (most recent call last):
  File "Code\Analysis\RunAnalysisControl.py", line 726, in set_pos
  File "Code\Databases\DBgames.py", line 1416, in save_game_recno
  File "Code\Databases\DBgames.py", line 1360, in modify
  File "Code\Databases\DBgames.py", line 760, in read_game_recno
  File "Code\Databases\DBgames.py", line 544, in read_complete_recno
IndexError: list index out of range
2026-08-09 02:10:19.483395
Traceback (most recent call last):
  File "Code\Analysis\RunAnalysisControl.py", line 726, in set_pos
  File "Code\Databases\DBgames.py", line 1416, in save_game_recno
  File "Code\Databases\DBgames.py", line 1360, in modify
  File "Code\Databases\DBgames.py", line 760, in read_game_recno
  File "Code\Databases\DBgames.py", line 544, in read_complete_recno
IndexError: list index out of range
2026-08-09 02:10:20.005970
Traceback (most recent call last):
  File "Code\Analysis\RunAnalysisControl.py", line 726, in set_pos
  File "Code\Databases\DBgames.py", line 1416, in save_game_recno
  File "Code\Databases\DBgames.py", line 1360, in modify
  File "Code\Databases\DBgames.py", line 760, in read_game_recno
  File "Code\Databases\DBgames.py", line 544, in read_complete_recno
IndexError: list index out of range
2026-08-09 02:10:20.133650
Traceback (most recent call last):
  File "Code\Analysis\RunAnalysisControl.py", line 726, in set_pos
  File "Code\Databases\DBgames.py", line 1416, in save_game_recno
  File "Code\Databases\DBgames.py", line 1360, in modify
  File "Code\Databases\DBgames.py", line 760, in read_game_recno
  File "Code\Databases\DBgames.py", line 544, in read_complete_recno
IndexError: list index out of range
2026-08-09 02:10:20.175940
Traceback (most recent call last):
  File "Code\Analysis\RunAnalysisControl.py", line 726, in set_pos
  File "Code\Databases\DBgames.py", line 1416, in save_game_recno
  File "Code\Databases\DBgames.py", line 1360, in modify
  File "Code\Databases\DBgames.py", line 760, in read_game_recno
  File "Code\Databases\DBgames.py", line 544, in read_complete_recno
IndexError: list index out of range
2026-08-09 02:10:20.239350
Traceback (most recent call last):
  File "Code\Analysis\RunAnalysisControl.py", line 726, in set_pos
  File "Code\Databases\DBgames.py", line 1416, in save_game_recno
  File "Code\Databases\DBgames.py", line 1360, in modify
  File "Code\Databases\DBgames.py", line 760, in read_game_recno
  File "Code\Databases\DBgames.py", line 544, in read_complete_recno
IndexError: list index out of range
2026-08-09 02:10:20.253799
Traceback (most recent call last):
  File "Code\Analysis\RunAnalysisControl.py", line 726, in set_pos
  File "Code\Databases\DBgames.py", line 1416, in save_game_recno
  File "Code\Databases\DBgames.py", line 1360, in modify
  File "Code\Databases\DBgames.py", line 760, in read_game_recno
  File "Code\Databases\DBgames.py", line 544, in read_complete_recno
IndexError: list index out of range
2026-08-09 02:10:20.258799
Traceback (most recent call last):
  File "Code\Analysis\RunAnalysisControl.py", line 726, in set_pos
  File "Code\Databases\DBgames.py", line 1416, in save_game_recno
  File "Code\Databases\DBgames.py", line 1360, in modify
  File "Code\Databases\DBgames.py", line 760, in read_game_recno
  File "Code\Databases\DBgames.py", line 544, in read_complete_recno
IndexError: list index out of range
2026-08-09 02:10:20.498779
Traceback (most recent call last):
  File "Code\Analysis\RunAnalysisControl.py", line 726, in set_pos
  File "Code\Databases\DBgames.py", line 1416, in save_game_recno
  File "Code\Databases\DBgames.py", line 1360, in modify
  File "Code\Databases\DBgames.py", line 760, in read_game_recno
  File "Code\Databases\DBgames.py", line 544, in read_complete_recno
IndexError: list index out of range
2026-08-09 02:10:20.534985
Traceback (most recent call last):
  File "Code\Analysis\RunAnalysisControl.py", line 726, in set_pos
  File "Code\Databases\DBgames.py", line 1416, in save_game_recno
  File "Code\Databases\DBgames.py", line 1360, in modify
  File "Code\Databases\DBgames.py", line 760, in read_game_recno
  File "Code\Databases\DBgames.py", line 544, in read_complete_recno
IndexError: list index out of range
2026-08-09 02:10:20.540986
Traceback (most recent call last):
  File "Code\Analysis\RunAnalysisControl.py", line 726, in set_pos
  File "Code\Databases\DBgames.py", line 1416, in save_game_recno
  File "Code\Databases\DBgames.py", line 1360, in modify
  File "Code\Databases\DBgames.py", line 760, in read_game_recno
  File "Code\Databases\DBgames.py", line 544, in read_complete_recno
IndexError: list index out of range
2026-08-09 02:10:20.588650
Traceback (most recent call last):
  File "Code\Analysis\RunAnalysisControl.py", line 726, in set_pos
  File "Code\Databases\DBgames.py", line 1416, in save_game_recno
  File "Code\Databases\DBgames.py", line 1360, in modify
  File "Code\Databases\DBgames.py", line 760, in read_game_recno
  File "Code\Databases\DBgames.py", line 544, in read_complete_recno
IndexError: list index out of range
2026-08-09 02:10:20.781639
Traceback (most recent call last):
  File "Code\Analysis\RunAnalysisControl.py", line 726, in set_pos
  File "Code\Databases\DBgames.py", line 1416, in save_game_recno
  File "Code\Databases\DBgames.py", line 1360, in modify
  File "Code\Databases\DBgames.py", line 760, in read_game_recno
  File "Code\Databases\DBgames.py", line 544, in read_complete_recno
IndexError: list index out of range
2026-08-09 02:10:20.855974
Traceback (most recent call last):
  File "Code\Analysis\RunAnalysisControl.py", line 726, in set_pos
  File "Code\Databases\DBgames.py", line 1416, in save_game_recno
  File "Code\Databases\DBgames.py", line 1360, in modify
  File "Code\Databases\DBgames.py", line 760, in read_game_recno
  File "Code\Databases\DBgames.py", line 544, in read_complete_recno
IndexError: list index out of range
2026-08-09 02:10:20.860973
Traceback (most recent call last):
  File "Code\Analysis\RunAnalysisControl.py", line 726, in set_pos
  File "Code\Databases\DBgames.py", line 1416, in save_game_recno
  File "Code\Databases\DBgames.py", line 1360, in modify
  File "Code\Databases\DBgames.py", line 760, in read_game_recno
  File "Code\Databases\DBgames.py", line 544, in read_complete_recno
IndexError: list index out of range
2026-08-09 02:10:21.044494
Traceback (most recent call last):
  File "Code\Analysis\RunAnalysisControl.py", line 726, in set_pos
  File "Code\Databases\DBgames.py", line 1416, in save_game_recno
  File "Code\Databases\DBgames.py", line 1360, in modify
  File "Code\Databases\DBgames.py", line 760, in read_game_recno
  File "Code\Databases\DBgames.py", line 544, in read_complete_recno
IndexError: list index out of range
2026-08-09 02:10:21.128774
Traceback (most recent call last):
  File "Code\Analysis\RunAnalysisControl.py", line 726, in set_pos
  File "Code\Databases\DBgames.py", line 1416, in save_game_recno
  File "Code\Databases\DBgames.py", line 1360, in modify
  File "Code\Databases\DBgames.py", line 760, in read_game_recno
  File "Code\Databases\DBgames.py", line 544, in read_complete_recno
IndexError: list index out of range
2026-08-09 02:10:21.135256
Traceback (most recent call last):
  File "Code\Analysis\RunAnalysisControl.py", line 726, in set_pos
  File "Code\Databases\DBgames.py", line 1416, in save_game_recno
  File "Code\Databases\DBgames.py", line 1360, in modify
  File "Code\Databases\DBgames.py", line 760, in read_game_recno
  File "Code\Databases\DBgames.py", line 544, in read_complete_recno
IndexError: list index out of range
2026-08-09 02:10:21.189649
Traceback (most recent call last):
  File "Code\Analysis\RunAnalysisControl.py", line 726, in set_pos
  File "Code\Databases\DBgames.py", line 1416, in save_game_recno
  File "Code\Databases\DBgames.py", line 1360, in modify
  File "Code\Databases\DBgames.py", line 760, in read_game_recno
  File "Code\Databases\DBgames.py", line 544, in read_complete_recno
IndexError: list index out of range
2026-08-09 02:10:21.255320
Traceback (most recent call last):
  File "Code\Analysis\RunAnalysisControl.py", line 726, in set_pos
  File "Code\Databases\DBgames.py", line 1416, in save_game_recno
  File "Code\Databases\DBgames.py", line 1360, in modify
  File "Code\Databases\DBgames.py", line 760, in read_game_recno
  File "Code\Databases\DBgames.py", line 544, in read_complete_recno
IndexError: list index out of range
2026-08-09 02:10:21.262219
Traceback (most recent call last):
  File "Code\Analysis\RunAnalysisControl.py", line 726, in set_pos
  File "Code\Databases\DBgames.py", line 1416, in save_game_recno
  File "Code\Databases\DBgames.py", line 1360, in modify
  File "Code\Databases\DBgames.py", line 760, in read_game_recno
  File "Code\Databases\DBgames.py", line 544, in read_complete_recno
IndexError: list index out of range
2026-08-09 02:10:21.513218
Traceback (most recent call last):
  File "Code\Analysis\RunAnalysisControl.py", line 726, in set_pos
  File "Code\Databases\DBgames.py", line 1416, in save_game_recno
  File "Code\Databases\DBgames.py", line 1360, in modify
  File "Code\Databases\DBgames.py", line 760, in read_game_recno
  File "Code\Databases\DBgames.py", line 544, in read_complete_recno
IndexError: list index out of range
2026-08-09 02:10:21.540642
Traceback (most recent call last):
  File "Code\Analysis\RunAnalysisControl.py", line 726, in set_pos
  File "Code\Databases\DBgames.py", line 1416, in save_game_recno
  File "Code\Databases\DBgames.py", line 1360, in modify
  File "Code\Databases\DBgames.py", line 760, in read_game_recno
  File "Code\Databases\DBgames.py", line 544, in read_complete_recno
IndexError: list index out of range
2026-08-09 02:10:21.635415
Traceback (most recent call last):
  File "Code\Analysis\RunAnalysisControl.py", line 726, in set_pos
  File "Code\Databases\DBgames.py", line 1416, in save_game_recno
  File "Code\Databases\DBgames.py", line 1360, in modify
  File "Code\Databases\DBgames.py", line 760, in read_game_recno
  File "Code\Databases\DBgames.py", line 544, in read_complete_recno
IndexError: list index out of range
2026-08-09 02:10:21.746253
Traceback (most recent call last):
  File "Code\Analysis\RunAnalysisControl.py", line 726, in set_pos
  File "Code\Databases\DBgames.py", line 1416, in save_game_recno
  File "Code\Databases\DBgames.py", line 1360, in modify
  File "Code\Databases\DBgames.py", line 760, in read_game_recno
  File "Code\Databases\DBgames.py", line 544, in read_complete_recno
IndexError: list index out of range
2026-08-09 02:10:21.753797
Traceback (most recent call last):
  File "Code\Analysis\RunAnalysisControl.py", line 726, in set_pos
  File "Code\Databases\DBgames.py", line 1416, in save_game_recno
  File "Code\Databases\DBgames.py", line 1360, in modify
  File "Code\Databases\DBgames.py", line 760, in read_game_recno
  File "Code\Databases\DBgames.py", line 544, in read_complete_recno
IndexError: list index out of range
2026-08-09 02:10:21.809960
Traceback (most recent call last):
  File "Code\Analysis\RunAnalysisControl.py", line 726, in set_pos
  File "Code\Databases\DBgames.py", line 1416, in save_game_recno
  File "Code\Databases\DBgames.py", line 1360, in modify
  File "Code\Databases\DBgames.py", line 760, in read_game_recno
  File "Code\Databases\DBgames.py", line 544, in read_complete_recno
IndexError: list index out of range
2026-08-09 02:10:21.830845
Traceback (most recent call last):
  File "Code\Analysis\RunAnalysisControl.py", line 726, in set_pos
  File "Code\Databases\DBgames.py", line 1416, in save_game_recno
  File "Code\Databases\DBgames.py", line 1360, in modify
  File "Code\Databases\DBgames.py", line 760, in read_game_recno
  File "Code\Databases\DBgames.py", line 544, in read_complete_recno
IndexError: list index out of range
2026-08-09 02:10:21.912720
Traceback (most recent call last):
  File "Code\Analysis\RunAnalysisControl.py", line 726, in set_pos
  File "Code\Databases\DBgames.py", line 1416, in save_game_recno
  File "Code\Databases\DBgames.py", line 1360, in modify
  File "Code\Databases\DBgames.py", line 760, in read_game_recno
  File "Code\Databases\DBgames.py", line 544, in read_complete_recno
IndexError: list index out of range
2026-08-09 02:10:22.087586
Traceback (most recent call last):
  File "Code\Analysis\RunAnalysisControl.py", line 726, in set_pos
  File "Code\Databases\DBgames.py", line 1416, in save_game_recno
  File "Code\Databases\DBgames.py", line 1360, in modify
  File "Code\Databases\DBgames.py", line 760, in read_game_recno
  File "Code\Databases\DBgames.py", line 544, in read_complete_recno
IndexError: list index out of range
2026-08-09 02:10:22.094587
Traceback (most recent call last):
  File "Code\Analysis\RunAnalysisControl.py", line 726, in set_pos
  File "Code\Databases\DBgames.py", line 1416, in save_game_recno
  File "Code\Databases\DBgames.py", line 1360, in modify
  File "Code\Databases\DBgames.py", line 760, in read_game_recno
  File "Code\Databases\DBgames.py", line 544, in read_complete_recno
IndexError: list index out of range
2026-08-09 02:10:22.212517
Traceback (most recent call last):
  File "Code\Analysis\RunAnalysisControl.py", line 726, in set_pos
  File "Code\Databases\DBgames.py", line 1416, in save_game_recno
  File "Code\Databases\DBgames.py", line 1360, in modify
  File "Code\Databases\DBgames.py", line 760, in read_game_recno
  File "Code\Databases\DBgames.py", line 544, in read_complete_recno
IndexError: list index out of range
2026-08-09 02:10:22.434817
Traceback (most recent call last):
  File "Code\Analysis\RunAnalysisControl.py", line 726, in set_pos
  File "Code\Databases\DBgames.py", line 1416, in save_game_recno
  File "Code\Databases\DBgames.py", line 1360, in modify
  File "Code\Databases\DBgames.py", line 760, in read_game_recno
  File "Code\Databases\DBgames.py", line 544, in read_complete_recno
IndexError: list index out of range
2026-08-09 02:10:22.452369
Traceback (most recent call last):
  File "Code\Analysis\RunAnalysisControl.py", line 726, in set_pos
  File "Code\Databases\DBgames.py", line 1416, in save_game_recno
  File "Code\Databases\DBgames.py", line 1360, in modify
  File "Code\Databases\DBgames.py", line 760, in read_game_recno
  File "Code\Databases\DBgames.py", line 544, in read_complete_recno
IndexError: list index out of range
2026-08-09 02:10:22.517881
Traceback (most recent call last):
  File "Code\Analysis\RunAnalysisControl.py", line 726, in set_pos
  File "Code\Databases\DBgames.py", line 1416, in save_game_recno
  File "Code\Databases\DBgames.py", line 1360, in modify
  File "Code\Databases\DBgames.py", line 760, in read_game_recno
  File "Code\Databases\DBgames.py", line 544, in read_complete_recno
IndexError: list index out of range
2026-08-09 02:10:22.523564
Traceback (most recent call last):
  File "Code\Analysis\RunAnalysisControl.py", line 726, in set_pos
  File "Code\Databases\DBgames.py", line 1416, in save_game_recno
  File "Code\Databases\DBgames.py", line 1360, in modify
  File "Code\Databases\DBgames.py", line 760, in read_game_recno
  File "Code\Databases\DBgames.py", line 544, in read_complete_recno
IndexError: list index out of range
2026-08-09 02:10:22.543877
Traceback (most recent call last):
  File "Code\Analysis\RunAnalysisControl.py", line 726, in set_pos
  File "Code\Databases\DBgames.py", line 1416, in save_game_recno
  File "Code\Databases\DBgames.py", line 1360, in modify
  File "Code\Databases\DBgames.py", line 760, in read_game_recno
  File "Code\Databases\DBgames.py", line 544, in read_complete_recno
IndexError: list index out of range
2026-08-09 02:10:22.555431
Traceback (most recent call last):
  File "Code\Analysis\RunAnalysisControl.py", line 726, in set_pos
  File "Code\Databases\DBgames.py", line 1416, in save_game_recno
  File "Code\Databases\DBgames.py", line 1360, in modify
  File "Code\Databases\DBgames.py", line 760, in read_game_recno
  File "Code\Databases\DBgames.py", line 544, in read_complete_recno
IndexError: list index out of range
2026-08-09 02:10:22.833266
Traceback (most recent call last):
  File "Code\Analysis\RunAnalysisControl.py", line 726, in set_pos
  File "Code\Databases\DBgames.py", line 1416, in save_game_recno
  File "Code\Databases\DBgames.py", line 1360, in modify
  File "Code\Databases\DBgames.py", line 760, in read_game_recno
  File "Code\Databases\DBgames.py", line 544, in read_complete_recno
IndexError: list index out of range
2026-08-09 02:10:22.881587
Traceback (most recent call last):
  File "Code\Analysis\RunAnalysisControl.py", line 726, in set_pos
  File "Code\Databases\DBgames.py", line 1416, in save_game_recno
  File "Code\Databases\DBgames.py", line 1360, in modify
  File "Code\Databases\DBgames.py", line 760, in read_game_recno
  File "Code\Databases\DBgames.py", line 544, in read_complete_recno
IndexError: list index out of range
2026-08-09 02:10:22.898109
Traceback (most recent call last):
  File "Code\Analysis\RunAnalysisControl.py", line 726, in set_pos
  File "Code\Databases\DBgames.py", line 1416, in save_game_recno
  File "Code\Databases\DBgames.py", line 1360, in modify
  File "Code\Databases\DBgames.py", line 760, in read_game_recno
  File "Code\Databases\DBgames.py", line 544, in read_complete_recno
IndexError: list index out of range
2026-08-09 02:10:23.074959
Traceback (most recent call last):
  File "Code\Analysis\RunAnalysisControl.py", line 726, in set_pos
  File "Code\Databases\DBgames.py", line 1416, in save_game_recno
  File "Code\Databases\DBgames.py", line 1360, in modify
  File "Code\Databases\DBgames.py", line 760, in read_game_recno
  File "Code\Databases\DBgames.py", line 544, in read_complete_recno
IndexError: list index out of range
2026-08-09 02:10:23.127427
Traceback (most recent call last):
  File "Code\Analysis\RunAnalysisControl.py", line 726, in set_pos
  File "Code\Databases\DBgames.py", line 1416, in save_game_recno
  File "Code\Databases\DBgames.py", line 1360, in modify
  File "Code\Databases\DBgames.py", line 760, in read_game_recno
  File "Code\Databases\DBgames.py", line 544, in read_complete_recno
IndexError: list index out of range
2026-08-09 02:10:23.138172
Traceback (most recent call last):
  File "Code\Analysis\RunAnalysisControl.py", line 726, in set_pos
  File "Code\Databases\DBgames.py", line 1416, in save_game_recno
  File "Code\Databases\DBgames.py", line 1360, in modify
  File "Code\Databases\DBgames.py", line 760, in read_game_recno
  File "Code\Databases\DBgames.py", line 544, in read_complete_recno
IndexError: list index out of range
2026-08-09 02:10:23.220489
Traceback (most recent call last):
  File "Code\Analysis\RunAnalysisControl.py", line 726, in set_pos
  File "Code\Databases\DBgames.py", line 1416, in save_game_recno
  File "Code\Databases\DBgames.py", line 1360, in modify
  File "Code\Databases\DBgames.py", line 760, in read_game_recno
  File "Code\Databases\DBgames.py", line 544, in read_complete_recno
IndexError: list index out of range
2026-08-09 02:10:23.276834
Traceback (most recent call last):
  File "Code\Analysis\RunAnalysisControl.py", line 726, in set_pos
  File "Code\Databases\DBgames.py", line 1416, in save_game_recno
  File "Code\Databases\DBgames.py", line 1360, in modify
  File "Code\Databases\DBgames.py", line 760, in read_game_recno
  File "Code\Databases\DBgames.py", line 544, in read_complete_recno
IndexError: list index out of range
2026-08-09 02:10:23.328944
Traceback (most recent call last):
  File "Code\Analysis\RunAnalysisControl.py", line 726, in set_pos
  File "Code\Databases\DBgames.py", line 1416, in save_game_recno
  File "Code\Databases\DBgames.py", line 1360, in modify
  File "Code\Databases\DBgames.py", line 760, in read_game_recno
  File "Code\Databases\DBgames.py", line 544, in read_complete_recno
IndexError: list index out of range
2026-08-09 02:10:23.482707
Traceback (most recent call last):
  File "Code\Analysis\RunAnalysisControl.py", line 726, in set_pos
  File "Code\Databases\DBgames.py", line 1416, in save_game_recno
  File "Code\Databases\DBgames.py", line 1360, in modify
  File "Code\Databases\DBgames.py", line 760, in read_game_recno
  File "Code\Databases\DBgames.py", line 544, in read_complete_recno
IndexError: list index out of range
2026-08-09 02:10:23.522244
Traceback (most recent call last):
  File "Code\Analysis\RunAnalysisControl.py", line 726, in set_pos
  File "Code\Databases\DBgames.py", line 1416, in save_game_recno
  File "Code\Databases\DBgames.py", line 1360, in modify
  File "Code\Databases\DBgames.py", line 760, in read_game_recno
  File "Code\Databases\DBgames.py", line 544, in read_complete_recno
IndexError: list index out of range
2026-08-09 02:10:23.559809
Traceback (most recent call last):
  File "Code\Analysis\RunAnalysisControl.py", line 726, in set_pos
  File "Code\Databases\DBgames.py", line 1416, in save_game_recno
  File "Code\Databases\DBgames.py", line 1360, in modify
  File "Code\Databases\DBgames.py", line 760, in read_game_recno
  File "Code\Databases\DBgames.py", line 544, in read_complete_recno
IndexError: list index out of range
2026-08-09 02:10:23.624070
Traceback (most recent call last):
  File "Code\Analysis\RunAnalysisControl.py", line 726, in set_pos
  File "Code\Databases\DBgames.py", line 1416, in save_game_recno
  File "Code\Databases\DBgames.py", line 1360, in modify
  File "Code\Databases\DBgames.py", line 760, in read_game_recno
  File "Code\Databases\DBgames.py", line 544, in read_complete_recno
IndexError: list index out of range
2026-08-09 02:10:23.648506
Traceback (most recent call last):
  File "Code\Analysis\RunAnalysisControl.py", line 726, in set_pos
  File "Code\Databases\DBgames.py", line 1416, in save_game_recno
  File "Code\Databases\DBgames.py", line 1360, in modify
  File "Code\Databases\DBgames.py", line 760, in read_game_recno
  File "Code\Databases\DBgames.py", line 544, in read_complete_recno
IndexError: list index out of range
2026-08-09 02:10:23.850096
Traceback (most recent call last):
  File "Code\Analysis\RunAnalysisControl.py", line 726, in set_pos
  File "Code\Databases\DBgames.py", line 1416, in save_game_recno
  File "Code\Databases\DBgames.py", line 1360, in modify
  File "Code\Databases\DBgames.py", line 760, in read_game_recno
  File "Code\Databases\DBgames.py", line 544, in read_complete_recno
IndexError: list index out of range
2026-08-09 02:10:23.907102
Traceback (most recent call last):
  File "Code\Analysis\RunAnalysisControl.py", line 726, in set_pos
  File "Code\Databases\DBgames.py", line 1416, in save_game_recno
  File "Code\Databases\DBgames.py", line 1360, in modify
  File "Code\Databases\DBgames.py", line 760, in read_game_recno
  File "Code\Databases\DBgames.py", line 544, in read_complete_recno
IndexError: list index out of range
2026-08-09 02:10:23.935074
Traceback (most recent call last):
  File "Code\Analysis\RunAnalysisControl.py", line 726, in set_pos
  File "Code\Databases\DBgames.py", line 1416, in save_game_recno
  File "Code\Databases\DBgames.py", line 1360, in modify
  File "Code\Databases\DBgames.py", line 760, in read_game_recno
  File "Code\Databases\DBgames.py", line 544, in read_complete_recno
IndexError: list index out of range
2026-08-09 02:10:23.943101
Traceback (most recent call last):
  File "Code\Analysis\RunAnalysisControl.py", line 726, in set_pos
  File "Code\Databases\DBgames.py", line 1416, in save_game_recno
  File "Code\Databases\DBgames.py", line 1360, in modify
  File "Code\Databases\DBgames.py", line 760, in read_game_recno
  File "Code\Databases\DBgames.py", line 544, in read_complete_recno
IndexError: list index out of range
2026-08-09 02:10:23.995620
Traceback (most recent call last):
  File "Code\Analysis\RunAnalysisControl.py", line 726, in set_pos
  File "Code\Databases\DBgames.py", line 1416, in save_game_recno
  File "Code\Databases\DBgames.py", line 1360, in modify
  File "Code\Databases\DBgames.py", line 760, in read_game_recno
  File "Code\Databases\DBgames.py", line 544, in read_complete_recno
IndexError: list index out of range
2026-08-09 02:10:24.052715
Traceback (most recent call last):
  File "Code\Analysis\RunAnalysisControl.py", line 726, in set_pos
  File "Code\Databases\DBgames.py", line 1416, in save_game_recno
  File "Code\Databases\DBgames.py", line 1360, in modify
  File "Code\Databases\DBgames.py", line 760, in read_game_recno
  File "Code\Databases\DBgames.py", line 544, in read_complete_recno
IndexError: list index out of range
2026-08-09 02:10:24.319577
Traceback (most recent call last):
  File "Code\Analysis\RunAnalysisControl.py", line 726, in set_pos
  File "Code\Databases\DBgames.py", line 1416, in save_game_recno
  File "Code\Databases\DBgames.py", line 1360, in modify
  File "Code\Databases\DBgames.py", line 760, in read_game_recno
  File "Code\Databases\DBgames.py", line 544, in read_complete_recno
IndexError: list index out of range
2026-08-09 02:10:24.336969
Traceback (most recent call last):
  File "Code\Analysis\RunAnalysisControl.py", line 726, in set_pos
  File "Code\Databases\DBgames.py", line 1416, in save_game_recno
  File "Code\Databases\DBgames.py", line 1360, in modify
  File "Code\Databases\DBgames.py", line 760, in read_game_recno
  File "Code\Databases\DBgames.py", line 544, in read_complete_recno
IndexError: list index out of range
2026-08-09 02:10:24.375097
Traceback (most recent call last):
  File "Code\Analysis\RunAnalysisControl.py", line 726, in set_pos
  File "Code\Databases\DBgames.py", line 1416, in save_game_recno
  File "Code\Databases\DBgames.py", line 1360, in modify
  File "Code\Databases\DBgames.py", line 760, in read_game_recno
  File "Code\Databases\DBgames.py", line 544, in read_complete_recno
IndexError: list index out of range
2026-08-09 02:10:24.438718
Traceback (most recent call last):
  File "Code\Analysis\RunAnalysisControl.py", line 726, in set_pos
  File "Code\Databases\DBgames.py", line 1416, in save_game_recno
  File "Code\Databases\DBgames.py", line 1360, in modify
  File "Code\Databases\DBgames.py", line 760, in read_game_recno
  File "Code\Databases\DBgames.py", line 544, in read_complete_recno
IndexError: list index out of range
2026-08-09 02:10:24.531234
Traceback (most recent call last):
  File "Code\Analysis\RunAnalysisControl.py", line 726, in set_pos
  File "Code\Databases\DBgames.py", line 1416, in save_game_recno
  File "Code\Databases\DBgames.py", line 1360, in modify
  File "Code\Databases\DBgames.py", line 760, in read_game_recno
  File "Code\Databases\DBgames.py", line 544, in read_complete_recno
IndexError: list index out of range
2026-08-09 02:10:24.536234
Traceback (most recent call last):
  File "Code\Analysis\RunAnalysisControl.py", line 726, in set_pos
  File "Code\Databases\DBgames.py", line 1416, in save_game_recno
  File "Code\Databases\DBgames.py", line 1360, in modify
  File "Code\Databases\DBgames.py", line 760, in read_game_recno
  File "Code\Databases\DBgames.py", line 544, in read_complete_recno
IndexError: list index out of range
2026-08-09 02:10:24.768955
Traceback (most recent call last):
  File "Code\Analysis\RunAnalysisControl.py", line 726, in set_pos
  File "Code\Databases\DBgames.py", line 1416, in save_game_recno
  File "Code\Databases\DBgames.py", line 1360, in modify
  File "Code\Databases\DBgames.py", line 760, in read_game_recno
  File "Code\Databases\DBgames.py", line 544, in read_complete_recno
IndexError: list index out of range
2026-08-09 02:10:24.788010
Traceback (most recent call last):
  File "Code\Analysis\RunAnalysisControl.py", line 726, in set_pos
  File "Code\Databases\DBgames.py", line 1416, in save_game_recno
  File "Code\Databases\DBgames.py", line 1360, in modify
  File "Code\Databases\DBgames.py", line 760, in read_game_recno
  File "Code\Databases\DBgames.py", line 544, in read_complete_recno
IndexError: list index out of range
2026-08-09 02:10:24.802363
Traceback (most recent call last):
  File "Code\Analysis\RunAnalysisControl.py", line 726, in set_pos
  File "Code\Databases\DBgames.py", line 1416, in save_game_recno
  File "Code\Databases\DBgames.py", line 1360, in modify
  File "Code\Databases\DBgames.py", line 760, in read_game_recno
  File "Code\Databases\DBgames.py", line 544, in read_complete_recno
IndexError: list index out of range
2026-08-09 02:10:24.807760
Traceback (most recent call last):
  File "Code\Analysis\RunAnalysisControl.py", line 726, in set_pos
  File "Code\Databases\DBgames.py", line 1416, in save_game_recno
  File "Code\Databases\DBgames.py", line 1360, in modify
  File "Code\Databases\DBgames.py", line 760, in read_game_recno
  File "Code\Databases\DBgames.py", line 544, in read_complete_recno
IndexError: list index out of range
2026-08-09 02:10:24.981882
Traceback (most recent call last):
  File "Code\Analysis\RunAnalysisControl.py", line 726, in set_pos
  File "Code\Databases\DBgames.py", line 1416, in save_game_recno
  File "Code\Databases\DBgames.py", line 1360, in modify
  File "Code\Databases\DBgames.py", line 760, in read_game_recno
  File "Code\Databases\DBgames.py", line 544, in read_complete_recno
IndexError: list index out of range
2026-08-09 02:10:25.044579
Traceback (most recent call last):
  File "Code\Analysis\RunAnalysisControl.py", line 726, in set_pos
  File "Code\Databases\DBgames.py", line 1416, in save_game_recno
  File "Code\Databases\DBgames.py", line 1360, in modify
  File "Code\Databases\DBgames.py", line 760, in read_game_recno
  File "Code\Databases\DBgames.py", line 544, in read_complete_recno
IndexError: list index out of range
2026-08-09 02:10:25.094574
Traceback (most recent call last):
  File "Code\Analysis\RunAnalysisControl.py", line 726, in set_pos
  File "Code\Databases\DBgames.py", line 1416, in save_game_recno
  File "Code\Databases\DBgames.py", line 1360, in modify
  File "Code\Databases\DBgames.py", line 760, in read_game_recno
  File "Code\Databases\DBgames.py", line 544, in read_complete_recno
IndexError: list index out of range
2026-08-09 02:10:25.181822
Traceback (most recent call last):
  File "Code\Analysis\RunAnalysisControl.py", line 726, in set_pos
  File "Code\Databases\DBgames.py", line 1416, in save_game_recno
  File "Code\Databases\DBgames.py", line 1360, in modify
  File "Code\Databases\DBgames.py", line 760, in read_game_recno
  File "Code\Databases\DBgames.py", line 544, in read_complete_recno
IndexError: list index out of range
2026-08-09 02:10:25.196334
Traceback (most recent call last):
  File "Code\Analysis\RunAnalysisControl.py", line 726, in set_pos
  File "Code\Databases\DBgames.py", line 1416, in save_game_recno
  File "Code\Databases\DBgames.py", line 1360, in modify
  File "Code\Databases\DBgames.py", line 760, in read_game_recno
  File "Code\Databases\DBgames.py", line 544, in read_complete_recno
IndexError: list index out of range
2026-08-09 02:10:25.205334
Traceback (most recent call last):
  File "Code\Analysis\RunAnalysisControl.py", line 726, in set_pos
  File "Code\Databases\DBgames.py", line 1416, in save_game_recno
  File "Code\Databases\DBgames.py", line 1360, in modify
  File "Code\Databases\DBgames.py", line 760, in read_game_recno
  File "Code\Databases\DBgames.py", line 544, in read_complete_recno
IndexError: list index out of range
2026-08-09 02:10:25.435005
Traceback (most recent call last):
  File "Code\Analysis\RunAnalysisControl.py", line 726, in set_pos
  File "Code\Databases\DBgames.py", line 1416, in save_game_recno
  File "Code\Databases\DBgames.py", line 1360, in modify
  File "Code\Databases\DBgames.py", line 760, in read_game_recno
  File "Code\Databases\DBgames.py", line 544, in read_complete_recno
IndexError: list index out of range
2026-08-09 02:10:25.440647
Traceback (most recent call last):
  File "Code\Analysis\RunAnalysisControl.py", line 726, in set_pos
  File "Code\Databases\DBgames.py", line 1416, in save_game_recno
  File "Code\Databases\DBgames.py", line 1360, in modify
  File "Code\Databases\DBgames.py", line 760, in read_game_recno
  File "Code\Databases\DBgames.py", line 544, in read_complete_recno
IndexError: list index out of range
2026-08-09 02:10:25.499150
Traceback (most recent call last):
  File "Code\Analysis\RunAnalysisControl.py", line 726, in set_pos
  File "Code\Databases\DBgames.py", line 1416, in save_game_recno
  File "Code\Databases\DBgames.py", line 1360, in modify
  File "Code\Databases\DBgames.py", line 760, in read_game_recno
  File "Code\Databases\DBgames.py", line 544, in read_complete_recno
IndexError: list index out of range
2026-08-09 02:10:25.604456
Traceback (most recent call last):
  File "Code\Analysis\RunAnalysisControl.py", line 726, in set_pos
  File "Code\Databases\DBgames.py", line 1416, in save_game_recno
  File "Code\Databases\DBgames.py", line 1360, in modify
  File "Code\Databases\DBgames.py", line 760, in read_game_recno
  File "Code\Databases\DBgames.py", line 544, in read_complete_recno
IndexError: list index out of range
2026-08-09 02:10:25.609966
Traceback (most recent call last):
  File "Code\Analysis\RunAnalysisControl.py", line 726, in set_pos
  File "Code\Databases\DBgames.py", line 1416, in save_game_recno
  File "Code\Databases\DBgames.py", line 1360, in modify
  File "Code\Databases\DBgames.py", line 760, in read_game_recno
  File "Code\Databases\DBgames.py", line 544, in read_complete_recno
IndexError: list index out of range
2026-08-09 02:10:25.643944
Traceback (most recent call last):
  File "Code\Analysis\RunAnalysisControl.py", line 726, in set_pos
  File "Code\Databases\DBgames.py", line 1416, in save_game_recno
  File "Code\Databases\DBgames.py", line 1360, in modify
  File "Code\Databases\DBgames.py", line 760, in read_game_recno
  File "Code\Databases\DBgames.py", line 544, in read_complete_recno
IndexError: list index out of range
2026-08-09 02:10:25.815841
Traceback (most recent call last):
  File "Code\Analysis\RunAnalysisControl.py", line 726, in set_pos
  File "Code\Databases\DBgames.py", line 1416, in save_game_recno
  File "Code\Databases\DBgames.py", line 1360, in modify
  File "Code\Databases\DBgames.py", line 760, in read_game_recno
  File "Code\Databases\DBgames.py", line 544, in read_complete_recno
IndexError: list index out of range
2026-08-09 02:10:25.932329
Traceback (most recent call last):
  File "Code\Analysis\RunAnalysisControl.py", line 726, in set_pos
  File "Code\Databases\DBgames.py", line 1416, in save_game_recno
  File "Code\Databases\DBgames.py", line 1360, in modify
  File "Code\Databases\DBgames.py", line 760, in read_game_recno
  File "Code\Databases\DBgames.py", line 544, in read_complete_recno
IndexError: list index out of range
2026-08-09 02:10:25.949669
Traceback (most recent call last):
  File "Code\Analysis\RunAnalysisControl.py", line 726, in set_pos
  File "Code\Databases\DBgames.py", line 1416, in save_game_recno
  File "Code\Databases\DBgames.py", line 1360, in modify
  File "Code\Databases\DBgames.py", line 760, in read_game_recno
  File "Code\Databases\DBgames.py", line 544, in read_complete_recno
IndexError: list index out of range
2026-08-09 02:10:25.958827
Traceback (most recent call last):
  File "Code\Analysis\RunAnalysisControl.py", line 726, in set_pos
  File "Code\Databases\DBgames.py", line 1416, in save_game_recno
  File "Code\Databases\DBgames.py", line 1360, in modify
  File "Code\Databases\DBgames.py", line 760, in read_game_recno
  File "Code\Databases\DBgames.py", line 544, in read_complete_recno
IndexError: list index out of range
2026-08-09 02:10:26.050793
Traceback (most recent call last):
  File "Code\Analysis\RunAnalysisControl.py", line 726, in set_pos
  File "Code\Databases\DBgames.py", line 1416, in save_game_recno
  File "Code\Databases\DBgames.py", line 1360, in modify
  File "Code\Databases\DBgames.py", line 760, in read_game_recno
  File "Code\Databases\DBgames.py", line 544, in read_complete_recno
IndexError: list index out of range
2026-08-09 02:10:26.210298
Traceback (most recent call last):
  File "Code\Analysis\RunAnalysisControl.py", line 726, in set_pos
  File "Code\Databases\DBgames.py", line 1416, in save_game_recno
  File "Code\Databases\DBgames.py", line 1360, in modify
  File "Code\Databases\DBgames.py", line 760, in read_game_recno
  File "Code\Databases\DBgames.py", line 544, in read_complete_recno
IndexError: list index out of range
2026-08-09 02:10:26.383814
Traceback (most recent call last):
  File "Code\Analysis\RunAnalysisControl.py", line 726, in set_pos
  File "Code\Databases\DBgames.py", line 1416, in save_game_recno
  File "Code\Databases\DBgames.py", line 1360, in modify
  File "Code\Databases\DBgames.py", line 760, in read_game_recno
  File "Code\Databases\DBgames.py", line 544, in read_complete_recno
IndexError: list index out of range
2026-08-09 02:10:26.403070
Traceback (most recent call last):
  File "Code\Analysis\RunAnalysisControl.py", line 726, in set_pos
  File "Code\Databases\DBgames.py", line 1416, in save_game_recno
  File "Code\Databases\DBgames.py", line 1360, in modify
  File "Code\Databases\DBgames.py", line 760, in read_game_recno
  File "Code\Databases\DBgames.py", line 544, in read_complete_recno
IndexError: list index out of range
2026-08-09 02:10:26.411516
Traceback (most recent call last):
  File "Code\Analysis\RunAnalysisControl.py", line 726, in set_pos
  File "Code\Databases\DBgames.py", line 1416, in save_game_recno
  File "Code\Databases\DBgames.py", line 1360, in modify
  File "Code\Databases\DBgames.py", line 760, in read_game_recno
  File "Code\Databases\DBgames.py", line 544, in read_complete_recno
IndexError: list index out of range
2026-08-09 02:10:26.431898
Traceback (most recent call last):
  File "Code\Analysis\RunAnalysisControl.py", line 726, in set_pos
  File "Code\Databases\DBgames.py", line 1416, in save_game_recno
  File "Code\Databases\DBgames.py", line 1360, in modify
  File "Code\Databases\DBgames.py", line 760, in read_game_recno
  File "Code\Databases\DBgames.py", line 544, in read_complete_recno
IndexError: list index out of range
2026-08-09 02:10:26.438380
Traceback (most recent call last):
  File "Code\Analysis\RunAnalysisControl.py", line 726, in set_pos
  File "Code\Databases\DBgames.py", line 1416, in save_game_recno
  File "Code\Databases\DBgames.py", line 1360, in modify
  File "Code\Databases\DBgames.py", line 760, in read_game_recno
  File "Code\Databases\DBgames.py", line 544, in read_complete_recno
IndexError: list index out of range
2026-08-09 02:10:26.672811
Traceback (most recent call last):
  File "Code\Analysis\RunAnalysisControl.py", line 726, in set_pos
  File "Code\Databases\DBgames.py", line 1416, in save_game_recno
  File "Code\Databases\DBgames.py", line 1360, in modify
  File "Code\Databases\DBgames.py", line 760, in read_game_recno
  File "Code\Databases\DBgames.py", line 544, in read_complete_recno
IndexError: list index out of range
2026-08-09 02:10:26.752397
Traceback (most recent call last):
  File "Code\Analysis\RunAnalysisControl.py", line 726, in set_pos
  File "Code\Databases\DBgames.py", line 1416, in save_game_recno
  File "Code\Databases\DBgames.py", line 1360, in modify
  File "Code\Databases\DBgames.py", line 760, in read_game_recno
  File "Code\Databases\DBgames.py", line 544, in read_complete_recno
IndexError: list index out of range
2026-08-09 02:10:26.808010
Traceback (most recent call last):
  File "Code\Analysis\RunAnalysisControl.py", line 726, in set_pos
  File "Code\Databases\DBgames.py", line 1416, in save_game_recno
  File "Code\Databases\DBgames.py", line 1360, in modify
  File "Code\Databases\DBgames.py", line 760, in read_game_recno
  File "Code\Databases\DBgames.py", line 544, in read_complete_recno
IndexError: list index out of range
2026-08-09 02:10:26.926250
Traceback (most recent call last):
  File "Code\Analysis\RunAnalysisControl.py", line 726, in set_pos
  File "Code\Databases\DBgames.py", line 1416, in save_game_recno
  File "Code\Databases\DBgames.py", line 1360, in modify
  File "Code\Databases\DBgames.py", line 760, in read_game_recno
  File "Code\Databases\DBgames.py", line 544, in read_complete_recno
IndexError: list index out of range
2026-08-09 02:10:27.029094
Traceback (most recent call last):
  File "Code\Analysis\RunAnalysisControl.py", line 726, in set_pos
  File "Code\Databases\DBgames.py", line 1416, in save_game_recno
  File "Code\Databases\DBgames.py", line 1360, in modify
  File "Code\Databases\DBgames.py", line 760, in read_game_recno
  File "Code\Databases\DBgames.py", line 544, in read_complete_recno
IndexError: list index out of range
2026-08-09 02:10:27.074351
Traceback (most recent call last):
  File "Code\Analysis\RunAnalysisControl.py", line 726, in set_pos
  File "Code\Databases\DBgames.py", line 1416, in save_game_recno
  File "Code\Databases\DBgames.py", line 1360, in modify
  File "Code\Databases\DBgames.py", line 760, in read_game_recno
  File "Code\Databases\DBgames.py", line 544, in read_complete_recno
IndexError: list index out of range
2026-08-09 02:10:27.082541
Traceback (most recent call last):
  File "Code\Analysis\RunAnalysisControl.py", line 726, in set_pos
  File "Code\Databases\DBgames.py", line 1416, in save_game_recno
  File "Code\Databases\DBgames.py", line 1360, in modify
  File "Code\Databases\DBgames.py", line 760, in read_game_recno
  File "Code\Databases\DBgames.py", line 544, in read_complete_recno
IndexError: list index out of range
2026-08-09 02:10:27.146006
Traceback (most recent call last):
  File "Code\Analysis\RunAnalysisControl.py", line 726, in set_pos
  File "Code\Databases\DBgames.py", line 1416, in save_game_recno
  File "Code\Databases\DBgames.py", line 1360, in modify
  File "Code\Databases\DBgames.py", line 760, in read_game_recno
  File "Code\Databases\DBgames.py", line 544, in read_complete_recno
IndexError: list index out of range
2026-08-09 02:10:27.349214
Traceback (most recent call last):
  File "Code\Analysis\RunAnalysisControl.py", line 726, in set_pos
  File "Code\Databases\DBgames.py", line 1416, in save_game_recno
  File "Code\Databases\DBgames.py", line 1360, in modify
  File "Code\Databases\DBgames.py", line 760, in read_game_recno
  File "Code\Databases\DBgames.py", line 544, in read_complete_recno
IndexError: list index out of range
2026-08-09 02:10:27.379222
Traceback (most recent call last):
  File "Code\Analysis\RunAnalysisControl.py", line 726, in set_pos
  File "Code\Databases\DBgames.py", line 1416, in save_game_recno
  File "Code\Databases\DBgames.py", line 1360, in modify
  File "Code\Databases\DBgames.py", line 760, in read_game_recno
  File "Code\Databases\DBgames.py", line 544, in read_complete_recno
IndexError: list index out of range
2026-08-09 02:10:27.438318
Traceback (most recent call last):
  File "Code\Analysis\RunAnalysisControl.py", line 726, in set_pos
  File "Code\Databases\DBgames.py", line 1416, in save_game_recno
  File "Code\Databases\DBgames.py", line 1360, in modify
  File "Code\Databases\DBgames.py", line 760, in read_game_recno
  File "Code\Databases\DBgames.py", line 544, in read_complete_recno
IndexError: list index out of range
2026-08-09 02:10:27.500564
Traceback (most recent call last):
  File "Code\Analysis\RunAnalysisControl.py", line 726, in set_pos
  File "Code\Databases\DBgames.py", line 1416, in save_game_recno
  File "Code\Databases\DBgames.py", line 1360, in modify
  File "Code\Databases\DBgames.py", line 760, in read_game_recno
  File "Code\Databases\DBgames.py", line 544, in read_complete_recno
IndexError: list index out of range
2026-08-09 02:10:27.546064
Traceback (most recent call last):
  File "Code\Analysis\RunAnalysisControl.py", line 726, in set_pos
  File "Code\Databases\DBgames.py", line 1416, in save_game_recno
  File "Code\Databases\DBgames.py", line 1360, in modify
  File "Code\Databases\DBgames.py", line 760, in read_game_recno
  File "Code\Databases\DBgames.py", line 544, in read_complete_recno
IndexError: list index out of range
2026-08-09 02:10:27.590904
Traceback (most recent call last):
  File "Code\Analysis\RunAnalysisControl.py", line 726, in set_pos
  File "Code\Databases\DBgames.py", line 1416, in save_game_recno
  File "Code\Databases\DBgames.py", line 1360, in modify
  File "Code\Databases\DBgames.py", line 760, in read_game_recno
  File "Code\Databases\DBgames.py", line 544, in read_complete_recno
IndexError: list index out of range
2026-08-09 02:10:28.010700
Traceback (most recent call last):
  File "Code\Analysis\RunAnalysisControl.py", line 726, in set_pos
  File "Code\Databases\DBgames.py", line 1416, in save_game_recno
  File "Code\Databases\DBgames.py", line 1360, in modify
  File "Code\Databases\DBgames.py", line 760, in read_game_recno
  File "Code\Databases\DBgames.py", line 544, in read_complete_recno
IndexError: list index out of range
2026-08-09 02:10:28.039199
Traceback (most recent call last):
  File "Code\Analysis\RunAnalysisControl.py", line 726, in set_pos
  File "Code\Databases\DBgames.py", line 1416, in save_game_recno
  File "Code\Databases\DBgames.py", line 1360, in modify
  File "Code\Databases\DBgames.py", line 760, in read_game_recno
  File "Code\Databases\DBgames.py", line 544, in read_complete_recno
IndexError: list index out of range
2026-08-09 02:10:28.051093
Traceback (most recent call last):
  File "Code\Analysis\RunAnalysisControl.py", line 726, in set_pos
  File "Code\Databases\DBgames.py", line 1416, in save_game_recno
  File "Code\Databases\DBgames.py", line 1360, in modify
  File "Code\Databases\DBgames.py", line 760, in read_game_recno
  File "Code\Databases\DBgames.py", line 544, in read_complete_recno
IndexError: list index out of range
2026-08-09 02:10:28.067504
Traceback (most recent call last):
  File "Code\Analysis\RunAnalysisControl.py", line 726, in set_pos
  File "Code\Databases\DBgames.py", line 1416, in save_game_recno
  File "Code\Databases\DBgames.py", line 1360, in modify
  File "Code\Databases\DBgames.py", line 760, in read_game_recno
  File "Code\Databases\DBgames.py", line 544, in read_complete_recno
IndexError: list index out of range
2026-08-09 02:10:28.087846
Traceback (most recent call last):
  File "Code\Analysis\RunAnalysisControl.py", line 726, in set_pos
  File "Code\Databases\DBgames.py", line 1416, in save_game_recno
  File "Code\Databases\DBgames.py", line 1360, in modify
  File "Code\Databases\DBgames.py", line 760, in read_game_recno
  File "Code\Databases\DBgames.py", line 544, in read_complete_recno
IndexError: list index out of range
2026-08-09 02:10:28.095847
Traceback (most recent call last):
  File "Code\Analysis\RunAnalysisControl.py", line 726, in set_pos
  File "Code\Databases\DBgames.py", line 1416, in save_game_recno
  File "Code\Databases\DBgames.py", line 1360, in modify
  File "Code\Databases\DBgames.py", line 760, in read_game_recno
  File "Code\Databases\DBgames.py", line 544, in read_complete_recno
IndexError: list index out of range
2026-08-09 02:10:28.407121
Traceback (most recent call last):
  File "Code\Analysis\RunAnalysisControl.py", line 726, in set_pos
  File "Code\Databases\DBgames.py", line 1416, in save_game_recno
  File "Code\Databases\DBgames.py", line 1360, in modify
  File "Code\Databases\DBgames.py", line 760, in read_game_recno
  File "Code\Databases\DBgames.py", line 544, in read_complete_recno
IndexError: list index out of range
2026-08-09 02:10:28.445465
Traceback (most recent call last):
  File "Code\Analysis\RunAnalysisControl.py", line 726, in set_pos
  File "Code\Databases\DBgames.py", line 1416, in save_game_recno
  File "Code\Databases\DBgames.py", line 1360, in modify
  File "Code\Databases\DBgames.py", line 760, in read_game_recno
  File "Code\Databases\DBgames.py", line 544, in read_complete_recno
IndexError: list index out of range
2026-08-09 02:10:28.459742
Traceback (most recent call last):
  File "Code\Analysis\RunAnalysisControl.py", line 726, in set_pos
  File "Code\Databases\DBgames.py", line 1416, in save_game_recno
  File "Code\Databases\DBgames.py", line 1360, in modify
  File "Code\Databases\DBgames.py", line 760, in read_game_recno
  File "Code\Databases\DBgames.py", line 544, in read_complete_recno
IndexError: list index out of range
2026-08-09 02:10:28.464743
Traceback (most recent call last):
  File "Code\Analysis\RunAnalysisControl.py", line 726, in set_pos
  File "Code\Databases\DBgames.py", line 1416, in save_game_recno
  File "Code\Databases\DBgames.py", line 1360, in modify
  File "Code\Databases\DBgames.py", line 760, in read_game_recno
  File "Code\Databases\DBgames.py", line 544, in read_complete_recno
IndexError: list index out of range
2026-08-09 02:10:28.515651
Traceback (most recent call last):
  File "Code\Analysis\RunAnalysisControl.py", line 726, in set_pos
  File "Code\Databases\DBgames.py", line 1416, in save_game_recno
  File "Code\Databases\DBgames.py", line 1360, in modify
  File "Code\Databases\DBgames.py", line 760, in read_game_recno
  File "Code\Databases\DBgames.py", line 544, in read_complete_recno
IndexError: list index out of range
2026-08-09 02:10:28.589927
Traceback (most recent call last):
  File "Code\Analysis\RunAnalysisControl.py", line 726, in set_pos
  File "Code\Databases\DBgames.py", line 1416, in save_game_recno
  File "Code\Databases\DBgames.py", line 1360, in modify
  File "Code\Databases\DBgames.py", line 760, in read_game_recno
  File "Code\Databases\DBgames.py", line 544, in read_complete_recno
IndexError: list index out of range
2026-08-09 02:10:28.819863
Traceback (most recent call last):
  File "Code\Analysis\RunAnalysisControl.py", line 726, in set_pos
  File "Code\Databases\DBgames.py", line 1416, in save_game_recno
  File "Code\Databases\DBgames.py", line 1360, in modify
  File "Code\Databases\DBgames.py", line 760, in read_game_recno
  File "Code\Databases\DBgames.py", line 544, in read_complete_recno
IndexError: list index out of range
2026-08-09 02:10:28.826039
Traceback (most recent call last):
  File "Code\Analysis\RunAnalysisControl.py", line 726, in set_pos
  File "Code\Databases\DBgames.py", line 1416, in save_game_recno
  File "Code\Databases\DBgames.py", line 1360, in modify
  File "Code\Databases\DBgames.py", line 760, in read_game_recno
  File "Code\Databases\DBgames.py", line 544, in read_complete_recno
IndexError: list index out of range
2026-08-09 02:10:28.860276
Traceback (most recent call last):
  File "Code\Analysis\RunAnalysisControl.py", line 726, in set_pos
  File "Code\Databases\DBgames.py", line 1416, in save_game_recno
  File "Code\Databases\DBgames.py", line 1360, in modify
  File "Code\Databases\DBgames.py", line 760, in read_game_recno
  File "Code\Databases\DBgames.py", line 544, in read_complete_recno
IndexError: list index out of range
2026-08-09 02:10:29.406596
Traceback (most recent call last):
  File "Code\Analysis\RunAnalysisControl.py", line 726, in set_pos
  File "Code\Databases\DBgames.py", line 1416, in save_game_recno
  File "Code\Databases\DBgames.py", line 1360, in modify
  File "Code\Databases\DBgames.py", line 760, in read_game_recno
  File "Code\Databases\DBgames.py", line 544, in read_complete_recno
IndexError: list index out of range
2026-08-09 02:10:29.411594
Traceback (most recent call last):
  File "Code\Analysis\RunAnalysisControl.py", line 726, in set_pos
  File "Code\Databases\DBgames.py", line 1416, in save_game_recno
  File "Code\Databases\DBgames.py", line 1360, in modify
  File "Code\Databases\DBgames.py", line 760, in read_game_recno
  File "Code\Databases\DBgames.py", line 544, in read_complete_recno
IndexError: list index out of range
2026-08-09 02:10:29.478441
Traceback (most recent call last):
  File "Code\Analysis\RunAnalysisControl.py", line 726, in set_pos
  File "Code\Databases\DBgames.py", line 1416, in save_game_recno
  File "Code\Databases\DBgames.py", line 1360, in modify
  File "Code\Databases\DBgames.py", line 760, in read_game_recno
  File "Code\Databases\DBgames.py", line 544, in read_complete_recno
IndexError: list index out of range
2026-08-09 02:10:29.499088
Traceback (most recent call last):
  File "Code\Analysis\RunAnalysisControl.py", line 726, in set_pos
  File "Code\Databases\DBgames.py", line 1416, in save_game_recno
  File "Code\Databases\DBgames.py", line 1360, in modify
  File "Code\Databases\DBgames.py", line 760, in read_game_recno
  File "Code\Databases\DBgames.py", line 544, in read_complete_recno
IndexError: list index out of range
2026-08-09 02:10:29.583789
Traceback (most recent call last):
  File "Code\Analysis\RunAnalysisControl.py", line 726, in set_pos
  File "Code\Databases\DBgames.py", line 1416, in save_game_recno
  File "Code\Databases\DBgames.py", line 1360, in modify
  File "Code\Databases\DBgames.py", line 760, in read_game_recno
  File "Code\Databases\DBgames.py", line 544, in read_complete_recno
IndexError: list index out of range
2026-08-09 02:10:29.708382
Traceback (most recent call last):
  File "Code\Analysis\RunAnalysisControl.py", line 726, in set_pos
  File "Code\Databases\DBgames.py", line 1416, in save_game_recno
  File "Code\Databases\DBgames.py", line 1360, in modify
  File "Code\Databases\DBgames.py", line 760, in read_game_recno
  File "Code\Databases\DBgames.py", line 544, in read_complete_recno
IndexError: list index out of range
2026-08-09 02:10:29.755186
Traceback (most recent call last):
  File "Code\Analysis\RunAnalysisControl.py", line 726, in set_pos
  File "Code\Databases\DBgames.py", line 1416, in save_game_recno
  File "Code\Databases\DBgames.py", line 1360, in modify
  File "Code\Databases\DBgames.py", line 760, in read_game_recno
  File "Code\Databases\DBgames.py", line 544, in read_complete_recno
IndexError: list index out of range
2026-08-09 02:10:29.824976
Traceback (most recent call last):
  File "Code\Analysis\RunAnalysisControl.py", line 726, in set_pos
  File "Code\Databases\DBgames.py", line 1416, in save_game_recno
  File "Code\Databases\DBgames.py", line 1360, in modify
  File "Code\Databases\DBgames.py", line 760, in read_game_recno
  File "Code\Databases\DBgames.py", line 544, in read_complete_recno
IndexError: list index out of range
2026-08-09 02:10:29.832977
Traceback (most recent call last):
  File "Code\Analysis\RunAnalysisControl.py", line 726, in set_pos
  File "Code\Databases\DBgames.py", line 1416, in save_game_recno
  File "Code\Databases\DBgames.py", line 1360, in modify
  File "Code\Databases\DBgames.py", line 760, in read_game_recno
  File "Code\Databases\DBgames.py", line 544, in read_complete_recno
IndexError: list index out of range
2026-08-09 02:10:29.890506
Traceback (most recent call last):
  File "Code\Analysis\RunAnalysisControl.py", line 726, in set_pos
  File "Code\Databases\DBgames.py", line 1416, in save_game_recno
  File "Code\Databases\DBgames.py", line 1360, in modify
  File "Code\Databases\DBgames.py", line 760, in read_game_recno
  File "Code\Databases\DBgames.py", line 544, in read_complete_recno
IndexError: list index out of range
2026-08-09 02:10:29.905503
Traceback (most recent call last):
  File "Code\Analysis\RunAnalysisControl.py", line 726, in set_pos
  File "Code\Databases\DBgames.py", line 1416, in save_game_recno
  File "Code\Databases\DBgames.py", line 1360, in modify
  File "Code\Databases\DBgames.py", line 760, in read_game_recno
  File "Code\Databases\DBgames.py", line 544, in read_complete_recno
IndexError: list index out of range
2026-08-09 02:10:30.160247
Traceback (most recent call last):
  File "Code\Analysis\RunAnalysisControl.py", line 726, in set_pos
  File "Code\Databases\DBgames.py", line 1416, in save_game_recno
  File "Code\Databases\DBgames.py", line 1360, in modify
  File "Code\Databases\DBgames.py", line 760, in read_game_recno
  File "Code\Databases\DBgames.py", line 544, in read_complete_recno
IndexError: list index out of range
2026-08-09 02:10:30.170249
Traceback (most recent call last):
  File "Code\Analysis\RunAnalysisControl.py", line 726, in set_pos
  File "Code\Databases\DBgames.py", line 1416, in save_game_recno
  File "Code\Databases\DBgames.py", line 1360, in modify
  File "Code\Databases\DBgames.py", line 760, in read_game_recno
  File "Code\Databases\DBgames.py", line 544, in read_complete_recno
IndexError: list index out of range
2026-08-09 02:10:30.226349
Traceback (most recent call last):
  File "Code\Analysis\RunAnalysisControl.py", line 726, in set_pos
  File "Code\Databases\DBgames.py", line 1416, in save_game_recno
  File "Code\Databases\DBgames.py", line 1360, in modify
  File "Code\Databases\DBgames.py", line 760, in read_game_recno
  File "Code\Databases\DBgames.py", line 544, in read_complete_recno
IndexError: list index out of range
2026-08-09 02:10:30.240345
Traceback (most recent call last):
  File "Code\Analysis\RunAnalysisControl.py", line 726, in set_pos
  File "Code\Databases\DBgames.py", line 1416, in save_game_recno
  File "Code\Databases\DBgames.py", line 1360, in modify
  File "Code\Databases\DBgames.py", line 760, in read_game_recno
  File "Code\Databases\DBgames.py", line 544, in read_complete_recno
IndexError: list index out of range
2026-08-09 02:10:30.258348
Traceback (most recent call last):
  File "Code\Analysis\RunAnalysisControl.py", line 726, in set_pos
  File "Code\Databases\DBgames.py", line 1416, in save_game_recno
  File "Code\Databases\DBgames.py", line 1360, in modify
  File "Code\Databases\DBgames.py", line 760, in read_game_recno
  File "Code\Databases\DBgames.py", line 544, in read_complete_recno
IndexError: list index out of range
2026-08-09 02:10:30.407185
Traceback (most recent call last):
  File "Code\Analysis\RunAnalysisControl.py", line 726, in set_pos
  File "Code\Databases\DBgames.py", line 1416, in save_game_recno
  File "Code\Databases\DBgames.py", line 1360, in modify
  File "Code\Databases\DBgames.py", line 760, in read_game_recno
  File "Code\Databases\DBgames.py", line 544, in read_complete_recno
IndexError: list index out of range
2026-08-09 02:10:30.439759
Traceback (most recent call last):
  File "Code\Analysis\RunAnalysisControl.py", line 726, in set_pos
  File "Code\Databases\DBgames.py", line 1416, in save_game_recno
  File "Code\Databases\DBgames.py", line 1360, in modify
  File "Code\Databases\DBgames.py", line 760, in read_game_recno
  File "Code\Databases\DBgames.py", line 544, in read_complete_recno
IndexError: list index out of range
2026-08-09 02:10:30.445527
Traceback (most recent call last):
  File "Code\Analysis\RunAnalysisControl.py", line 726, in set_pos
  File "Code\Databases\DBgames.py", line 1416, in save_game_recno
  File "Code\Databases\DBgames.py", line 1360, in modify
  File "Code\Databases\DBgames.py", line 760, in read_game_recno
  File "Code\Databases\DBgames.py", line 544, in read_complete_recno
IndexError: list index out of range
2026-08-09 02:10:30.545720
Traceback (most recent call last):
  File "Code\Analysis\RunAnalysisControl.py", line 726, in set_pos
  File "Code\Databases\DBgames.py", line 1416, in save_game_recno
  File "Code\Databases\DBgames.py", line 1360, in modify
  File "Code\Databases\DBgames.py", line 760, in read_game_recno
  File "Code\Databases\DBgames.py", line 544, in read_complete_recno
IndexError: list index out of range
2026-08-09 02:10:30.560331
Traceback (most recent call last):
  File "Code\Analysis\RunAnalysisControl.py", line 726, in set_pos
  File "Code\Databases\DBgames.py", line 1416, in save_game_recno
  File "Code\Databases\DBgames.py", line 1360, in modify
  File "Code\Databases\DBgames.py", line 760, in read_game_recno
  File "Code\Databases\DBgames.py", line 544, in read_complete_recno
IndexError: list index out of range
2026-08-09 02:10:30.608225
Traceback (most recent call last):
  File "Code\Analysis\RunAnalysisControl.py", line 726, in set_pos
  File "Code\Databases\DBgames.py", line 1416, in save_game_recno
  File "Code\Databases\DBgames.py", line 1360, in modify
  File "Code\Databases\DBgames.py", line 760, in read_game_recno
  File "Code\Databases\DBgames.py", line 544, in read_complete_recno
IndexError: list index out of range
2026-08-09 02:10:30.873005
Traceback (most recent call last):
  File "Code\Analysis\RunAnalysisControl.py", line 726, in set_pos
  File "Code\Databases\DBgames.py", line 1416, in save_game_recno
  File "Code\Databases\DBgames.py", line 1360, in modify
  File "Code\Databases\DBgames.py", line 760, in read_game_recno
  File "Code\Databases\DBgames.py", line 544, in read_complete_recno
IndexError: list index out of range
2026-08-09 02:10:30.972175
Traceback (most recent call last):
  File "Code\Analysis\RunAnalysisControl.py", line 726, in set_pos
  File "Code\Databases\DBgames.py", line 1416, in save_game_recno
  File "Code\Databases\DBgames.py", line 1360, in modify
  File "Code\Databases\DBgames.py", line 760, in read_game_recno
  File "Code\Databases\DBgames.py", line 544, in read_complete_recno
IndexError: list index out of range
2026-08-09 02:10:31.001150
Traceback (most recent call last):
  File "Code\Analysis\RunAnalysisControl.py", line 726, in set_pos
  File "Code\Databases\DBgames.py", line 1416, in save_game_recno
  File "Code\Databases\DBgames.py", line 1360, in modify
  File "Code\Databases\DBgames.py", line 760, in read_game_recno
  File "Code\Databases\DBgames.py", line 544, in read_complete_recno
IndexError: list index out of range
2026-08-09 02:10:31.057015
Traceback (most recent call last):
  File "Code\Analysis\RunAnalysisControl.py", line 726, in set_pos
  File "Code\Databases\DBgames.py", line 1416, in save_game_recno
  File "Code\Databases\DBgames.py", line 1360, in modify
  File "Code\Databases\DBgames.py", line 760, in read_game_recno
  File "Code\Databases\DBgames.py", line 544, in read_complete_recno
IndexError: list index out of range
2026-08-09 02:10:31.063125
Traceback (most recent call last):
  File "Code\Analysis\RunAnalysisControl.py", line 726, in set_pos
  File "Code\Databases\DBgames.py", line 1416, in save_game_recno
  File "Code\Databases\DBgames.py", line 1360, in modify
  File "Code\Databases\DBgames.py", line 760, in read_game_recno
  File "Code\Databases\DBgames.py", line 544, in read_complete_recno
IndexError: list index out of range
2026-08-09 02:10:31.143460
Traceback (most recent call last):
  File "Code\Analysis\RunAnalysisControl.py", line 726, in set_pos
  File "Code\Databases\DBgames.py", line 1416, in save_game_recno
  File "Code\Databases\DBgames.py", line 1360, in modify
  File "Code\Databases\DBgames.py", line 760, in read_game_recno
  File "Code\Databases\DBgames.py", line 544, in read_complete_recno
IndexError: list index out of range
2026-08-09 02:10:31.273328
Traceback (most recent call last):
  File "Code\Analysis\RunAnalysisControl.py", line 726, in set_pos
  File "Code\Databases\DBgames.py", line 1416, in save_game_recno
  File "Code\Databases\DBgames.py", line 1360, in modify
  File "Code\Databases\DBgames.py", line 760, in read_game_recno
  File "Code\Databases\DBgames.py", line 544, in read_complete_recno
IndexError: list index out of range
2026-08-09 02:10:31.370339
Traceback (most recent call last):
  File "Code\Analysis\RunAnalysisControl.py", line 726, in set_pos
  File "Code\Databases\DBgames.py", line 1416, in save_game_recno
  File "Code\Databases\DBgames.py", line 1360, in modify
  File "Code\Databases\DBgames.py", line 760, in read_game_recno
  File "Code\Databases\DBgames.py", line 544, in read_complete_recno
IndexError: list index out of range
2026-08-09 02:10:31.378192
Traceback (most recent call last):
  File "Code\Analysis\RunAnalysisControl.py", line 726, in set_pos
  File "Code\Databases\DBgames.py", line 1416, in save_game_recno
  File "Code\Databases\DBgames.py", line 1360, in modify
  File "Code\Databases\DBgames.py", line 760, in read_game_recno
  File "Code\Databases\DBgames.py", line 544, in read_complete_recno
IndexError: list index out of range
2026-08-09 02:10:31.395701
Traceback (most recent call last):
  File "Code\Analysis\RunAnalysisControl.py", line 726, in set_pos
  File "Code\Databases\DBgames.py", line 1416, in save_game_recno
  File "Code\Databases\DBgames.py", line 1360, in modify
  File "Code\Databases\DBgames.py", line 760, in read_game_recno
  File "Code\Databases\DBgames.py", line 544, in read_complete_recno
IndexError: list index out of range
2026-08-09 02:10:31.613233
Traceback (most recent call last):
  File "Code\Analysis\RunAnalysisControl.py", line 726, in set_pos
  File "Code\Databases\DBgames.py", line 1416, in save_game_recno
  File "Code\Databases\DBgames.py", line 1360, in modify
  File "Code\Databases\DBgames.py", line 760, in read_game_recno
  File "Code\Databases\DBgames.py", line 544, in read_complete_recno
IndexError: list index out of range
2026-08-09 02:10:31.648880
Traceback (most recent call last):
  File "Code\Analysis\RunAnalysisControl.py", line 726, in set_pos
  File "Code\Databases\DBgames.py", line 1416, in save_game_recno
  File "Code\Databases\DBgames.py", line 1360, in modify
  File "Code\Databases\DBgames.py", line 760, in read_game_recno
  File "Code\Databases\DBgames.py", line 544, in read_complete_recno
IndexError: list index out of range
2026-08-09 02:10:31.721594
Traceback (most recent call last):
  File "Code\Analysis\RunAnalysisControl.py", line 726, in set_pos
  File "Code\Databases\DBgames.py", line 1416, in save_game_recno
  File "Code\Databases\DBgames.py", line 1360, in modify
  File "Code\Databases\DBgames.py", line 760, in read_game_recno
  File "Code\Databases\DBgames.py", line 544, in read_complete_recno
IndexError: list index out of range
2026-08-09 02:10:31.804536
Traceback (most recent call last):
  File "Code\Analysis\RunAnalysisControl.py", line 726, in set_pos
  File "Code\Databases\DBgames.py", line 1416, in save_game_recno
  File "Code\Databases\DBgames.py", line 1360, in modify
  File "Code\Databases\DBgames.py", line 760, in read_game_recno
  File "Code\Databases\DBgames.py", line 544, in read_complete_recno
IndexError: list index out of range
2026-08-09 02:10:31.812314
Traceback (most recent call last):
  File "Code\Analysis\RunAnalysisControl.py", line 726, in set_pos
  File "Code\Databases\DBgames.py", line 1416, in save_game_recno
  File "Code\Databases\DBgames.py", line 1360, in modify
  File "Code\Databases\DBgames.py", line 760, in read_game_recno
  File "Code\Databases\DBgames.py", line 544, in read_complete_recno
IndexError: list index out of range
2026-08-09 02:10:31.849800
Traceback (most recent call last):
  File "Code\Analysis\RunAnalysisControl.py", line 726, in set_pos
  File "Code\Databases\DBgames.py", line 1416, in save_game_recno
  File "Code\Databases\DBgames.py", line 1360, in modify
  File "Code\Databases\DBgames.py", line 760, in read_game_recno
  File "Code\Databases\DBgames.py", line 544, in read_complete_recno
IndexError: list index out of range
2026-08-09 02:10:31.957459
Traceback (most recent call last):
  File "Code\Analysis\RunAnalysisControl.py", line 726, in set_pos
  File "Code\Databases\DBgames.py", line 1416, in save_game_recno
  File "Code\Databases\DBgames.py", line 1360, in modify
  File "Code\Databases\DBgames.py", line 760, in read_game_recno
  File "Code\Databases\DBgames.py", line 544, in read_complete_recno
IndexError: list index out of range
2026-08-09 02:10:32.137206
Traceback (most recent call last):
  File "Code\Analysis\RunAnalysisControl.py", line 726, in set_pos
  File "Code\Databases\DBgames.py", line 1416, in save_game_recno
  File "Code\Databases\DBgames.py", line 1360, in modify
  File "Code\Databases\DBgames.py", line 760, in read_game_recno
  File "Code\Databases\DBgames.py", line 544, in read_complete_recno
IndexError: list index out of range
2026-08-09 02:10:32.195152
Traceback (most recent call last):
  File "Code\Analysis\RunAnalysisControl.py", line 726, in set_pos
  File "Code\Databases\DBgames.py", line 1416, in save_game_recno
  File "Code\Databases\DBgames.py", line 1360, in modify
  File "Code\Databases\DBgames.py", line 760, in read_game_recno
  File "Code\Databases\DBgames.py", line 544, in read_complete_recno
IndexError: list index out of range
2026-08-09 02:10:32.200187
Traceback (most recent call last):
  File "Code\Analysis\RunAnalysisControl.py", line 726, in set_pos
  File "Code\Databases\DBgames.py", line 1416, in save_game_recno
  File "Code\Databases\DBgames.py", line 1360, in modify
  File "Code\Databases\DBgames.py", line 760, in read_game_recno
  File "Code\Databases\DBgames.py", line 544, in read_complete_recno
IndexError: list index out of range
2026-08-09 02:10:32.235292
Traceback (most recent call last):
  File "Code\Analysis\RunAnalysisControl.py", line 726, in set_pos
  File "Code\Databases\DBgames.py", line 1416, in save_game_recno
  File "Code\Databases\DBgames.py", line 1360, in modify
  File "Code\Databases\DBgames.py", line 760, in read_game_recno
  File "Code\Databases\DBgames.py", line 544, in read_complete_recno
IndexError: list index out of range
2026-08-09 02:10:32.293464
Traceback (most recent call last):
  File "Code\Analysis\RunAnalysisControl.py", line 726, in set_pos
  File "Code\Databases\DBgames.py", line 1416, in save_game_recno
  File "Code\Databases\DBgames.py", line 1360, in modify
  File "Code\Databases\DBgames.py", line 760, in read_game_recno
  File "Code\Databases\DBgames.py", line 544, in read_complete_recno
IndexError: list index out of range
2026-08-09 02:10:32.368122
Traceback (most recent call last):
  File "Code\Analysis\RunAnalysisControl.py", line 726, in set_pos
  File "Code\Databases\DBgames.py", line 1416, in save_game_recno
  File "Code\Databases\DBgames.py", line 1360, in modify
  File "Code\Databases\DBgames.py", line 760, in read_game_recno
  File "Code\Databases\DBgames.py", line 544, in read_complete_recno
IndexError: list index out of range
2026-08-09 02:10:32.625207
Traceback (most recent call last):
  File "Code\Analysis\RunAnalysisControl.py", line 726, in set_pos
  File "Code\Databases\DBgames.py", line 1416, in save_game_recno
  File "Code\Databases\DBgames.py", line 1360, in modify
  File "Code\Databases\DBgames.py", line 760, in read_game_recno
  File "Code\Databases\DBgames.py", line 544, in read_complete_recno
IndexError: list index out of range
2026-08-09 02:10:32.691920
Traceback (most recent call last):
  File "Code\Analysis\RunAnalysisControl.py", line 726, in set_pos
  File "Code\Databases\DBgames.py", line 1416, in save_game_recno
  File "Code\Databases\DBgames.py", line 1360, in modify
  File "Code\Databases\DBgames.py", line 760, in read_game_recno
  File "Code\Databases\DBgames.py", line 544, in read_complete_recno
IndexError: list index out of range
2026-08-09 02:10:32.712523
Traceback (most recent call last):
  File "Code\Analysis\RunAnalysisControl.py", line 726, in set_pos
  File "Code\Databases\DBgames.py", line 1416, in save_game_recno
  File "Code\Databases\DBgames.py", line 1360, in modify
  File "Code\Databases\DBgames.py", line 760, in read_game_recno
  File "Code\Databases\DBgames.py", line 544, in read_complete_recno
IndexError: list index out of range
2026-08-09 02:10:32.725528
Traceback (most recent call last):
  File "Code\Analysis\RunAnalysisControl.py", line 726, in set_pos
  File "Code\Databases\DBgames.py", line 1416, in save_game_recno
  File "Code\Databases\DBgames.py", line 1360, in modify
  File "Code\Databases\DBgames.py", line 760, in read_game_recno
  File "Code\Databases\DBgames.py", line 544, in read_complete_recno
IndexError: list index out of range
2026-08-09 02:10:32.737523
Traceback (most recent call last):
  File "Code\Analysis\RunAnalysisControl.py", line 726, in set_pos
  File "Code\Databases\DBgames.py", line 1416, in save_game_recno
  File "Code\Databases\DBgames.py", line 1360, in modify
  File "Code\Databases\DBgames.py", line 760, in read_game_recno
  File "Code\Databases\DBgames.py", line 544, in read_complete_recno
IndexError: list index out of range
2026-08-09 02:10:32.741523
Traceback (most recent call last):
  File "Code\Analysis\RunAnalysisControl.py", line 726, in set_pos
  File "Code\Databases\DBgames.py", line 1416, in save_game_recno
  File "Code\Databases\DBgames.py", line 1360, in modify
  File "Code\Databases\DBgames.py", line 760, in read_game_recno
  File "Code\Databases\DBgames.py", line 544, in read_complete_recno
IndexError: list index out of range
2026-08-09 02:10:33.117231
Traceback (most recent call last):
  File "Code\Analysis\RunAnalysisControl.py", line 726, in set_pos
  File "Code\Databases\DBgames.py", line 1416, in save_game_recno
  File "Code\Databases\DBgames.py", line 1360, in modify
  File "Code\Databases\DBgames.py", line 760, in read_game_recno
  File "Code\Databases\DBgames.py", line 544, in read_complete_recno
IndexError: list index out of range
2026-08-09 02:10:33.127232
Traceback (most recent call last):
  File "Code\Analysis\RunAnalysisControl.py", line 726, in set_pos
  File "Code\Databases\DBgames.py", line 1416, in save_game_recno
  File "Code\Databases\DBgames.py", line 1360, in modify
  File "Code\Databases\DBgames.py", line 760, in read_game_recno
  File "Code\Databases\DBgames.py", line 544, in read_complete_recno
IndexError: list index out of range
2026-08-09 02:10:33.194458
Traceback (most recent call last):
  File "Code\Analysis\RunAnalysisControl.py", line 726, in set_pos
  File "Code\Databases\DBgames.py", line 1416, in save_game_recno
  File "Code\Databases\DBgames.py", line 1360, in modify
  File "Code\Databases\DBgames.py", line 760, in read_game_recno
  File "Code\Databases\DBgames.py", line 544, in read_complete_recno
IndexError: list index out of range
2026-08-09 02:10:33.206477
Traceback (most recent call last):
  File "Code\Analysis\RunAnalysisControl.py", line 726, in set_pos
  File "Code\Databases\DBgames.py", line 1416, in save_game_recno
  File "Code\Databases\DBgames.py", line 1360, in modify
  File "Code\Databases\DBgames.py", line 760, in read_game_recno
  File "Code\Databases\DBgames.py", line 544, in read_complete_recno
IndexError: list index out of range
2026-08-09 02:10:33.220487
Traceback (most recent call last):
  File "Code\Analysis\RunAnalysisControl.py", line 726, in set_pos
  File "Code\Databases\DBgames.py", line 1416, in save_game_recno
  File "Code\Databases\DBgames.py", line 1360, in modify
  File "Code\Databases\DBgames.py", line 760, in read_game_recno
  File "Code\Databases\DBgames.py", line 544, in read_complete_recno
IndexError: list index out of range
2026-08-09 02:10:33.224753
Traceback (most recent call last):
  File "Code\Analysis\RunAnalysisControl.py", line 726, in set_pos
  File "Code\Databases\DBgames.py", line 1416, in save_game_recno
  File "Code\Databases\DBgames.py", line 1360, in modify
  File "Code\Databases\DBgames.py", line 760, in read_game_recno
  File "Code\Databases\DBgames.py", line 544, in read_complete_recno
IndexError: list index out of range
2026-08-09 02:10:33.517240
Traceback (most recent call last):
  File "Code\Analysis\RunAnalysisControl.py", line 726, in set_pos
  File "Code\Databases\DBgames.py", line 1416, in save_game_recno
  File "Code\Databases\DBgames.py", line 1360, in modify
  File "Code\Databases\DBgames.py", line 760, in read_game_recno
  File "Code\Databases\DBgames.py", line 544, in read_complete_recno
IndexError: list index out of range
2026-08-09 02:10:33.574597
Traceback (most recent call last):
  File "Code\Analysis\RunAnalysisControl.py", line 726, in set_pos
  File "Code\Databases\DBgames.py", line 1416, in save_game_recno
  File "Code\Databases\DBgames.py", line 1360, in modify
  File "Code\Databases\DBgames.py", line 760, in read_game_recno
  File "Code\Databases\DBgames.py", line 544, in read_complete_recno
IndexError: list index out of range
2026-08-09 02:10:33.603559
Traceback (most recent call last):
  File "Code\Analysis\RunAnalysisControl.py", line 726, in set_pos
  File "Code\Databases\DBgames.py", line 1416, in save_game_recno
  File "Code\Databases\DBgames.py", line 1360, in modify
  File "Code\Databases\DBgames.py", line 760, in read_game_recno
  File "Code\Databases\DBgames.py", line 544, in read_complete_recno
IndexError: list index out of range
2026-08-09 02:10:33.608663
Traceback (most recent call last):
  File "Code\Analysis\RunAnalysisControl.py", line 726, in set_pos
  File "Code\Databases\DBgames.py", line 1416, in save_game_recno
  File "Code\Databases\DBgames.py", line 1360, in modify
  File "Code\Databases\DBgames.py", line 760, in read_game_recno
  File "Code\Databases\DBgames.py", line 544, in read_complete_recno
IndexError: list index out of range
2026-08-09 02:10:33.674201
Traceback (most recent call last):
  File "Code\Analysis\RunAnalysisControl.py", line 726, in set_pos
  File "Code\Databases\DBgames.py", line 1416, in save_game_recno
  File "Code\Databases\DBgames.py", line 1360, in modify
  File "Code\Databases\DBgames.py", line 760, in read_game_recno
  File "Code\Databases\DBgames.py", line 544, in read_complete_recno
IndexError: list index out of range
2026-08-09 02:37:13.708270
Traceback (most recent call last):
  File "Code\Analysis\RunAnalysisControl.py", line 726, in set_pos
  File "Code\Databases\DBgames.py", line 1416, in save_game_recno
  File "Code\Databases\DBgames.py", line 1360, in modify
  File "Code\Databases\DBgames.py", line 760, in read_game_recno
  File "Code\Databases\DBgames.py", line 544, in read_complete_recno
IndexError: list index out of range
2026-08-09 02:37:13.755879
Traceback (most recent call last):
  File "Code\Analysis\RunAnalysisControl.py", line 726, in set_pos
  File "Code\Databases\DBgames.py", line 1416, in save_game_recno
  File "Code\Databases\DBgames.py", line 1360, in modify
  File "Code\Databases\DBgames.py", line 760, in read_game_recno
  File "Code\Databases\DBgames.py", line 544, in read_complete_recno
IndexError: list index out of range
2026-08-09 02:37:13.810177
Traceback (most recent call last):
  File "Code\Analysis\RunAnalysisControl.py", line 726, in set_pos
  File "Code\Databases\DBgames.py", line 1416, in save_game_recno
  File "Code\Databases\DBgames.py", line 1360, in modify
  File "Code\Databases\DBgames.py", line 760, in read_game_recno
  File "Code\Databases\DBgames.py", line 544, in read_complete_recno
IndexError: list index out of range
2026-08-09 02:37:13.815593
Traceback (most recent call last):
  File "Code\Analysis\RunAnalysisControl.py", line 726, in set_pos
  File "Code\Databases\DBgames.py", line 1416, in save_game_recno
  File "Code\Databases\DBgames.py", line 1360, in modify
  File "Code\Databases\DBgames.py", line 760, in read_game_recno
  File "Code\Databases\DBgames.py", line 544, in read_complete_recno
IndexError: list index out of range
2026-08-09 02:37:14.462176
Traceback (most recent call last):
  File "Code\Analysis\RunAnalysisControl.py", line 726, in set_pos
  File "Code\Databases\DBgames.py", line 1416, in save_game_recno
  File "Code\Databases\DBgames.py", line 1360, in modify
  File "Code\Databases\DBgames.py", line 760, in read_game_recno
  File "Code\Databases\DBgames.py", line 544, in read_complete_recno
IndexError: list index out of range
2026-08-09 02:37:14.476891
Traceback (most recent call last):
  File "Code\Analysis\RunAnalysisControl.py", line 726, in set_pos
  File "Code\Databases\DBgames.py", line 1416, in save_game_recno
  File "Code\Databases\DBgames.py", line 1360, in modify
  File "Code\Databases\DBgames.py", line 760, in read_game_recno
  File "Code\Databases\DBgames.py", line 544, in read_complete_recno
IndexError: list index out of range
2026-08-09 02:37:14.482369
Traceback (most recent call last):
  File "Code\Analysis\RunAnalysisControl.py", line 726, in set_pos
  File "Code\Databases\DBgames.py", line 1416, in save_game_recno
  File "Code\Databases\DBgames.py", line 1360, in modify
  File "Code\Databases\DBgames.py", line 760, in read_game_recno
  File "Code\Databases\DBgames.py", line 544, in read_complete_recno
IndexError: list index out of range
2026-08-09 02:37:14.527909
Traceback (most recent call last):
  File "Code\Analysis\RunAnalysisControl.py", line 726, in set_pos
  File "Code\Databases\DBgames.py", line 1416, in save_game_recno
  File "Code\Databases\DBgames.py", line 1360, in modify
  File "Code\Databases\DBgames.py", line 760, in read_game_recno
  File "Code\Databases\DBgames.py", line 544, in read_complete_recno
IndexError: list index out of range
2026-08-09 02:37:14.598801
Traceback (most recent call last):
  File "Code\Analysis\RunAnalysisControl.py", line 726, in set_pos
  File "Code\Databases\DBgames.py", line 1416, in save_game_recno
  File "Code\Databases\DBgames.py", line 1360, in modify
  File "Code\Databases\DBgames.py", line 760, in read_game_recno
  File "Code\Databases\DBgames.py", line 544, in read_complete_recno
IndexError: list index out of range
2026-08-09 02:37:14.799436
Traceback (most recent call last):
  File "Code\Analysis\RunAnalysisControl.py", line 726, in set_pos
  File "Code\Databases\DBgames.py", line 1416, in save_game_recno
  File "Code\Databases\DBgames.py", line 1360, in modify
  File "Code\Databases\DBgames.py", line 760, in read_game_recno
  File "Code\Databases\DBgames.py", line 544, in read_complete_recno
IndexError: list index out of range
2026-08-09 02:37:14.819167
Traceback (most recent call last):
  File "Code\Analysis\RunAnalysisControl.py", line 726, in set_pos
  File "Code\Databases\DBgames.py", line 1416, in save_game_recno
  File "Code\Databases\DBgames.py", line 1360, in modify
  File "Code\Databases\DBgames.py", line 760, in read_game_recno
  File "Code\Databases\DBgames.py", line 544, in read_complete_recno
IndexError: list index out of range
2026-08-09 02:37:14.901027
Traceback (most recent call last):
  File "Code\Analysis\RunAnalysisControl.py", line 726, in set_pos
  File "Code\Databases\DBgames.py", line 1416, in save_game_recno
  File "Code\Databases\DBgames.py", line 1360, in modify
  File "Code\Databases\DBgames.py", line 760, in read_game_recno
  File "Code\Databases\DBgames.py", line 544, in read_complete_recno
IndexError: list index out of range
2026-08-09 02:37:14.907554
Traceback (most recent call last):
  File "Code\Analysis\RunAnalysisControl.py", line 726, in set_pos
  File "Code\Databases\DBgames.py", line 1416, in save_game_recno
  File "Code\Databases\DBgames.py", line 1360, in modify
  File "Code\Databases\DBgames.py", line 760, in read_game_recno
  File "Code\Databases\DBgames.py", line 544, in read_complete_recno
IndexError: list index out of range
2026-08-09 02:37:14.923012
Traceback (most recent call last):
  File "Code\Analysis\RunAnalysisControl.py", line 726, in set_pos
  File "Code\Databases\DBgames.py", line 1416, in save_game_recno
  File "Code\Databases\DBgames.py", line 1360, in modify
  File "Code\Databases\DBgames.py", line 760, in read_game_recno
  File "Code\Databases\DBgames.py", line 544, in read_complete_recno
IndexError: list index out of range
2026-08-09 02:37:15.297925
Traceback (most recent call last):
  File "Code\Analysis\RunAnalysisControl.py", line 726, in set_pos
  File "Code\Databases\DBgames.py", line 1416, in save_game_recno
  File "Code\Databases\DBgames.py", line 1360, in modify
  File "Code\Databases\DBgames.py", line 760, in read_game_recno
  File "Code\Databases\DBgames.py", line 544, in read_complete_recno
IndexError: list index out of range
2026-08-09 02:37:15.315431
Traceback (most recent call last):
  File "Code\Analysis\RunAnalysisControl.py", line 726, in set_pos
  File "Code\Databases\DBgames.py", line 1416, in save_game_recno
  File "Code\Databases\DBgames.py", line 1360, in modify
  File "Code\Databases\DBgames.py", line 760, in read_game_recno
  File "Code\Databases\DBgames.py", line 544, in read_complete_recno
IndexError: list index out of range
2026-08-09 02:37:15.324912
Traceback (most recent call last):
  File "Code\Analysis\RunAnalysisControl.py", line 726, in set_pos
  File "Code\Databases\DBgames.py", line 1416, in save_game_recno
  File "Code\Databases\DBgames.py", line 1360, in modify
  File "Code\Databases\DBgames.py", line 760, in read_game_recno
  File "Code\Databases\DBgames.py", line 544, in read_complete_recno
IndexError: list index out of range
2026-08-09 02:37:15.359643
Traceback (most recent call last):
  File "Code\Analysis\RunAnalysisControl.py", line 726, in set_pos
  File "Code\Databases\DBgames.py", line 1416, in save_game_recno
  File "Code\Databases\DBgames.py", line 1360, in modify
  File "Code\Databases\DBgames.py", line 760, in read_game_recno
  File "Code\Databases\DBgames.py", line 544, in read_complete_recno
IndexError: list index out of range
2026-08-09 02:37:15.417937
Traceback (most recent call last):
  File "Code\Analysis\RunAnalysisControl.py", line 726, in set_pos
  File "Code\Databases\DBgames.py", line 1416, in save_game_recno
  File "Code\Databases\DBgames.py", line 1360, in modify
  File "Code\Databases\DBgames.py", line 760, in read_game_recno
  File "Code\Databases\DBgames.py", line 544, in read_complete_recno
IndexError: list index out of range
2026-08-09 02:37:15.514152
Traceback (most recent call last):
  File "Code\Analysis\RunAnalysisControl.py", line 726, in set_pos
  File "Code\Databases\DBgames.py", line 1416, in save_game_recno
  File "Code\Databases\DBgames.py", line 1360, in modify
  File "Code\Databases\DBgames.py", line 760, in read_game_recno
  File "Code\Databases\DBgames.py", line 544, in read_complete_recno
IndexError: list index out of range
2026-08-09 02:37:15.617304
Traceback (most recent call last):
  File "Code\Analysis\RunAnalysisControl.py", line 726, in set_pos
  File "Code\Databases\DBgames.py", line 1416, in save_game_recno
  File "Code\Databases\DBgames.py", line 1360, in modify
  File "Code\Databases\DBgames.py", line 760, in read_game_recno
  File "Code\Databases\DBgames.py", line 544, in read_complete_recno
IndexError: list index out of range
2026-08-09 02:37:15.744815
Traceback (most recent call last):
  File "Code\Analysis\RunAnalysisControl.py", line 726, in set_pos
  File "Code\Databases\DBgames.py", line 1416, in save_game_recno
  File "Code\Databases\DBgames.py", line 1360, in modify
  File "Code\Databases\DBgames.py", line 760, in read_game_recno
  File "Code\Databases\DBgames.py", line 544, in read_complete_recno
IndexError: list index out of range
2026-08-09 02:37:15.795831
Traceback (most recent call last):
  File "Code\Analysis\RunAnalysisControl.py", line 726, in set_pos
  File "Code\Databases\DBgames.py", line 1416, in save_game_recno
  File "Code\Databases\DBgames.py", line 1360, in modify
  File "Code\Databases\DBgames.py", line 760, in read_game_recno
  File "Code\Databases\DBgames.py", line 544, in read_complete_recno
IndexError: list index out of range
2026-08-09 02:37:15.813342
Traceback (most recent call last):
  File "Code\Analysis\RunAnalysisControl.py", line 726, in set_pos
  File "Code\Databases\DBgames.py", line 1416, in save_game_recno
  File "Code\Databases\DBgames.py", line 1360, in modify
  File "Code\Databases\DBgames.py", line 760, in read_game_recno
  File "Code\Databases\DBgames.py", line 544, in read_complete_recno
IndexError: list index out of range
2026-08-09 02:37:15.915856
Traceback (most recent call last):
  File "Code\Analysis\RunAnalysisControl.py", line 726, in set_pos
  File "Code\Databases\DBgames.py", line 1416, in save_game_recno
  File "Code\Databases\DBgames.py", line 1360, in modify
  File "Code\Databases\DBgames.py", line 760, in read_game_recno
  File "Code\Databases\DBgames.py", line 544, in read_complete_recno
IndexError: list index out of range
2026-08-09 02:37:15.979789
Traceback (most recent call last):
  File "Code\Analysis\RunAnalysisControl.py", line 726, in set_pos
  File "Code\Databases\DBgames.py", line 1416, in save_game_recno
  File "Code\Databases\DBgames.py", line 1360, in modify
  File "Code\Databases\DBgames.py", line 760, in read_game_recno
  File "Code\Databases\DBgames.py", line 544, in read_complete_recno
IndexError: list index out of range
2026-08-09 02:37:16.227539
Traceback (most recent call last):
  File "Code\Analysis\RunAnalysisControl.py", line 726, in set_pos
  File "Code\Databases\DBgames.py", line 1416, in save_game_recno
  File "Code\Databases\DBgames.py", line 1360, in modify
  File "Code\Databases\DBgames.py", line 760, in read_game_recno
  File "Code\Databases\DBgames.py", line 544, in read_complete_recno
IndexError: list index out of range
2026-08-09 02:37:16.234533
Traceback (most recent call last):
  File "Code\Analysis\RunAnalysisControl.py", line 726, in set_pos
  File "Code\Databases\DBgames.py", line 1416, in save_game_recno
  File "Code\Databases\DBgames.py", line 1360, in modify
  File "Code\Databases\DBgames.py", line 760, in read_game_recno
  File "Code\Databases\DBgames.py", line 544, in read_complete_recno
IndexError: list index out of range
2026-08-09 02:37:16.261649
Traceback (most recent call last):
  File "Code\Analysis\RunAnalysisControl.py", line 726, in set_pos
  File "Code\Databases\DBgames.py", line 1416, in save_game_recno
  File "Code\Databases\DBgames.py", line 1360, in modify
  File "Code\Databases\DBgames.py", line 760, in read_game_recno
  File "Code\Databases\DBgames.py", line 544, in read_complete_recno
IndexError: list index out of range
2026-08-09 02:37:16.281183
Traceback (most recent call last):
  File "Code\Analysis\RunAnalysisControl.py", line 726, in set_pos
  File "Code\Databases\DBgames.py", line 1416, in save_game_recno
  File "Code\Databases\DBgames.py", line 1360, in modify
  File "Code\Databases\DBgames.py", line 760, in read_game_recno
  File "Code\Databases\DBgames.py", line 544, in read_complete_recno
IndexError: list index out of range
2026-08-09 02:37:16.286672
Traceback (most recent call last):
  File "Code\Analysis\RunAnalysisControl.py", line 726, in set_pos
  File "Code\Databases\DBgames.py", line 1416, in save_game_recno
  File "Code\Databases\DBgames.py", line 1360, in modify
  File "Code\Databases\DBgames.py", line 760, in read_game_recno
  File "Code\Databases\DBgames.py", line 544, in read_complete_recno
IndexError: list index out of range
2026-08-09 02:37:16.439544
Traceback (most recent call last):
  File "Code\Analysis\RunAnalysisControl.py", line 726, in set_pos
  File "Code\Databases\DBgames.py", line 1416, in save_game_recno
  File "Code\Databases\DBgames.py", line 1360, in modify
  File "Code\Databases\DBgames.py", line 760, in read_game_recno
  File "Code\Databases\DBgames.py", line 544, in read_complete_recno
IndexError: list index out of range
2026-08-09 02:37:16.590225
Traceback (most recent call last):
  File "Code\Analysis\RunAnalysisControl.py", line 726, in set_pos
  File "Code\Databases\DBgames.py", line 1416, in save_game_recno
  File "Code\Databases\DBgames.py", line 1360, in modify
  File "Code\Databases\DBgames.py", line 760, in read_game_recno
  File "Code\Databases\DBgames.py", line 544, in read_complete_recno
IndexError: list index out of range
2026-08-09 02:37:16.786023
Traceback (most recent call last):
  File "Code\Analysis\RunAnalysisControl.py", line 726, in set_pos
  File "Code\Databases\DBgames.py", line 1416, in save_game_recno
  File "Code\Databases\DBgames.py", line 1360, in modify
  File "Code\Databases\DBgames.py", line 760, in read_game_recno
  File "Code\Databases\DBgames.py", line 544, in read_complete_recno
IndexError: list index out of range
2026-08-09 02:37:16.806624
Traceback (most recent call last):
  File "Code\Analysis\RunAnalysisControl.py", line 726, in set_pos
  File "Code\Databases\DBgames.py", line 1416, in save_game_recno
  File "Code\Databases\DBgames.py", line 1360, in modify
  File "Code\Databases\DBgames.py", line 760, in read_game_recno
  File "Code\Databases\DBgames.py", line 544, in read_complete_recno
IndexError: list index out of range
2026-08-09 02:37:16.814308
Traceback (most recent call last):
  File "Code\Analysis\RunAnalysisControl.py", line 726, in set_pos
  File "Code\Databases\DBgames.py", line 1416, in save_game_recno
  File "Code\Databases\DBgames.py", line 1360, in modify
  File "Code\Databases\DBgames.py", line 760, in read_game_recno
  File "Code\Databases\DBgames.py", line 544, in read_complete_recno
IndexError: list index out of range
2026-08-09 02:37:16.876308
Traceback (most recent call last):
  File "Code\Analysis\RunAnalysisControl.py", line 726, in set_pos
  File "Code\Databases\DBgames.py", line 1416, in save_game_recno
  File "Code\Databases\DBgames.py", line 1360, in modify
  File "Code\Databases\DBgames.py", line 760, in read_game_recno
  File "Code\Databases\DBgames.py", line 544, in read_complete_recno
IndexError: list index out of range
2026-08-09 02:37:16.885855
Traceback (most recent call last):
  File "Code\Analysis\RunAnalysisControl.py", line 726, in set_pos
  File "Code\Databases\DBgames.py", line 1416, in save_game_recno
  File "Code\Databases\DBgames.py", line 1360, in modify
  File "Code\Databases\DBgames.py", line 760, in read_game_recno
  File "Code\Databases\DBgames.py", line 544, in read_complete_recno
IndexError: list index out of range
2026-08-09 02:37:16.976076
Traceback (most recent call last):
  File "Code\Analysis\RunAnalysisControl.py", line 726, in set_pos
  File "Code\Databases\DBgames.py", line 1416, in save_game_recno
  File "Code\Databases\DBgames.py", line 1360, in modify
  File "Code\Databases\DBgames.py", line 760, in read_game_recno
  File "Code\Databases\DBgames.py", line 544, in read_complete_recno
IndexError: list index out of range
2026-08-09 02:37:17.057471
Traceback (most recent call last):
  File "Code\Analysis\RunAnalysisControl.py", line 726, in set_pos
  File "Code\Databases\DBgames.py", line 1416, in save_game_recno
  File "Code\Databases\DBgames.py", line 1360, in modify
  File "Code\Databases\DBgames.py", line 760, in read_game_recno
  File "Code\Databases\DBgames.py", line 544, in read_complete_recno
IndexError: list index out of range
2026-08-09 02:37:17.124123
Traceback (most recent call last):
  File "Code\Analysis\RunAnalysisControl.py", line 726, in set_pos
  File "Code\Databases\DBgames.py", line 1416, in save_game_recno
  File "Code\Databases\DBgames.py", line 1360, in modify
  File "Code\Databases\DBgames.py", line 760, in read_game_recno
  File "Code\Databases\DBgames.py", line 544, in read_complete_recno
IndexError: list index out of range
2026-08-09 02:37:17.185803
Traceback (most recent call last):
  File "Code\Analysis\RunAnalysisControl.py", line 726, in set_pos
  File "Code\Databases\DBgames.py", line 1416, in save_game_recno
  File "Code\Databases\DBgames.py", line 1360, in modify
  File "Code\Databases\DBgames.py", line 760, in read_game_recno
  File "Code\Databases\DBgames.py", line 544, in read_complete_recno
IndexError: list index out of range
2026-08-09 02:37:17.235742
Traceback (most recent call last):
  File "Code\Analysis\RunAnalysisControl.py", line 726, in set_pos
  File "Code\Databases\DBgames.py", line 1416, in save_game_recno
  File "Code\Databases\DBgames.py", line 1360, in modify
  File "Code\Databases\DBgames.py", line 760, in read_game_recno
  File "Code\Databases\DBgames.py", line 544, in read_complete_recno
IndexError: list index out of range
2026-08-09 02:37:17.342342
Traceback (most recent call last):
  File "Code\Analysis\RunAnalysisControl.py", line 726, in set_pos
  File "Code\Databases\DBgames.py", line 1416, in save_game_recno
  File "Code\Databases\DBgames.py", line 1360, in modify
  File "Code\Databases\DBgames.py", line 760, in read_game_recno
  File "Code\Databases\DBgames.py", line 544, in read_complete_recno
IndexError: list index out of range
2026-08-09 02:37:17.348342
Traceback (most recent call last):
  File "Code\Analysis\RunAnalysisControl.py", line 726, in set_pos
  File "Code\Databases\DBgames.py", line 1416, in save_game_recno
  File "Code\Databases\DBgames.py", line 1360, in modify
  File "Code\Databases\DBgames.py", line 760, in read_game_recno
  File "Code\Databases\DBgames.py", line 544, in read_complete_recno
IndexError: list index out of range
2026-08-09 02:37:17.645462
Traceback (most recent call last):
  File "Code\Analysis\RunAnalysisControl.py", line 726, in set_pos
  File "Code\Databases\DBgames.py", line 1416, in save_game_recno
  File "Code\Databases\DBgames.py", line 1360, in modify
  File "Code\Databases\DBgames.py", line 760, in read_game_recno
  File "Code\Databases\DBgames.py", line 544, in read_complete_recno
IndexError: list index out of range
2026-08-09 02:37:17.674483
Traceback (most recent call last):
  File "Code\Analysis\RunAnalysisControl.py", line 726, in set_pos
  File "Code\Databases\DBgames.py", line 1416, in save_game_recno
  File "Code\Databases\DBgames.py", line 1360, in modify
  File "Code\Databases\DBgames.py", line 760, in read_game_recno
  File "Code\Databases\DBgames.py", line 544, in read_complete_recno
IndexError: list index out of range
2026-08-09 02:37:17.747611
Traceback (most recent call last):
  File "Code\Analysis\RunAnalysisControl.py", line 726, in set_pos
  File "Code\Databases\DBgames.py", line 1416, in save_game_recno
  File "Code\Databases\DBgames.py", line 1360, in modify
  File "Code\Databases\DBgames.py", line 760, in read_game_recno
  File "Code\Databases\DBgames.py", line 544, in read_complete_recno
IndexError: list index out of range
2026-08-09 02:37:17.763840
Traceback (most recent call last):
  File "Code\Analysis\RunAnalysisControl.py", line 726, in set_pos
  File "Code\Databases\DBgames.py", line 1416, in save_game_recno
  File "Code\Databases\DBgames.py", line 1360, in modify
  File "Code\Databases\DBgames.py", line 760, in read_game_recno
  File "Code\Databases\DBgames.py", line 544, in read_complete_recno
IndexError: list index out of range
2026-08-09 02:37:17.783471
Traceback (most recent call last):
  File "Code\Analysis\RunAnalysisControl.py", line 726, in set_pos
  File "Code\Databases\DBgames.py", line 1416, in save_game_recno
  File "Code\Databases\DBgames.py", line 1360, in modify
  File "Code\Databases\DBgames.py", line 760, in read_game_recno
  File "Code\Databases\DBgames.py", line 544, in read_complete_recno
IndexError: list index out of range
2026-08-09 02:37:17.789467
Traceback (most recent call last):
  File "Code\Analysis\RunAnalysisControl.py", line 726, in set_pos
  File "Code\Databases\DBgames.py", line 1416, in save_game_recno
  File "Code\Databases\DBgames.py", line 1360, in modify
  File "Code\Databases\DBgames.py", line 760, in read_game_recno
  File "Code\Databases\DBgames.py", line 544, in read_complete_recno
IndexError: list index out of range
2026-08-09 02:37:18.146143
Traceback (most recent call last):
  File "Code\Analysis\RunAnalysisControl.py", line 726, in set_pos
  File "Code\Databases\DBgames.py", line 1416, in save_game_recno
  File "Code\Databases\DBgames.py", line 1360, in modify
  File "Code\Databases\DBgames.py", line 760, in read_game_recno
  File "Code\Databases\DBgames.py", line 544, in read_complete_recno
IndexError: list index out of range
2026-08-09 02:37:18.152144
Traceback (most recent call last):
  File "Code\Analysis\RunAnalysisControl.py", line 726, in set_pos
  File "Code\Databases\DBgames.py", line 1416, in save_game_recno
  File "Code\Databases\DBgames.py", line 1360, in modify
  File "Code\Databases\DBgames.py", line 760, in read_game_recno
  File "Code\Databases\DBgames.py", line 544, in read_complete_recno
IndexError: list index out of range
2026-08-09 02:37:18.200256
Traceback (most recent call last):
  File "Code\Analysis\RunAnalysisControl.py", line 726, in set_pos
  File "Code\Databases\DBgames.py", line 1416, in save_game_recno
  File "Code\Databases\DBgames.py", line 1360, in modify
  File "Code\Databases\DBgames.py", line 760, in read_game_recno
  File "Code\Databases\DBgames.py", line 544, in read_complete_recno
IndexError: list index out of range
2026-08-09 02:37:18.232063
Traceback (most recent call last):
  File "Code\Analysis\RunAnalysisControl.py", line 726, in set_pos
  File "Code\Databases\DBgames.py", line 1416, in save_game_recno
  File "Code\Databases\DBgames.py", line 1360, in modify
  File "Code\Databases\DBgames.py", line 760, in read_game_recno
  File "Code\Databases\DBgames.py", line 544, in read_complete_recno
IndexError: list index out of range
2026-08-09 02:37:18.238053
Traceback (most recent call last):
  File "Code\Analysis\RunAnalysisControl.py", line 726, in set_pos
  File "Code\Databases\DBgames.py", line 1416, in save_game_recno
  File "Code\Databases\DBgames.py", line 1360, in modify
  File "Code\Databases\DBgames.py", line 760, in read_game_recno
  File "Code\Databases\DBgames.py", line 544, in read_complete_recno
IndexError: list index out of range
2026-08-09 02:37:18.354029
Traceback (most recent call last):
  File "Code\Analysis\RunAnalysisControl.py", line 726, in set_pos
  File "Code\Databases\DBgames.py", line 1416, in save_game_recno
  File "Code\Databases\DBgames.py", line 1360, in modify
  File "Code\Databases\DBgames.py", line 760, in read_game_recno
  File "Code\Databases\DBgames.py", line 544, in read_complete_recno
IndexError: list index out of range
2026-08-09 02:37:18.526340
Traceback (most recent call last):
  File "Code\Analysis\RunAnalysisControl.py", line 726, in set_pos
  File "Code\Databases\DBgames.py", line 1416, in save_game_recno
  File "Code\Databases\DBgames.py", line 1360, in modify
  File "Code\Databases\DBgames.py", line 760, in read_game_recno
  File "Code\Databases\DBgames.py", line 544, in read_complete_recno
IndexError: list index out of range
2026-08-09 02:37:18.540715
Traceback (most recent call last):
  File "Code\Analysis\RunAnalysisControl.py", line 726, in set_pos
  File "Code\Databases\DBgames.py", line 1416, in save_game_recno
  File "Code\Databases\DBgames.py", line 1360, in modify
  File "Code\Databases\DBgames.py", line 760, in read_game_recno
  File "Code\Databases\DBgames.py", line 544, in read_complete_recno
IndexError: list index out of range
2026-08-09 02:37:18.546043
Traceback (most recent call last):
  File "Code\Analysis\RunAnalysisControl.py", line 726, in set_pos
  File "Code\Databases\DBgames.py", line 1416, in save_game_recno
  File "Code\Databases\DBgames.py", line 1360, in modify
  File "Code\Databases\DBgames.py", line 760, in read_game_recno
  File "Code\Databases\DBgames.py", line 544, in read_complete_recno
IndexError: list index out of range
2026-08-09 02:37:18.861802
Traceback (most recent call last):
  File "Code\Analysis\RunAnalysisControl.py", line 726, in set_pos
  File "Code\Databases\DBgames.py", line 1416, in save_game_recno
  File "Code\Databases\DBgames.py", line 1360, in modify
  File "Code\Databases\DBgames.py", line 760, in read_game_recno
  File "Code\Databases\DBgames.py", line 544, in read_complete_recno
IndexError: list index out of range
2026-08-09 02:37:18.880801
Traceback (most recent call last):
  File "Code\Analysis\RunAnalysisControl.py", line 726, in set_pos
  File "Code\Databases\DBgames.py", line 1416, in save_game_recno
  File "Code\Databases\DBgames.py", line 1360, in modify
  File "Code\Databases\DBgames.py", line 760, in read_game_recno
  File "Code\Databases\DBgames.py", line 544, in read_complete_recno
IndexError: list index out of range
2026-08-09 02:37:18.887809
Traceback (most recent call last):
  File "Code\Analysis\RunAnalysisControl.py", line 726, in set_pos
  File "Code\Databases\DBgames.py", line 1416, in save_game_recno
  File "Code\Databases\DBgames.py", line 1360, in modify
  File "Code\Databases\DBgames.py", line 760, in read_game_recno
  File "Code\Databases\DBgames.py", line 544, in read_complete_recno
IndexError: list index out of range
2026-08-09 02:37:18.945767
Traceback (most recent call last):
  File "Code\Analysis\RunAnalysisControl.py", line 726, in set_pos
  File "Code\Databases\DBgames.py", line 1416, in save_game_recno
  File "Code\Databases\DBgames.py", line 1360, in modify
  File "Code\Databases\DBgames.py", line 760, in read_game_recno
  File "Code\Databases\DBgames.py", line 544, in read_complete_recno
IndexError: list index out of range
2026-08-09 02:37:18.950769
Traceback (most recent call last):
  File "Code\Analysis\RunAnalysisControl.py", line 726, in set_pos
  File "Code\Databases\DBgames.py", line 1416, in save_game_recno
  File "Code\Databases\DBgames.py", line 1360, in modify
  File "Code\Databases\DBgames.py", line 760, in read_game_recno
  File "Code\Databases\DBgames.py", line 544, in read_complete_recno
IndexError: list index out of range
2026-08-09 02:37:18.976160
Traceback (most recent call last):
  File "Code\Analysis\RunAnalysisControl.py", line 726, in set_pos
  File "Code\Databases\DBgames.py", line 1416, in save_game_recno
  File "Code\Databases\DBgames.py", line 1360, in modify
  File "Code\Databases\DBgames.py", line 760, in read_game_recno
  File "Code\Databases\DBgames.py", line 544, in read_complete_recno
IndexError: list index out of range
2026-08-09 02:37:19.259105
Traceback (most recent call last):
  File "Code\Analysis\RunAnalysisControl.py", line 726, in set_pos
  File "Code\Databases\DBgames.py", line 1416, in save_game_recno
  File "Code\Databases\DBgames.py", line 1360, in modify
  File "Code\Databases\DBgames.py", line 760, in read_game_recno
  File "Code\Databases\DBgames.py", line 544, in read_complete_recno
IndexError: list index out of range
2026-08-09 02:37:19.331973
Traceback (most recent call last):
  File "Code\Analysis\RunAnalysisControl.py", line 726, in set_pos
  File "Code\Databases\DBgames.py", line 1416, in save_game_recno
  File "Code\Databases\DBgames.py", line 1360, in modify
  File "Code\Databases\DBgames.py", line 760, in read_game_recno
  File "Code\Databases\DBgames.py", line 544, in read_complete_recno
IndexError: list index out of range
2026-08-09 02:37:19.354509
Traceback (most recent call last):
  File "Code\Analysis\RunAnalysisControl.py", line 726, in set_pos
  File "Code\Databases\DBgames.py", line 1416, in save_game_recno
  File "Code\Databases\DBgames.py", line 1360, in modify
  File "Code\Databases\DBgames.py", line 760, in read_game_recno
  File "Code\Databases\DBgames.py", line 544, in read_complete_recno
IndexError: list index out of range
2026-08-09 02:37:19.413837
Traceback (most recent call last):
  File "Code\Analysis\RunAnalysisControl.py", line 726, in set_pos
  File "Code\Databases\DBgames.py", line 1416, in save_game_recno
  File "Code\Databases\DBgames.py", line 1360, in modify
  File "Code\Databases\DBgames.py", line 760, in read_game_recno
  File "Code\Databases\DBgames.py", line 544, in read_complete_recno
IndexError: list index out of range
2026-08-09 02:37:19.513968
Traceback (most recent call last):
  File "Code\Analysis\RunAnalysisControl.py", line 726, in set_pos
  File "Code\Databases\DBgames.py", line 1416, in save_game_recno
  File "Code\Databases\DBgames.py", line 1360, in modify
  File "Code\Databases\DBgames.py", line 760, in read_game_recno
  File "Code\Databases\DBgames.py", line 544, in read_complete_recno
IndexError: list index out of range
2026-08-09 02:37:19.590594
Traceback (most recent call last):
  File "Code\Analysis\RunAnalysisControl.py", line 726, in set_pos
  File "Code\Databases\DBgames.py", line 1416, in save_game_recno
  File "Code\Databases\DBgames.py", line 1360, in modify
  File "Code\Databases\DBgames.py", line 760, in read_game_recno
  File "Code\Databases\DBgames.py", line 544, in read_complete_recno
IndexError: list index out of range
2026-08-09 02:37:19.664039
Traceback (most recent call last):
  File "Code\Analysis\RunAnalysisControl.py", line 726, in set_pos
  File "Code\Databases\DBgames.py", line 1416, in save_game_recno
  File "Code\Databases\DBgames.py", line 1360, in modify
  File "Code\Databases\DBgames.py", line 760, in read_game_recno
  File "Code\Databases\DBgames.py", line 544, in read_complete_recno
IndexError: list index out of range
2026-08-09 02:37:19.748537
Traceback (most recent call last):
  File "Code\Analysis\RunAnalysisControl.py", line 726, in set_pos
  File "Code\Databases\DBgames.py", line 1416, in save_game_recno
  File "Code\Databases\DBgames.py", line 1360, in modify
  File "Code\Databases\DBgames.py", line 760, in read_game_recno
  File "Code\Databases\DBgames.py", line 544, in read_complete_recno
IndexError: list index out of range
2026-08-09 02:37:19.761529
Traceback (most recent call last):
  File "Code\Analysis\RunAnalysisControl.py", line 726, in set_pos
  File "Code\Databases\DBgames.py", line 1416, in save_game_recno
  File "Code\Databases\DBgames.py", line 1360, in modify
  File "Code\Databases\DBgames.py", line 760, in read_game_recno
  File "Code\Databases\DBgames.py", line 544, in read_complete_recno
IndexError: list index out of range
2026-08-09 02:37:19.961322
Traceback (most recent call last):
  File "Code\Analysis\RunAnalysisControl.py", line 726, in set_pos
  File "Code\Databases\DBgames.py", line 1416, in save_game_recno
  File "Code\Databases\DBgames.py", line 1360, in modify
  File "Code\Databases\DBgames.py", line 760, in read_game_recno
  File "Code\Databases\DBgames.py", line 544, in read_complete_recno
IndexError: list index out of range
2026-08-09 02:37:20.054700
Traceback (most recent call last):
  File "Code\Analysis\RunAnalysisControl.py", line 726, in set_pos
  File "Code\Databases\DBgames.py", line 1416, in save_game_recno
  File "Code\Databases\DBgames.py", line 1360, in modify
  File "Code\Databases\DBgames.py", line 760, in read_game_recno
  File "Code\Databases\DBgames.py", line 544, in read_complete_recno
IndexError: list index out of range
2026-08-09 02:37:20.070898
Traceback (most recent call last):
  File "Code\Analysis\RunAnalysisControl.py", line 726, in set_pos
  File "Code\Databases\DBgames.py", line 1416, in save_game_recno
  File "Code\Databases\DBgames.py", line 1360, in modify
  File "Code\Databases\DBgames.py", line 760, in read_game_recno
  File "Code\Databases\DBgames.py", line 544, in read_complete_recno
IndexError: list index out of range
2026-08-09 02:37:20.076985
Traceback (most recent call last):
  File "Code\Analysis\RunAnalysisControl.py", line 726, in set_pos
  File "Code\Databases\DBgames.py", line 1416, in save_game_recno
  File "Code\Databases\DBgames.py", line 1360, in modify
  File "Code\Databases\DBgames.py", line 760, in read_game_recno
  File "Code\Databases\DBgames.py", line 544, in read_complete_recno
IndexError: list index out of range
2026-08-09 02:37:20.128351
Traceback (most recent call last):
  File "Code\Analysis\RunAnalysisControl.py", line 726, in set_pos
  File "Code\Databases\DBgames.py", line 1416, in save_game_recno
  File "Code\Databases\DBgames.py", line 1360, in modify
  File "Code\Databases\DBgames.py", line 760, in read_game_recno
  File "Code\Databases\DBgames.py", line 544, in read_complete_recno
IndexError: list index out of range
2026-08-09 02:37:20.175950
Traceback (most recent call last):
  File "Code\Analysis\RunAnalysisControl.py", line 726, in set_pos
  File "Code\Databases\DBgames.py", line 1416, in save_game_recno
  File "Code\Databases\DBgames.py", line 1360, in modify
  File "Code\Databases\DBgames.py", line 760, in read_game_recno
  File "Code\Databases\DBgames.py", line 544, in read_complete_recno
IndexError: list index out of range
2026-08-09 02:37:20.386164
Traceback (most recent call last):
  File "Code\Analysis\RunAnalysisControl.py", line 726, in set_pos
  File "Code\Databases\DBgames.py", line 1416, in save_game_recno
  File "Code\Databases\DBgames.py", line 1360, in modify
  File "Code\Databases\DBgames.py", line 760, in read_game_recno
  File "Code\Databases\DBgames.py", line 544, in read_complete_recno
IndexError: list index out of range
2026-08-09 02:37:20.447605
Traceback (most recent call last):
  File "Code\Analysis\RunAnalysisControl.py", line 726, in set_pos
  File "Code\Databases\DBgames.py", line 1416, in save_game_recno
  File "Code\Databases\DBgames.py", line 1360, in modify
  File "Code\Databases\DBgames.py", line 760, in read_game_recno
  File "Code\Databases\DBgames.py", line 544, in read_complete_recno
IndexError: list index out of range
2026-08-09 02:37:20.506031
Traceback (most recent call last):
  File "Code\Analysis\RunAnalysisControl.py", line 726, in set_pos
  File "Code\Databases\DBgames.py", line 1416, in save_game_recno
  File "Code\Databases\DBgames.py", line 1360, in modify
  File "Code\Databases\DBgames.py", line 760, in read_game_recno
  File "Code\Databases\DBgames.py", line 544, in read_complete_recno
IndexError: list index out of range
2026-08-09 02:37:20.611198
Traceback (most recent call last):
  File "Code\Analysis\RunAnalysisControl.py", line 726, in set_pos
  File "Code\Databases\DBgames.py", line 1416, in save_game_recno
  File "Code\Databases\DBgames.py", line 1360, in modify
  File "Code\Databases\DBgames.py", line 760, in read_game_recno
  File "Code\Databases\DBgames.py", line 544, in read_complete_recno
IndexError: list index out of range
2026-08-09 02:37:20.620564
Traceback (most recent call last):
  File "Code\Analysis\RunAnalysisControl.py", line 726, in set_pos
  File "Code\Databases\DBgames.py", line 1416, in save_game_recno
  File "Code\Databases\DBgames.py", line 1360, in modify
  File "Code\Databases\DBgames.py", line 760, in read_game_recno
  File "Code\Databases\DBgames.py", line 544, in read_complete_recno
IndexError: list index out of range
2026-08-09 02:37:20.819090
Traceback (most recent call last):
  File "Code\Analysis\RunAnalysisControl.py", line 726, in set_pos
  File "Code\Databases\DBgames.py", line 1416, in save_game_recno
  File "Code\Databases\DBgames.py", line 1360, in modify
  File "Code\Databases\DBgames.py", line 760, in read_game_recno
  File "Code\Databases\DBgames.py", line 544, in read_complete_recno
IndexError: list index out of range
2026-08-09 02:37:20.825097
Traceback (most recent call last):
  File "Code\Analysis\RunAnalysisControl.py", line 726, in set_pos
  File "Code\Databases\DBgames.py", line 1416, in save_game_recno
  File "Code\Databases\DBgames.py", line 1360, in modify
  File "Code\Databases\DBgames.py", line 760, in read_game_recno
  File "Code\Databases\DBgames.py", line 544, in read_complete_recno
IndexError: list index out of range
2026-08-09 02:37:20.933780
Traceback (most recent call last):
  File "Code\Analysis\RunAnalysisControl.py", line 726, in set_pos
  File "Code\Databases\DBgames.py", line 1416, in save_game_recno
  File "Code\Databases\DBgames.py", line 1360, in modify
  File "Code\Databases\DBgames.py", line 760, in read_game_recno
  File "Code\Databases\DBgames.py", line 544, in read_complete_recno
IndexError: list index out of range
2026-08-09 02:37:20.950171
Traceback (most recent call last):
  File "Code\Analysis\RunAnalysisControl.py", line 726, in set_pos
  File "Code\Databases\DBgames.py", line 1416, in save_game_recno
  File "Code\Databases\DBgames.py", line 1360, in modify
  File "Code\Databases\DBgames.py", line 760, in read_game_recno
  File "Code\Databases\DBgames.py", line 544, in read_complete_recno
IndexError: list index out of range
2026-08-09 02:37:20.982366
Traceback (most recent call last):
  File "Code\Analysis\RunAnalysisControl.py", line 726, in set_pos
  File "Code\Databases\DBgames.py", line 1416, in save_game_recno
  File "Code\Databases\DBgames.py", line 1360, in modify
  File "Code\Databases\DBgames.py", line 760, in read_game_recno
  File "Code\Databases\DBgames.py", line 544, in read_complete_recno
IndexError: list index out of range
2026-08-09 02:37:21.061254
Traceback (most recent call last):
  File "Code\Analysis\RunAnalysisControl.py", line 726, in set_pos
  File "Code\Databases\DBgames.py", line 1416, in save_game_recno
  File "Code\Databases\DBgames.py", line 1360, in modify
  File "Code\Databases\DBgames.py", line 760, in read_game_recno
  File "Code\Databases\DBgames.py", line 544, in read_complete_recno
IndexError: list index out of range
2026-08-09 02:37:21.142116
Traceback (most recent call last):
  File "Code\Analysis\RunAnalysisControl.py", line 726, in set_pos
  File "Code\Databases\DBgames.py", line 1416, in save_game_recno
  File "Code\Databases\DBgames.py", line 1360, in modify
  File "Code\Databases\DBgames.py", line 760, in read_game_recno
  File "Code\Databases\DBgames.py", line 544, in read_complete_recno
IndexError: list index out of range
2026-08-09 02:37:21.212180
Traceback (most recent call last):
  File "Code\Analysis\RunAnalysisControl.py", line 726, in set_pos
  File "Code\Databases\DBgames.py", line 1416, in save_game_recno
  File "Code\Databases\DBgames.py", line 1360, in modify
  File "Code\Databases\DBgames.py", line 760, in read_game_recno
  File "Code\Databases\DBgames.py", line 544, in read_complete_recno
IndexError: list index out of range
2026-08-09 02:37:21.339017
Traceback (most recent call last):
  File "Code\Analysis\RunAnalysisControl.py", line 726, in set_pos
  File "Code\Databases\DBgames.py", line 1416, in save_game_recno
  File "Code\Databases\DBgames.py", line 1360, in modify
  File "Code\Databases\DBgames.py", line 760, in read_game_recno
  File "Code\Databases\DBgames.py", line 544, in read_complete_recno
IndexError: list index out of range
2026-08-09 02:37:21.359074
Traceback (most recent call last):
  File "Code\Analysis\RunAnalysisControl.py", line 726, in set_pos
  File "Code\Databases\DBgames.py", line 1416, in save_game_recno
  File "Code\Databases\DBgames.py", line 1360, in modify
  File "Code\Databases\DBgames.py", line 760, in read_game_recno
  File "Code\Databases\DBgames.py", line 544, in read_complete_recno
IndexError: list index out of range
2026-08-09 02:37:21.422974
Traceback (most recent call last):
  File "Code\Analysis\RunAnalysisControl.py", line 726, in set_pos
  File "Code\Databases\DBgames.py", line 1416, in save_game_recno
  File "Code\Databases\DBgames.py", line 1360, in modify
  File "Code\Databases\DBgames.py", line 760, in read_game_recno
  File "Code\Databases\DBgames.py", line 544, in read_complete_recno
IndexError: list index out of range
2026-08-09 02:37:21.576311
Traceback (most recent call last):
  File "Code\Analysis\RunAnalysisControl.py", line 726, in set_pos
  File "Code\Databases\DBgames.py", line 1416, in save_game_recno
  File "Code\Databases\DBgames.py", line 1360, in modify
  File "Code\Databases\DBgames.py", line 760, in read_game_recno
  File "Code\Databases\DBgames.py", line 544, in read_complete_recno
IndexError: list index out of range
2026-08-09 02:37:21.594306
Traceback (most recent call last):
  File "Code\Analysis\RunAnalysisControl.py", line 726, in set_pos
  File "Code\Databases\DBgames.py", line 1416, in save_game_recno
  File "Code\Databases\DBgames.py", line 1360, in modify
  File "Code\Databases\DBgames.py", line 760, in read_game_recno
  File "Code\Databases\DBgames.py", line 544, in read_complete_recno
IndexError: list index out of range
2026-08-09 02:37:22.007398
Traceback (most recent call last):
  File "Code\Analysis\RunAnalysisControl.py", line 726, in set_pos
  File "Code\Databases\DBgames.py", line 1416, in save_game_recno
  File "Code\Databases\DBgames.py", line 1360, in modify
  File "Code\Databases\DBgames.py", line 760, in read_game_recno
  File "Code\Databases\DBgames.py", line 544, in read_complete_recno
IndexError: list index out of range
2026-08-09 02:37:22.022533
Traceback (most recent call last):
  File "Code\Analysis\RunAnalysisControl.py", line 726, in set_pos
  File "Code\Databases\DBgames.py", line 1416, in save_game_recno
  File "Code\Databases\DBgames.py", line 1360, in modify
  File "Code\Databases\DBgames.py", line 760, in read_game_recno
  File "Code\Databases\DBgames.py", line 544, in read_complete_recno
IndexError: list index out of range
2026-08-09 02:37:22.041076
Traceback (most recent call last):
  File "Code\Analysis\RunAnalysisControl.py", line 726, in set_pos
  File "Code\Databases\DBgames.py", line 1416, in save_game_recno
  File "Code\Databases\DBgames.py", line 1360, in modify
  File "Code\Databases\DBgames.py", line 760, in read_game_recno
  File "Code\Databases\DBgames.py", line 544, in read_complete_recno
IndexError: list index out of range
2026-08-09 02:37:22.062684
Traceback (most recent call last):
  File "Code\Analysis\RunAnalysisControl.py", line 726, in set_pos
  File "Code\Databases\DBgames.py", line 1416, in save_game_recno
  File "Code\Databases\DBgames.py", line 1360, in modify
  File "Code\Databases\DBgames.py", line 760, in read_game_recno
  File "Code\Databases\DBgames.py", line 544, in read_complete_recno
IndexError: list index out of range
2026-08-09 02:37:22.068706
Traceback (most recent call last):
  File "Code\Analysis\RunAnalysisControl.py", line 726, in set_pos
  File "Code\Databases\DBgames.py", line 1416, in save_game_recno
  File "Code\Databases\DBgames.py", line 1360, in modify
  File "Code\Databases\DBgames.py", line 760, in read_game_recno
  File "Code\Databases\DBgames.py", line 544, in read_complete_recno
IndexError: list index out of range
2026-08-09 02:37:22.130260
Traceback (most recent call last):
  File "Code\Analysis\RunAnalysisControl.py", line 726, in set_pos
  File "Code\Databases\DBgames.py", line 1416, in save_game_recno
  File "Code\Databases\DBgames.py", line 1360, in modify
  File "Code\Databases\DBgames.py", line 760, in read_game_recno
  File "Code\Databases\DBgames.py", line 544, in read_complete_recno
IndexError: list index out of range
2026-08-09 02:37:22.181950
Traceback (most recent call last):
  File "Code\Analysis\RunAnalysisControl.py", line 726, in set_pos
  File "Code\Databases\DBgames.py", line 1416, in save_game_recno
  File "Code\Databases\DBgames.py", line 1360, in modify
  File "Code\Databases\DBgames.py", line 760, in read_game_recno
  File "Code\Databases\DBgames.py", line 544, in read_complete_recno
IndexError: list index out of range
2026-08-09 02:37:22.259841
Traceback (most recent call last):
  File "Code\Analysis\RunAnalysisControl.py", line 726, in set_pos
  File "Code\Databases\DBgames.py", line 1416, in save_game_recno
  File "Code\Databases\DBgames.py", line 1360, in modify
  File "Code\Databases\DBgames.py", line 760, in read_game_recno
  File "Code\Databases\DBgames.py", line 544, in read_complete_recno
IndexError: list index out of range
2026-08-09 02:37:22.387357
Traceback (most recent call last):
  File "Code\Analysis\RunAnalysisControl.py", line 726, in set_pos
  File "Code\Databases\DBgames.py", line 1416, in save_game_recno
  File "Code\Databases\DBgames.py", line 1360, in modify
  File "Code\Databases\DBgames.py", line 760, in read_game_recno
  File "Code\Databases\DBgames.py", line 544, in read_complete_recno
IndexError: list index out of range
2026-08-09 02:37:22.418096
Traceback (most recent call last):
  File "Code\Analysis\RunAnalysisControl.py", line 726, in set_pos
  File "Code\Databases\DBgames.py", line 1416, in save_game_recno
  File "Code\Databases\DBgames.py", line 1360, in modify
  File "Code\Databases\DBgames.py", line 760, in read_game_recno
  File "Code\Databases\DBgames.py", line 544, in read_complete_recno
IndexError: list index out of range
2026-08-09 02:37:22.466533
Traceback (most recent call last):
  File "Code\Analysis\RunAnalysisControl.py", line 726, in set_pos
  File "Code\Databases\DBgames.py", line 1416, in save_game_recno
  File "Code\Databases\DBgames.py", line 1360, in modify
  File "Code\Databases\DBgames.py", line 760, in read_game_recno
  File "Code\Databases\DBgames.py", line 544, in read_complete_recno
IndexError: list index out of range
2026-08-09 02:37:22.500382
Traceback (most recent call last):
  File "Code\Analysis\RunAnalysisControl.py", line 726, in set_pos
  File "Code\Databases\DBgames.py", line 1416, in save_game_recno
  File "Code\Databases\DBgames.py", line 1360, in modify
  File "Code\Databases\DBgames.py", line 760, in read_game_recno
  File "Code\Databases\DBgames.py", line 544, in read_complete_recno
IndexError: list index out of range
2026-08-09 02:37:22.583136
Traceback (most recent call last):
  File "Code\Analysis\RunAnalysisControl.py", line 726, in set_pos
  File "Code\Databases\DBgames.py", line 1416, in save_game_recno
  File "Code\Databases\DBgames.py", line 1360, in modify
  File "Code\Databases\DBgames.py", line 760, in read_game_recno
  File "Code\Databases\DBgames.py", line 544, in read_complete_recno
IndexError: list index out of range
2026-08-09 02:37:22.710749
Traceback (most recent call last):
  File "Code\Analysis\RunAnalysisControl.py", line 726, in set_pos
  File "Code\Databases\DBgames.py", line 1416, in save_game_recno
  File "Code\Databases\DBgames.py", line 1360, in modify
  File "Code\Databases\DBgames.py", line 760, in read_game_recno
  File "Code\Databases\DBgames.py", line 544, in read_complete_recno
IndexError: list index out of range
2026-08-09 02:37:22.728741
Traceback (most recent call last):
  File "Code\Analysis\RunAnalysisControl.py", line 726, in set_pos
  File "Code\Databases\DBgames.py", line 1416, in save_game_recno
  File "Code\Databases\DBgames.py", line 1360, in modify
  File "Code\Databases\DBgames.py", line 760, in read_game_recno
  File "Code\Databases\DBgames.py", line 544, in read_complete_recno
IndexError: list index out of range
2026-08-09 02:37:22.840925
Traceback (most recent call last):
  File "Code\Analysis\RunAnalysisControl.py", line 726, in set_pos
  File "Code\Databases\DBgames.py", line 1416, in save_game_recno
  File "Code\Databases\DBgames.py", line 1360, in modify
  File "Code\Databases\DBgames.py", line 760, in read_game_recno
  File "Code\Databases\DBgames.py", line 544, in read_complete_recno
IndexError: list index out of range
2026-08-09 02:37:23.085470
Traceback (most recent call last):
  File "Code\Analysis\RunAnalysisControl.py", line 726, in set_pos
  File "Code\Databases\DBgames.py", line 1416, in save_game_recno
  File "Code\Databases\DBgames.py", line 1360, in modify
  File "Code\Databases\DBgames.py", line 760, in read_game_recno
  File "Code\Databases\DBgames.py", line 544, in read_complete_recno
IndexError: list index out of range
2026-08-09 02:37:23.090469
Traceback (most recent call last):
  File "Code\Analysis\RunAnalysisControl.py", line 726, in set_pos
  File "Code\Databases\DBgames.py", line 1416, in save_game_recno
  File "Code\Databases\DBgames.py", line 1360, in modify
  File "Code\Databases\DBgames.py", line 760, in read_game_recno
  File "Code\Databases\DBgames.py", line 544, in read_complete_recno
IndexError: list index out of range
2026-08-09 02:37:23.168707
Traceback (most recent call last):
  File "Code\Analysis\RunAnalysisControl.py", line 726, in set_pos
  File "Code\Databases\DBgames.py", line 1416, in save_game_recno
  File "Code\Databases\DBgames.py", line 1360, in modify
  File "Code\Databases\DBgames.py", line 760, in read_game_recno
  File "Code\Databases\DBgames.py", line 544, in read_complete_recno
IndexError: list index out of range
2026-08-09 02:37:23.183064
Traceback (most recent call last):
  File "Code\Analysis\RunAnalysisControl.py", line 726, in set_pos
  File "Code\Databases\DBgames.py", line 1416, in save_game_recno
  File "Code\Databases\DBgames.py", line 1360, in modify
  File "Code\Databases\DBgames.py", line 760, in read_game_recno
  File "Code\Databases\DBgames.py", line 544, in read_complete_recno
IndexError: list index out of range
2026-08-09 02:37:23.191120
Traceback (most recent call last):
  File "Code\Analysis\RunAnalysisControl.py", line 726, in set_pos
  File "Code\Databases\DBgames.py", line 1416, in save_game_recno
  File "Code\Databases\DBgames.py", line 1360, in modify
  File "Code\Databases\DBgames.py", line 760, in read_game_recno
  File "Code\Databases\DBgames.py", line 544, in read_complete_recno
IndexError: list index out of range
2026-08-09 02:37:23.214126
Traceback (most recent call last):
  File "Code\Analysis\RunAnalysisControl.py", line 726, in set_pos
  File "Code\Databases\DBgames.py", line 1416, in save_game_recno
  File "Code\Databases\DBgames.py", line 1360, in modify
  File "Code\Databases\DBgames.py", line 760, in read_game_recno
  File "Code\Databases\DBgames.py", line 544, in read_complete_recno
IndexError: list index out of range
2026-08-09 02:37:23.487356
Traceback (most recent call last):
  File "Code\Analysis\RunAnalysisControl.py", line 726, in set_pos
  File "Code\Databases\DBgames.py", line 1416, in save_game_recno
  File "Code\Databases\DBgames.py", line 1360, in modify
  File "Code\Databases\DBgames.py", line 760, in read_game_recno
  File "Code\Databases\DBgames.py", line 544, in read_complete_recno
IndexError: list index out of range
2026-08-09 02:37:23.493008
Traceback (most recent call last):
  File "Code\Analysis\RunAnalysisControl.py", line 726, in set_pos
  File "Code\Databases\DBgames.py", line 1416, in save_game_recno
  File "Code\Databases\DBgames.py", line 1360, in modify
  File "Code\Databases\DBgames.py", line 760, in read_game_recno
  File "Code\Databases\DBgames.py", line 544, in read_complete_recno
IndexError: list index out of range
2026-08-09 02:37:23.542429
Traceback (most recent call last):
  File "Code\Analysis\RunAnalysisControl.py", line 726, in set_pos
  File "Code\Databases\DBgames.py", line 1416, in save_game_recno
  File "Code\Databases\DBgames.py", line 1360, in modify
  File "Code\Databases\DBgames.py", line 760, in read_game_recno
  File "Code\Databases\DBgames.py", line 544, in read_complete_recno
IndexError: list index out of range
2026-08-09 02:37:23.625151
Traceback (most recent call last):
  File "Code\Analysis\RunAnalysisControl.py", line 726, in set_pos
  File "Code\Databases\DBgames.py", line 1416, in save_game_recno
  File "Code\Databases\DBgames.py", line 1360, in modify
  File "Code\Databases\DBgames.py", line 760, in read_game_recno
  File "Code\Databases\DBgames.py", line 544, in read_complete_recno
IndexError: list index out of range
2026-08-09 02:37:23.683302
Traceback (most recent call last):
  File "Code\Analysis\RunAnalysisControl.py", line 726, in set_pos
  File "Code\Databases\DBgames.py", line 1416, in save_game_recno
  File "Code\Databases\DBgames.py", line 1360, in modify
  File "Code\Databases\DBgames.py", line 760, in read_game_recno
  File "Code\Databases\DBgames.py", line 544, in read_complete_recno
IndexError: list index out of range
2026-08-09 02:37:23.747813
Traceback (most recent call last):
  File "Code\Analysis\RunAnalysisControl.py", line 726, in set_pos
  File "Code\Databases\DBgames.py", line 1416, in save_game_recno
  File "Code\Databases\DBgames.py", line 1360, in modify
  File "Code\Databases\DBgames.py", line 760, in read_game_recno
  File "Code\Databases\DBgames.py", line 544, in read_complete_recno
IndexError: list index out of range
2026-08-09 02:37:23.781813
Traceback (most recent call last):
  File "Code\Analysis\RunAnalysisControl.py", line 726, in set_pos
  File "Code\Databases\DBgames.py", line 1416, in save_game_recno
  File "Code\Databases\DBgames.py", line 1360, in modify
  File "Code\Databases\DBgames.py", line 760, in read_game_recno
  File "Code\Databases\DBgames.py", line 544, in read_complete_recno
IndexError: list index out of range
2026-08-09 02:37:24.059626
Traceback (most recent call last):
  File "Code\Analysis\RunAnalysisControl.py", line 726, in set_pos
  File "Code\Databases\DBgames.py", line 1416, in save_game_recno
  File "Code\Databases\DBgames.py", line 1360, in modify
  File "Code\Databases\DBgames.py", line 760, in read_game_recno
  File "Code\Databases\DBgames.py", line 544, in read_complete_recno
IndexError: list index out of range
2026-08-09 02:37:24.117314
Traceback (most recent call last):
  File "Code\Analysis\RunAnalysisControl.py", line 726, in set_pos
  File "Code\Databases\DBgames.py", line 1416, in save_game_recno
  File "Code\Databases\DBgames.py", line 1360, in modify
  File "Code\Databases\DBgames.py", line 760, in read_game_recno
  File "Code\Databases\DBgames.py", line 544, in read_complete_recno
IndexError: list index out of range
2026-08-09 02:37:24.142120
Traceback (most recent call last):
  File "Code\Analysis\RunAnalysisControl.py", line 726, in set_pos
  File "Code\Databases\DBgames.py", line 1416, in save_game_recno
  File "Code\Databases\DBgames.py", line 1360, in modify
  File "Code\Databases\DBgames.py", line 760, in read_game_recno
  File "Code\Databases\DBgames.py", line 544, in read_complete_recno
IndexError: list index out of range
2026-08-09 02:37:24.149404
Traceback (most recent call last):
  File "Code\Analysis\RunAnalysisControl.py", line 726, in set_pos
  File "Code\Databases\DBgames.py", line 1416, in save_game_recno
  File "Code\Databases\DBgames.py", line 1360, in modify
  File "Code\Databases\DBgames.py", line 760, in read_game_recno
  File "Code\Databases\DBgames.py", line 544, in read_complete_recno
IndexError: list index out of range
2026-08-09 02:37:24.232241
Traceback (most recent call last):
  File "Code\Analysis\RunAnalysisControl.py", line 726, in set_pos
  File "Code\Databases\DBgames.py", line 1416, in save_game_recno
  File "Code\Databases\DBgames.py", line 1360, in modify
  File "Code\Databases\DBgames.py", line 760, in read_game_recno
  File "Code\Databases\DBgames.py", line 544, in read_complete_recno
IndexError: list index out of range
2026-08-09 02:37:24.398587
Traceback (most recent call last):
  File "Code\Analysis\RunAnalysisControl.py", line 726, in set_pos
  File "Code\Databases\DBgames.py", line 1416, in save_game_recno
  File "Code\Databases\DBgames.py", line 1360, in modify
  File "Code\Databases\DBgames.py", line 760, in read_game_recno
  File "Code\Databases\DBgames.py", line 544, in read_complete_recno
IndexError: list index out of range
2026-08-09 02:37:24.405621
Traceback (most recent call last):
  File "Code\Analysis\RunAnalysisControl.py", line 726, in set_pos
  File "Code\Databases\DBgames.py", line 1416, in save_game_recno
  File "Code\Databases\DBgames.py", line 1360, in modify
  File "Code\Databases\DBgames.py", line 760, in read_game_recno
  File "Code\Databases\DBgames.py", line 544, in read_complete_recno
IndexError: list index out of range
2026-08-09 02:37:24.475462
Traceback (most recent call last):
  File "Code\Analysis\RunAnalysisControl.py", line 726, in set_pos
  File "Code\Databases\DBgames.py", line 1416, in save_game_recno
  File "Code\Databases\DBgames.py", line 1360, in modify
  File "Code\Databases\DBgames.py", line 760, in read_game_recno
  File "Code\Databases\DBgames.py", line 544, in read_complete_recno
IndexError: list index out of range
2026-08-09 02:37:24.978181
Traceback (most recent call last):
  File "Code\Analysis\RunAnalysisControl.py", line 726, in set_pos
  File "Code\Databases\DBgames.py", line 1416, in save_game_recno
  File "Code\Databases\DBgames.py", line 1360, in modify
  File "Code\Databases\DBgames.py", line 760, in read_game_recno
  File "Code\Databases\DBgames.py", line 544, in read_complete_recno
IndexError: list index out of range
2026-08-09 02:37:25.910639
Traceback (most recent call last):
  File "Code\Analysis\RunAnalysisControl.py", line 726, in set_pos
  File "Code\Databases\DBgames.py", line 1416, in save_game_recno
  File "Code\Databases\DBgames.py", line 1360, in modify
  File "Code\Databases\DBgames.py", line 760, in read_game_recno
  File "Code\Databases\DBgames.py", line 544, in read_complete_recno
IndexError: list index out of range
2026-08-09 02:37:26.234848
Traceback (most recent call last):
  File "Code\Analysis\RunAnalysisControl.py", line 726, in set_pos
  File "Code\Databases\DBgames.py", line 1416, in save_game_recno
  File "Code\Databases\DBgames.py", line 1360, in modify
  File "Code\Databases\DBgames.py", line 760, in read_game_recno
  File "Code\Databases\DBgames.py", line 544, in read_complete_recno
IndexError: list index out of range
2026-08-09 02:37:26.344975
Traceback (most recent call last):
  File "Code\Analysis\RunAnalysisControl.py", line 726, in set_pos
  File "Code\Databases\DBgames.py", line 1416, in save_game_recno
  File "Code\Databases\DBgames.py", line 1360, in modify
  File "Code\Databases\DBgames.py", line 760, in read_game_recno
  File "Code\Databases\DBgames.py", line 544, in read_complete_recno
IndexError: list index out of range
2026-08-09 02:37:26.362418
Traceback (most recent call last):
  File "Code\Analysis\RunAnalysisControl.py", line 726, in set_pos
  File "Code\Databases\DBgames.py", line 1416, in save_game_recno
  File "Code\Databases\DBgames.py", line 1360, in modify
  File "Code\Databases\DBgames.py", line 760, in read_game_recno
  File "Code\Databases\DBgames.py", line 544, in read_complete_recno
IndexError: list index out of range
2026-08-09 02:37:26.369446
Traceback (most recent call last):
  File "Code\Analysis\RunAnalysisControl.py", line 726, in set_pos
  File "Code\Databases\DBgames.py", line 1416, in save_game_recno
  File "Code\Databases\DBgames.py", line 1360, in modify
  File "Code\Databases\DBgames.py", line 760, in read_game_recno
  File "Code\Databases\DBgames.py", line 544, in read_complete_recno
IndexError: list index out of range
2026-08-09 02:37:26.492541
Traceback (most recent call last):
  File "Code\Analysis\RunAnalysisControl.py", line 726, in set_pos
  File "Code\Databases\DBgames.py", line 1416, in save_game_recno
  File "Code\Databases\DBgames.py", line 1360, in modify
  File "Code\Databases\DBgames.py", line 760, in read_game_recno
  File "Code\Databases\DBgames.py", line 544, in read_complete_recno
IndexError: list index out of range
2026-08-09 02:37:27.452894
Traceback (most recent call last):
  File "Code\Analysis\RunAnalysisControl.py", line 726, in set_pos
  File "Code\Databases\DBgames.py", line 1416, in save_game_recno
  File "Code\Databases\DBgames.py", line 1360, in modify
  File "Code\Databases\DBgames.py", line 760, in read_game_recno
  File "Code\Databases\DBgames.py", line 544, in read_complete_recno
IndexError: list index out of range
2026-08-09 02:37:28.156887
Traceback (most recent call last):
  File "Code\Analysis\RunAnalysisControl.py", line 726, in set_pos
  File "Code\Databases\DBgames.py", line 1416, in save_game_recno
  File "Code\Databases\DBgames.py", line 1360, in modify
  File "Code\Databases\DBgames.py", line 760, in read_game_recno
  File "Code\Databases\DBgames.py", line 544, in read_complete_recno
IndexError: list index out of range
2026-08-09 02:37:28.171880
Traceback (most recent call last):
  File "Code\Analysis\RunAnalysisControl.py", line 726, in set_pos
  File "Code\Databases\DBgames.py", line 1416, in save_game_recno
  File "Code\Databases\DBgames.py", line 1360, in modify
  File "Code\Databases\DBgames.py", line 760, in read_game_recno
  File "Code\Databases\DBgames.py", line 544, in read_complete_recno
IndexError: list index out of range
2026-08-09 02:37:28.293382
Traceback (most recent call last):
  File "Code\Analysis\RunAnalysisControl.py", line 726, in set_pos
  File "Code\Databases\DBgames.py", line 1416, in save_game_recno
  File "Code\Databases\DBgames.py", line 1360, in modify
  File "Code\Databases\DBgames.py", line 760, in read_game_recno
  File "Code\Databases\DBgames.py", line 544, in read_complete_recno
IndexError: list index out of range
2026-08-09 02:37:28.307378
Traceback (most recent call last):
  File "Code\Analysis\RunAnalysisControl.py", line 726, in set_pos
  File "Code\Databases\DBgames.py", line 1416, in save_game_recno
  File "Code\Databases\DBgames.py", line 1360, in modify
  File "Code\Databases\DBgames.py", line 760, in read_game_recno
  File "Code\Databases\DBgames.py", line 544, in read_complete_recno
IndexError: list index out of range
2026-08-09 02:37:28.313380
Traceback (most recent call last):
  File "Code\Analysis\RunAnalysisControl.py", line 726, in set_pos
  File "Code\Databases\DBgames.py", line 1416, in save_game_recno
  File "Code\Databases\DBgames.py", line 1360, in modify
  File "Code\Databases\DBgames.py", line 760, in read_game_recno
  File "Code\Databases\DBgames.py", line 544, in read_complete_recno
IndexError: list index out of range
2026-08-09 02:37:29.444827
Traceback (most recent call last):
  File "Code\Analysis\RunAnalysisControl.py", line 726, in set_pos
  File "Code\Databases\DBgames.py", line 1416, in save_game_recno
  File "Code\Databases\DBgames.py", line 1360, in modify
  File "Code\Databases\DBgames.py", line 760, in read_game_recno
  File "Code\Databases\DBgames.py", line 544, in read_complete_recno
IndexError: list index out of range
2026-08-09 02:37:29.715853
Traceback (most recent call last):
  File "Code\Analysis\RunAnalysisControl.py", line 726, in set_pos
  File "Code\Databases\DBgames.py", line 1416, in save_game_recno
  File "Code\Databases\DBgames.py", line 1360, in modify
  File "Code\Databases\DBgames.py", line 760, in read_game_recno
  File "Code\Databases\DBgames.py", line 544, in read_complete_recno
IndexError: list index out of range
2026-08-09 02:37:29.973665
Traceback (most recent call last):
  File "Code\Analysis\RunAnalysisControl.py", line 726, in set_pos
  File "Code\Databases\DBgames.py", line 1416, in save_game_recno
  File "Code\Databases\DBgames.py", line 1360, in modify
  File "Code\Databases\DBgames.py", line 760, in read_game_recno
  File "Code\Databases\DBgames.py", line 544, in read_complete_recno
IndexError: list index out of range
2026-08-09 02:37:30.122337
Traceback (most recent call last):
  File "Code\Analysis\RunAnalysisControl.py", line 726, in set_pos
  File "Code\Databases\DBgames.py", line 1416, in save_game_recno
  File "Code\Databases\DBgames.py", line 1360, in modify
  File "Code\Databases\DBgames.py", line 760, in read_game_recno
  File "Code\Databases\DBgames.py", line 544, in read_complete_recno
IndexError: list index out of range
2026-08-09 02:37:30.268776
Traceback (most recent call last):
  File "Code\Analysis\RunAnalysisControl.py", line 726, in set_pos
  File "Code\Databases\DBgames.py", line 1416, in save_game_recno
  File "Code\Databases\DBgames.py", line 1360, in modify
  File "Code\Databases\DBgames.py", line 760, in read_game_recno
  File "Code\Databases\DBgames.py", line 544, in read_complete_recno
IndexError: list index out of range
2026-08-09 02:37:30.808900
Traceback (most recent call last):
  File "Code\Analysis\RunAnalysisControl.py", line 726, in set_pos
  File "Code\Databases\DBgames.py", line 1416, in save_game_recno
  File "Code\Databases\DBgames.py", line 1360, in modify
  File "Code\Databases\DBgames.py", line 760, in read_game_recno
  File "Code\Databases\DBgames.py", line 544, in read_complete_recno
IndexError: list index out of range
2026-08-09 02:37:31.489906
Traceback (most recent call last):
  File "Code\Analysis\RunAnalysisControl.py", line 726, in set_pos
  File "Code\Databases\DBgames.py", line 1416, in save_game_recno
  File "Code\Databases\DBgames.py", line 1360, in modify
  File "Code\Databases\DBgames.py", line 760, in read_game_recno
  File "Code\Databases\DBgames.py", line 544, in read_complete_recno
IndexError: list index out of range
2026-08-09 02:37:31.496420
Traceback (most recent call last):
  File "Code\Analysis\RunAnalysisControl.py", line 726, in set_pos
  File "Code\Databases\DBgames.py", line 1416, in save_game_recno
  File "Code\Databases\DBgames.py", line 1360, in modify
  File "Code\Databases\DBgames.py", line 760, in read_game_recno
  File "Code\Databases\DBgames.py", line 544, in read_complete_recno
IndexError: list index out of range
2026-08-09 02:37:31.636614
Traceback (most recent call last):
  File "Code\Analysis\RunAnalysisControl.py", line 726, in set_pos
  File "Code\Databases\DBgames.py", line 1416, in save_game_recno
  File "Code\Databases\DBgames.py", line 1360, in modify
  File "Code\Databases\DBgames.py", line 760, in read_game_recno
  File "Code\Databases\DBgames.py", line 544, in read_complete_recno
IndexError: list index out of range
2026-08-09 02:37:31.750526
Traceback (most recent call last):
  File "Code\Analysis\RunAnalysisControl.py", line 726, in set_pos
  File "Code\Databases\DBgames.py", line 1416, in save_game_recno
  File "Code\Databases\DBgames.py", line 1360, in modify
  File "Code\Databases\DBgames.py", line 760, in read_game_recno
  File "Code\Databases\DBgames.py", line 544, in read_complete_recno
IndexError: list index out of range
2026-08-09 02:37:32.002700
Traceback (most recent call last):
  File "Code\Analysis\RunAnalysisControl.py", line 726, in set_pos
  File "Code\Databases\DBgames.py", line 1416, in save_game_recno
  File "Code\Databases\DBgames.py", line 1360, in modify
  File "Code\Databases\DBgames.py", line 760, in read_game_recno
  File "Code\Databases\DBgames.py", line 544, in read_complete_recno
IndexError: list index out of range
2026-08-09 02:37:32.385558
Traceback (most recent call last):
  File "Code\Analysis\RunAnalysisControl.py", line 726, in set_pos
  File "Code\Databases\DBgames.py", line 1416, in save_game_recno
  File "Code\Databases\DBgames.py", line 1360, in modify
  File "Code\Databases\DBgames.py", line 760, in read_game_recno
  File "Code\Databases\DBgames.py", line 544, in read_complete_recno
IndexError: list index out of range
2026-08-09 02:37:33.212461
Traceback (most recent call last):
  File "Code\Analysis\RunAnalysisControl.py", line 726, in set_pos
  File "Code\Databases\DBgames.py", line 1416, in save_game_recno
  File "Code\Databases\DBgames.py", line 1360, in modify
  File "Code\Databases\DBgames.py", line 760, in read_game_recno
  File "Code\Databases\DBgames.py", line 544, in read_complete_recno
IndexError: list index out of range
2026-08-09 02:37:33.224467
Traceback (most recent call last):
  File "Code\Analysis\RunAnalysisControl.py", line 726, in set_pos
  File "Code\Databases\DBgames.py", line 1416, in save_game_recno
  File "Code\Databases\DBgames.py", line 1360, in modify
  File "Code\Databases\DBgames.py", line 760, in read_game_recno
  File "Code\Databases\DBgames.py", line 544, in read_complete_recno
IndexError: list index out of range
2026-08-09 02:37:33.344607
Traceback (most recent call last):
  File "Code\Analysis\RunAnalysisControl.py", line 726, in set_pos
  File "Code\Databases\DBgames.py", line 1416, in save_game_recno
  File "Code\Databases\DBgames.py", line 1360, in modify
  File "Code\Databases\DBgames.py", line 760, in read_game_recno
  File "Code\Databases\DBgames.py", line 544, in read_complete_recno
IndexError: list index out of range
2026-08-09 02:37:33.477837
Traceback (most recent call last):
  File "Code\Analysis\RunAnalysisControl.py", line 726, in set_pos
  File "Code\Databases\DBgames.py", line 1416, in save_game_recno
  File "Code\Databases\DBgames.py", line 1360, in modify
  File "Code\Databases\DBgames.py", line 760, in read_game_recno
  File "Code\Databases\DBgames.py", line 544, in read_complete_recno
IndexError: list index out of range
2026-08-09 02:37:33.741777
Traceback (most recent call last):
  File "Code\Analysis\RunAnalysisControl.py", line 726, in set_pos
  File "Code\Databases\DBgames.py", line 1416, in save_game_recno
  File "Code\Databases\DBgames.py", line 1360, in modify
  File "Code\Databases\DBgames.py", line 760, in read_game_recno
  File "Code\Databases\DBgames.py", line 544, in read_complete_recno
IndexError: list index out of range
2026-08-09 02:37:33.999657
Traceback (most recent call last):
  File "Code\Analysis\RunAnalysisControl.py", line 726, in set_pos
  File "Code\Databases\DBgames.py", line 1416, in save_game_recno
  File "Code\Databases\DBgames.py", line 1360, in modify
  File "Code\Databases\DBgames.py", line 760, in read_game_recno
  File "Code\Databases\DBgames.py", line 544, in read_complete_recno
IndexError: list index out of range
2026-08-09 02:37:34.523245
Traceback (most recent call last):
  File "Code\Analysis\RunAnalysisControl.py", line 726, in set_pos
  File "Code\Databases\DBgames.py", line 1416, in save_game_recno
  File "Code\Databases\DBgames.py", line 1360, in modify
  File "Code\Databases\DBgames.py", line 760, in read_game_recno
  File "Code\Databases\DBgames.py", line 544, in read_complete_recno
IndexError: list index out of range
2026-08-09 02:37:34.544094
Traceback (most recent call last):
  File "Code\Analysis\RunAnalysisControl.py", line 726, in set_pos
  File "Code\Databases\DBgames.py", line 1416, in save_game_recno
  File "Code\Databases\DBgames.py", line 1360, in modify
  File "Code\Databases\DBgames.py", line 760, in read_game_recno
  File "Code\Databases\DBgames.py", line 544, in read_complete_recno
IndexError: list index out of range
2026-08-09 02:37:34.631946
Traceback (most recent call last):
  File "Code\Analysis\RunAnalysisControl.py", line 726, in set_pos
  File "Code\Databases\DBgames.py", line 1416, in save_game_recno
  File "Code\Databases\DBgames.py", line 1360, in modify
  File "Code\Databases\DBgames.py", line 760, in read_game_recno
  File "Code\Databases\DBgames.py", line 544, in read_complete_recno
IndexError: list index out of range
2026-08-09 02:37:34.643924
Traceback (most recent call last):
  File "Code\Analysis\RunAnalysisControl.py", line 726, in set_pos
  File "Code\Databases\DBgames.py", line 1416, in save_game_recno
  File "Code\Databases\DBgames.py", line 1360, in modify
  File "Code\Databases\DBgames.py", line 760, in read_game_recno
  File "Code\Databases\DBgames.py", line 544, in read_complete_recno
IndexError: list index out of range
2026-08-09 02:37:34.663067
Traceback (most recent call last):
  File "Code\Analysis\RunAnalysisControl.py", line 726, in set_pos
  File "Code\Databases\DBgames.py", line 1416, in save_game_recno
  File "Code\Databases\DBgames.py", line 1360, in modify
  File "Code\Databases\DBgames.py", line 760, in read_game_recno
  File "Code\Databases\DBgames.py", line 544, in read_complete_recno
IndexError: list index out of range
2026-08-09 02:37:34.668486
Traceback (most recent call last):
  File "Code\Analysis\RunAnalysisControl.py", line 726, in set_pos
  File "Code\Databases\DBgames.py", line 1416, in save_game_recno
  File "Code\Databases\DBgames.py", line 1360, in modify
  File "Code\Databases\DBgames.py", line 760, in read_game_recno
  File "Code\Databases\DBgames.py", line 544, in read_complete_recno
IndexError: list index out of range
2026-08-09 02:37:34.864151
Traceback (most recent call last):
  File "Code\Analysis\RunAnalysisControl.py", line 726, in set_pos
  File "Code\Databases\DBgames.py", line 1416, in save_game_recno
  File "Code\Databases\DBgames.py", line 1360, in modify
  File "Code\Databases\DBgames.py", line 760, in read_game_recno
  File "Code\Databases\DBgames.py", line 544, in read_complete_recno
IndexError: list index out of range
2026-08-09 02:37:34.952240
Traceback (most recent call last):
  File "Code\Analysis\RunAnalysisControl.py", line 726, in set_pos
  File "Code\Databases\DBgames.py", line 1416, in save_game_recno
  File "Code\Databases\DBgames.py", line 1360, in modify
  File "Code\Databases\DBgames.py", line 760, in read_game_recno
  File "Code\Databases\DBgames.py", line 544, in read_complete_recno
IndexError: list index out of range
2026-08-09 02:37:34.957920
Traceback (most recent call last):
  File "Code\Analysis\RunAnalysisControl.py", line 726, in set_pos
  File "Code\Databases\DBgames.py", line 1416, in save_game_recno
  File "Code\Databases\DBgames.py", line 1360, in modify
  File "Code\Databases\DBgames.py", line 760, in read_game_recno
  File "Code\Databases\DBgames.py", line 544, in read_complete_recno
IndexError: list index out of range
2026-08-09 02:37:35.035654
Traceback (most recent call last):
  File "Code\Analysis\RunAnalysisControl.py", line 726, in set_pos
  File "Code\Databases\DBgames.py", line 1416, in save_game_recno
  File "Code\Databases\DBgames.py", line 1360, in modify
  File "Code\Databases\DBgames.py", line 760, in read_game_recno
  File "Code\Databases\DBgames.py", line 544, in read_complete_recno
IndexError: list index out of range
2026-08-09 02:37:35.101517
Traceback (most recent call last):
  File "Code\Analysis\RunAnalysisControl.py", line 726, in set_pos
  File "Code\Databases\DBgames.py", line 1416, in save_game_recno
  File "Code\Databases\DBgames.py", line 1360, in modify
  File "Code\Databases\DBgames.py", line 760, in read_game_recno
  File "Code\Databases\DBgames.py", line 544, in read_complete_recno
IndexError: list index out of range
2026-08-09 02:37:35.109951
Traceback (most recent call last):
  File "Code\Analysis\RunAnalysisControl.py", line 726, in set_pos
  File "Code\Databases\DBgames.py", line 1416, in save_game_recno
  File "Code\Databases\DBgames.py", line 1360, in modify
  File "Code\Databases\DBgames.py", line 760, in read_game_recno
  File "Code\Databases\DBgames.py", line 544, in read_complete_recno
IndexError: list index out of range
2026-08-09 02:37:35.247338
Traceback (most recent call last):
  File "Code\Analysis\RunAnalysisControl.py", line 726, in set_pos
  File "Code\Databases\DBgames.py", line 1416, in save_game_recno
  File "Code\Databases\DBgames.py", line 1360, in modify
  File "Code\Databases\DBgames.py", line 760, in read_game_recno
  File "Code\Databases\DBgames.py", line 544, in read_complete_recno
IndexError: list index out of range
2026-08-09 02:37:35.344428
Traceback (most recent call last):
  File "Code\Analysis\RunAnalysisControl.py", line 726, in set_pos
  File "Code\Databases\DBgames.py", line 1416, in save_game_recno
  File "Code\Databases\DBgames.py", line 1360, in modify
  File "Code\Databases\DBgames.py", line 760, in read_game_recno
  File "Code\Databases\DBgames.py", line 544, in read_complete_recno
IndexError: list index out of range
2026-08-09 02:37:35.416791
Traceback (most recent call last):
  File "Code\Analysis\RunAnalysisControl.py", line 726, in set_pos
  File "Code\Databases\DBgames.py", line 1416, in save_game_recno
  File "Code\Databases\DBgames.py", line 1360, in modify
  File "Code\Databases\DBgames.py", line 760, in read_game_recno
  File "Code\Databases\DBgames.py", line 544, in read_complete_recno
IndexError: list index out of range
2026-08-09 02:37:35.485315
Traceback (most recent call last):
  File "Code\Analysis\RunAnalysisControl.py", line 726, in set_pos
  File "Code\Databases\DBgames.py", line 1416, in save_game_recno
  File "Code\Databases\DBgames.py", line 1360, in modify
  File "Code\Databases\DBgames.py", line 760, in read_game_recno
  File "Code\Databases\DBgames.py", line 544, in read_complete_recno
IndexError: list index out of range
2026-08-09 02:37:35.542909
Traceback (most recent call last):
  File "Code\Analysis\RunAnalysisControl.py", line 726, in set_pos
  File "Code\Databases\DBgames.py", line 1416, in save_game_recno
  File "Code\Databases\DBgames.py", line 1360, in modify
  File "Code\Databases\DBgames.py", line 760, in read_game_recno
  File "Code\Databases\DBgames.py", line 544, in read_complete_recno
IndexError: list index out of range
2026-08-09 02:37:35.618420
Traceback (most recent call last):
  File "Code\Analysis\RunAnalysisControl.py", line 726, in set_pos
  File "Code\Databases\DBgames.py", line 1416, in save_game_recno
  File "Code\Databases\DBgames.py", line 1360, in modify
  File "Code\Databases\DBgames.py", line 760, in read_game_recno
  File "Code\Databases\DBgames.py", line 544, in read_complete_recno
IndexError: list index out of range
2026-08-09 02:37:35.624712
Traceback (most recent call last):
  File "Code\Analysis\RunAnalysisControl.py", line 726, in set_pos
  File "Code\Databases\DBgames.py", line 1416, in save_game_recno
  File "Code\Databases\DBgames.py", line 1360, in modify
  File "Code\Databases\DBgames.py", line 760, in read_game_recno
  File "Code\Databases\DBgames.py", line 544, in read_complete_recno
IndexError: list index out of range
2026-08-09 02:37:35.721573
Traceback (most recent call last):
  File "Code\Analysis\RunAnalysisControl.py", line 726, in set_pos
  File "Code\Databases\DBgames.py", line 1416, in save_game_recno
  File "Code\Databases\DBgames.py", line 1360, in modify
  File "Code\Databases\DBgames.py", line 760, in read_game_recno
  File "Code\Databases\DBgames.py", line 544, in read_complete_recno
IndexError: list index out of range
2026-08-09 02:37:35.871881
Traceback (most recent call last):
  File "Code\Analysis\RunAnalysisControl.py", line 726, in set_pos
  File "Code\Databases\DBgames.py", line 1416, in save_game_recno
  File "Code\Databases\DBgames.py", line 1360, in modify
  File "Code\Databases\DBgames.py", line 760, in read_game_recno
  File "Code\Databases\DBgames.py", line 544, in read_complete_recno
IndexError: list index out of range
2026-08-09 02:37:35.901366
Traceback (most recent call last):
  File "Code\Analysis\RunAnalysisControl.py", line 726, in set_pos
  File "Code\Databases\DBgames.py", line 1416, in save_game_recno
  File "Code\Databases\DBgames.py", line 1360, in modify
  File "Code\Databases\DBgames.py", line 760, in read_game_recno
  File "Code\Databases\DBgames.py", line 544, in read_complete_recno
IndexError: list index out of range
2026-08-09 02:37:35.921358
Traceback (most recent call last):
  File "Code\Analysis\RunAnalysisControl.py", line 726, in set_pos
  File "Code\Databases\DBgames.py", line 1416, in save_game_recno
  File "Code\Databases\DBgames.py", line 1360, in modify
  File "Code\Databases\DBgames.py", line 760, in read_game_recno
  File "Code\Databases\DBgames.py", line 544, in read_complete_recno
IndexError: list index out of range
2026-08-09 02:37:35.994521
Traceback (most recent call last):
  File "Code\Analysis\RunAnalysisControl.py", line 726, in set_pos
  File "Code\Databases\DBgames.py", line 1416, in save_game_recno
  File "Code\Databases\DBgames.py", line 1360, in modify
  File "Code\Databases\DBgames.py", line 760, in read_game_recno
  File "Code\Databases\DBgames.py", line 544, in read_complete_recno
IndexError: list index out of range
2026-08-09 02:37:36.378849
Traceback (most recent call last):
  File "Code\Analysis\RunAnalysisControl.py", line 726, in set_pos
  File "Code\Databases\DBgames.py", line 1416, in save_game_recno
  File "Code\Databases\DBgames.py", line 1360, in modify
  File "Code\Databases\DBgames.py", line 760, in read_game_recno
  File "Code\Databases\DBgames.py", line 544, in read_complete_recno
IndexError: list index out of range
2026-08-09 02:37:36.400205
Traceback (most recent call last):
  File "Code\Analysis\RunAnalysisControl.py", line 726, in set_pos
  File "Code\Databases\DBgames.py", line 1416, in save_game_recno
  File "Code\Databases\DBgames.py", line 1360, in modify
  File "Code\Databases\DBgames.py", line 760, in read_game_recno
  File "Code\Databases\DBgames.py", line 544, in read_complete_recno
IndexError: list index out of range
2026-08-09 02:37:36.445336
Traceback (most recent call last):
  File "Code\Analysis\RunAnalysisControl.py", line 726, in set_pos
  File "Code\Databases\DBgames.py", line 1416, in save_game_recno
  File "Code\Databases\DBgames.py", line 1360, in modify
  File "Code\Databases\DBgames.py", line 760, in read_game_recno
  File "Code\Databases\DBgames.py", line 544, in read_complete_recno
IndexError: list index out of range
2026-08-09 02:37:36.463572
Traceback (most recent call last):
  File "Code\Analysis\RunAnalysisControl.py", line 726, in set_pos
  File "Code\Databases\DBgames.py", line 1416, in save_game_recno
  File "Code\Databases\DBgames.py", line 1360, in modify
  File "Code\Databases\DBgames.py", line 760, in read_game_recno
  File "Code\Databases\DBgames.py", line 544, in read_complete_recno
IndexError: list index out of range
2026-08-09 02:37:36.482378
Traceback (most recent call last):
  File "Code\Analysis\RunAnalysisControl.py", line 726, in set_pos
  File "Code\Databases\DBgames.py", line 1416, in save_game_recno
  File "Code\Databases\DBgames.py", line 1360, in modify
  File "Code\Databases\DBgames.py", line 760, in read_game_recno
  File "Code\Databases\DBgames.py", line 544, in read_complete_recno
IndexError: list index out of range
2026-08-09 02:37:36.505769
Traceback (most recent call last):
  File "Code\Analysis\RunAnalysisControl.py", line 726, in set_pos
  File "Code\Databases\DBgames.py", line 1416, in save_game_recno
  File "Code\Databases\DBgames.py", line 1360, in modify
  File "Code\Databases\DBgames.py", line 760, in read_game_recno
  File "Code\Databases\DBgames.py", line 544, in read_complete_recno
IndexError: list index out of range
2026-08-09 02:37:36.623520
Traceback (most recent call last):
  File "Code\Analysis\RunAnalysisControl.py", line 726, in set_pos
  File "Code\Databases\DBgames.py", line 1416, in save_game_recno
  File "Code\Databases\DBgames.py", line 1360, in modify
  File "Code\Databases\DBgames.py", line 760, in read_game_recno
  File "Code\Databases\DBgames.py", line 544, in read_complete_recno
IndexError: list index out of range
2026-08-09 02:37:37.197327
Traceback (most recent call last):
  File "Code\Analysis\RunAnalysisControl.py", line 726, in set_pos
  File "Code\Databases\DBgames.py", line 1416, in save_game_recno
  File "Code\Databases\DBgames.py", line 1360, in modify
  File "Code\Databases\DBgames.py", line 760, in read_game_recno
  File "Code\Databases\DBgames.py", line 544, in read_complete_recno
IndexError: list index out of range
2026-08-09 02:37:37.249813
Traceback (most recent call last):
  File "Code\Analysis\RunAnalysisControl.py", line 726, in set_pos
  File "Code\Databases\DBgames.py", line 1416, in save_game_recno
  File "Code\Databases\DBgames.py", line 1360, in modify
  File "Code\Databases\DBgames.py", line 760, in read_game_recno
  File "Code\Databases\DBgames.py", line 544, in read_complete_recno
IndexError: list index out of range
2026-08-09 02:37:37.290773
Traceback (most recent call last):
  File "Code\Analysis\RunAnalysisControl.py", line 726, in set_pos
  File "Code\Databases\DBgames.py", line 1416, in save_game_recno
  File "Code\Databases\DBgames.py", line 1360, in modify
  File "Code\Databases\DBgames.py", line 760, in read_game_recno
  File "Code\Databases\DBgames.py", line 544, in read_complete_recno
IndexError: list index out of range
2026-08-09 02:37:37.297992
Traceback (most recent call last):
  File "Code\Analysis\RunAnalysisControl.py", line 726, in set_pos
  File "Code\Databases\DBgames.py", line 1416, in save_game_recno
  File "Code\Databases\DBgames.py", line 1360, in modify
  File "Code\Databases\DBgames.py", line 760, in read_game_recno
  File "Code\Databases\DBgames.py", line 544, in read_complete_recno
IndexError: list index out of range
2026-08-09 02:37:37.350912
Traceback (most recent call last):
  File "Code\Analysis\RunAnalysisControl.py", line 726, in set_pos
  File "Code\Databases\DBgames.py", line 1416, in save_game_recno
  File "Code\Databases\DBgames.py", line 1360, in modify
  File "Code\Databases\DBgames.py", line 760, in read_game_recno
  File "Code\Databases\DBgames.py", line 544, in read_complete_recno
IndexError: list index out of range
2026-08-09 02:37:37.368913
Traceback (most recent call last):
  File "Code\Analysis\RunAnalysisControl.py", line 726, in set_pos
  File "Code\Databases\DBgames.py", line 1416, in save_game_recno
  File "Code\Databases\DBgames.py", line 1360, in modify
  File "Code\Databases\DBgames.py", line 760, in read_game_recno
  File "Code\Databases\DBgames.py", line 544, in read_complete_recno
IndexError: list index out of range
2026-08-09 02:37:37.612675
Traceback (most recent call last):
  File "Code\Analysis\RunAnalysisControl.py", line 726, in set_pos
  File "Code\Databases\DBgames.py", line 1416, in save_game_recno
  File "Code\Databases\DBgames.py", line 1360, in modify
  File "Code\Databases\DBgames.py", line 760, in read_game_recno
  File "Code\Databases\DBgames.py", line 544, in read_complete_recno
IndexError: list index out of range
2026-08-09 02:37:37.637103
Traceback (most recent call last):
  File "Code\Analysis\RunAnalysisControl.py", line 726, in set_pos
  File "Code\Databases\DBgames.py", line 1416, in save_game_recno
  File "Code\Databases\DBgames.py", line 1360, in modify
  File "Code\Databases\DBgames.py", line 760, in read_game_recno
  File "Code\Databases\DBgames.py", line 544, in read_complete_recno
IndexError: list index out of range
2026-08-09 02:37:37.703071
Traceback (most recent call last):
  File "Code\Analysis\RunAnalysisControl.py", line 726, in set_pos
  File "Code\Databases\DBgames.py", line 1416, in save_game_recno
  File "Code\Databases\DBgames.py", line 1360, in modify
  File "Code\Databases\DBgames.py", line 760, in read_game_recno
  File "Code\Databases\DBgames.py", line 544, in read_complete_recno
IndexError: list index out of range
2026-08-09 02:37:37.757333
Traceback (most recent call last):
  File "Code\Analysis\RunAnalysisControl.py", line 726, in set_pos
  File "Code\Databases\DBgames.py", line 1416, in save_game_recno
  File "Code\Databases\DBgames.py", line 1360, in modify
  File "Code\Databases\DBgames.py", line 760, in read_game_recno
  File "Code\Databases\DBgames.py", line 544, in read_complete_recno
IndexError: list index out of range
2026-08-09 02:37:37.791122
Traceback (most recent call last):
  File "Code\Analysis\RunAnalysisControl.py", line 726, in set_pos
  File "Code\Databases\DBgames.py", line 1416, in save_game_recno
  File "Code\Databases\DBgames.py", line 1360, in modify
  File "Code\Databases\DBgames.py", line 760, in read_game_recno
  File "Code\Databases\DBgames.py", line 544, in read_complete_recno
IndexError: list index out of range
2026-08-09 02:37:37.933388
Traceback (most recent call last):
  File "Code\Analysis\RunAnalysisControl.py", line 726, in set_pos
  File "Code\Databases\DBgames.py", line 1416, in save_game_recno
  File "Code\Databases\DBgames.py", line 1360, in modify
  File "Code\Databases\DBgames.py", line 760, in read_game_recno
  File "Code\Databases\DBgames.py", line 544, in read_complete_recno
IndexError: list index out of range
2026-08-09 02:37:37.999534
Traceback (most recent call last):
  File "Code\Analysis\RunAnalysisControl.py", line 726, in set_pos
  File "Code\Databases\DBgames.py", line 1416, in save_game_recno
  File "Code\Databases\DBgames.py", line 1360, in modify
  File "Code\Databases\DBgames.py", line 760, in read_game_recno
  File "Code\Databases\DBgames.py", line 544, in read_complete_recno
IndexError: list index out of range
2026-08-09 02:37:38.066282
Traceback (most recent call last):
  File "Code\Analysis\RunAnalysisControl.py", line 726, in set_pos
  File "Code\Databases\DBgames.py", line 1416, in save_game_recno
  File "Code\Databases\DBgames.py", line 1360, in modify
  File "Code\Databases\DBgames.py", line 760, in read_game_recno
  File "Code\Databases\DBgames.py", line 544, in read_complete_recno
IndexError: list index out of range
2026-08-09 02:37:38.197173
Traceback (most recent call last):
  File "Code\Analysis\RunAnalysisControl.py", line 726, in set_pos
  File "Code\Databases\DBgames.py", line 1416, in save_game_recno
  File "Code\Databases\DBgames.py", line 1360, in modify
  File "Code\Databases\DBgames.py", line 760, in read_game_recno
  File "Code\Databases\DBgames.py", line 544, in read_complete_recno
IndexError: list index out of range
2026-08-09 02:37:38.342316
Traceback (most recent call last):
  File "Code\Analysis\RunAnalysisControl.py", line 726, in set_pos
  File "Code\Databases\DBgames.py", line 1416, in save_game_recno
  File "Code\Databases\DBgames.py", line 1360, in modify
  File "Code\Databases\DBgames.py", line 760, in read_game_recno
  File "Code\Databases\DBgames.py", line 544, in read_complete_recno
IndexError: list index out of range
2026-08-09 02:37:38.458530
Traceback (most recent call last):
  File "Code\Analysis\RunAnalysisControl.py", line 726, in set_pos
  File "Code\Databases\DBgames.py", line 1416, in save_game_recno
  File "Code\Databases\DBgames.py", line 1360, in modify
  File "Code\Databases\DBgames.py", line 760, in read_game_recno
  File "Code\Databases\DBgames.py", line 544, in read_complete_recno
IndexError: list index out of range
2026-08-09 02:37:38.480070
Traceback (most recent call last):
  File "Code\Analysis\RunAnalysisControl.py", line 726, in set_pos
  File "Code\Databases\DBgames.py", line 1416, in save_game_recno
  File "Code\Databases\DBgames.py", line 1360, in modify
  File "Code\Databases\DBgames.py", line 760, in read_game_recno
  File "Code\Databases\DBgames.py", line 544, in read_complete_recno
IndexError: list index out of range
2026-08-09 02:37:38.485333
Traceback (most recent call last):
  File "Code\Analysis\RunAnalysisControl.py", line 726, in set_pos
  File "Code\Databases\DBgames.py", line 1416, in save_game_recno
  File "Code\Databases\DBgames.py", line 1360, in modify
  File "Code\Databases\DBgames.py", line 760, in read_game_recno
  File "Code\Databases\DBgames.py", line 544, in read_complete_recno
IndexError: list index out of range
2026-08-09 02:37:38.665407
Traceback (most recent call last):
  File "Code\Analysis\RunAnalysisControl.py", line 726, in set_pos
  File "Code\Databases\DBgames.py", line 1416, in save_game_recno
  File "Code\Databases\DBgames.py", line 1360, in modify
  File "Code\Databases\DBgames.py", line 760, in read_game_recno
  File "Code\Databases\DBgames.py", line 544, in read_complete_recno
IndexError: list index out of range
2026-08-09 02:37:38.670408
Traceback (most recent call last):
  File "Code\Analysis\RunAnalysisControl.py", line 726, in set_pos
  File "Code\Databases\DBgames.py", line 1416, in save_game_recno
  File "Code\Databases\DBgames.py", line 1360, in modify
  File "Code\Databases\DBgames.py", line 760, in read_game_recno
  File "Code\Databases\DBgames.py", line 544, in read_complete_recno
IndexError: list index out of range
2026-08-09 02:37:38.725340
Traceback (most recent call last):
  File "Code\Analysis\RunAnalysisControl.py", line 726, in set_pos
  File "Code\Databases\DBgames.py", line 1416, in save_game_recno
  File "Code\Databases\DBgames.py", line 1360, in modify
  File "Code\Databases\DBgames.py", line 760, in read_game_recno
  File "Code\Databases\DBgames.py", line 544, in read_complete_recno
IndexError: list index out of range
2026-08-09 02:37:38.857310
Traceback (most recent call last):
  File "Code\Analysis\RunAnalysisControl.py", line 726, in set_pos
  File "Code\Databases\DBgames.py", line 1416, in save_game_recno
  File "Code\Databases\DBgames.py", line 1360, in modify
  File "Code\Databases\DBgames.py", line 760, in read_game_recno
  File "Code\Databases\DBgames.py", line 544, in read_complete_recno
IndexError: list index out of range
2026-08-09 02:37:38.969573
Traceback (most recent call last):
  File "Code\Analysis\RunAnalysisControl.py", line 726, in set_pos
  File "Code\Databases\DBgames.py", line 1416, in save_game_recno
  File "Code\Databases\DBgames.py", line 1360, in modify
  File "Code\Databases\DBgames.py", line 760, in read_game_recno
  File "Code\Databases\DBgames.py", line 544, in read_complete_recno
IndexError: list index out of range
2026-08-09 02:37:39.079913
Traceback (most recent call last):
  File "Code\Analysis\RunAnalysisControl.py", line 726, in set_pos
  File "Code\Databases\DBgames.py", line 1416, in save_game_recno
  File "Code\Databases\DBgames.py", line 1360, in modify
  File "Code\Databases\DBgames.py", line 760, in read_game_recno
  File "Code\Databases\DBgames.py", line 544, in read_complete_recno
IndexError: list index out of range
2026-08-09 02:37:39.204093
Traceback (most recent call last):
  File "Code\Analysis\RunAnalysisControl.py", line 726, in set_pos
  File "Code\Databases\DBgames.py", line 1416, in save_game_recno
  File "Code\Databases\DBgames.py", line 1360, in modify
  File "Code\Databases\DBgames.py", line 760, in read_game_recno
  File "Code\Databases\DBgames.py", line 544, in read_complete_recno
IndexError: list index out of range
2026-08-09 02:37:39.219292
Traceback (most recent call last):
  File "Code\Analysis\RunAnalysisControl.py", line 726, in set_pos
  File "Code\Databases\DBgames.py", line 1416, in save_game_recno
  File "Code\Databases\DBgames.py", line 1360, in modify
  File "Code\Databases\DBgames.py", line 760, in read_game_recno
  File "Code\Databases\DBgames.py", line 544, in read_complete_recno
IndexError: list index out of range
2026-08-09 02:37:39.286491
Traceback (most recent call last):
  File "Code\Analysis\RunAnalysisControl.py", line 726, in set_pos
  File "Code\Databases\DBgames.py", line 1416, in save_game_recno
  File "Code\Databases\DBgames.py", line 1360, in modify
  File "Code\Databases\DBgames.py", line 760, in read_game_recno
  File "Code\Databases\DBgames.py", line 544, in read_complete_recno
IndexError: list index out of range
2026-08-09 02:37:39.303758
Traceback (most recent call last):
  File "Code\Analysis\RunAnalysisControl.py", line 726, in set_pos
  File "Code\Databases\DBgames.py", line 1416, in save_game_recno
  File "Code\Databases\DBgames.py", line 1360, in modify
  File "Code\Databases\DBgames.py", line 760, in read_game_recno
  File "Code\Databases\DBgames.py", line 544, in read_complete_recno
IndexError: list index out of range
2026-08-09 02:37:39.320067
Traceback (most recent call last):
  File "Code\Analysis\RunAnalysisControl.py", line 726, in set_pos
  File "Code\Databases\DBgames.py", line 1416, in save_game_recno
  File "Code\Databases\DBgames.py", line 1360, in modify
  File "Code\Databases\DBgames.py", line 760, in read_game_recno
  File "Code\Databases\DBgames.py", line 544, in read_complete_recno
IndexError: list index out of range
2026-08-09 02:37:39.615256
Traceback (most recent call last):
  File "Code\Analysis\RunAnalysisControl.py", line 726, in set_pos
  File "Code\Databases\DBgames.py", line 1416, in save_game_recno
  File "Code\Databases\DBgames.py", line 1360, in modify
  File "Code\Databases\DBgames.py", line 760, in read_game_recno
  File "Code\Databases\DBgames.py", line 544, in read_complete_recno
IndexError: list index out of range
2026-08-09 02:37:39.621252
Traceback (most recent call last):
  File "Code\Analysis\RunAnalysisControl.py", line 726, in set_pos
  File "Code\Databases\DBgames.py", line 1416, in save_game_recno
  File "Code\Databases\DBgames.py", line 1360, in modify
  File "Code\Databases\DBgames.py", line 760, in read_game_recno
  File "Code\Databases\DBgames.py", line 544, in read_complete_recno
IndexError: list index out of range
2026-08-09 02:37:39.674246
Traceback (most recent call last):
  File "Code\Analysis\RunAnalysisControl.py", line 726, in set_pos
  File "Code\Databases\DBgames.py", line 1416, in save_game_recno
  File "Code\Databases\DBgames.py", line 1360, in modify
  File "Code\Databases\DBgames.py", line 760, in read_game_recno
  File "Code\Databases\DBgames.py", line 544, in read_complete_recno
IndexError: list index out of range
2026-08-09 02:37:39.679246
Traceback (most recent call last):
  File "Code\Analysis\RunAnalysisControl.py", line 726, in set_pos
  File "Code\Databases\DBgames.py", line 1416, in save_game_recno
  File "Code\Databases\DBgames.py", line 1360, in modify
  File "Code\Databases\DBgames.py", line 760, in read_game_recno
  File "Code\Databases\DBgames.py", line 544, in read_complete_recno
IndexError: list index out of range
2026-08-09 02:37:39.737527
Traceback (most recent call last):
  File "Code\Analysis\RunAnalysisControl.py", line 726, in set_pos
  File "Code\Databases\DBgames.py", line 1416, in save_game_recno
  File "Code\Databases\DBgames.py", line 1360, in modify
  File "Code\Databases\DBgames.py", line 760, in read_game_recno
  File "Code\Databases\DBgames.py", line 544, in read_complete_recno
IndexError: list index out of range
2026-08-09 02:37:39.756728
Traceback (most recent call last):
  File "Code\Analysis\RunAnalysisControl.py", line 726, in set_pos
  File "Code\Databases\DBgames.py", line 1416, in save_game_recno
  File "Code\Databases\DBgames.py", line 1360, in modify
  File "Code\Databases\DBgames.py", line 760, in read_game_recno
  File "Code\Databases\DBgames.py", line 544, in read_complete_recno
IndexError: list index out of range
2026-08-09 02:37:40.041267
Traceback (most recent call last):
  File "Code\Analysis\RunAnalysisControl.py", line 726, in set_pos
  File "Code\Databases\DBgames.py", line 1416, in save_game_recno
  File "Code\Databases\DBgames.py", line 1360, in modify
  File "Code\Databases\DBgames.py", line 760, in read_game_recno
  File "Code\Databases\DBgames.py", line 544, in read_complete_recno
IndexError: list index out of range
2026-08-09 02:37:40.120145
Traceback (most recent call last):
  File "Code\Analysis\RunAnalysisControl.py", line 726, in set_pos
  File "Code\Databases\DBgames.py", line 1416, in save_game_recno
  File "Code\Databases\DBgames.py", line 1360, in modify
  File "Code\Databases\DBgames.py", line 760, in read_game_recno
  File "Code\Databases\DBgames.py", line 544, in read_complete_recno
IndexError: list index out of range
2026-08-09 02:37:40.138780
Traceback (most recent call last):
  File "Code\Analysis\RunAnalysisControl.py", line 726, in set_pos
  File "Code\Databases\DBgames.py", line 1416, in save_game_recno
  File "Code\Databases\DBgames.py", line 1360, in modify
  File "Code\Databases\DBgames.py", line 760, in read_game_recno
  File "Code\Databases\DBgames.py", line 544, in read_complete_recno
IndexError: list index out of range
2026-08-09 02:37:40.152401
Traceback (most recent call last):
  File "Code\Analysis\RunAnalysisControl.py", line 726, in set_pos
  File "Code\Databases\DBgames.py", line 1416, in save_game_recno
  File "Code\Databases\DBgames.py", line 1360, in modify
  File "Code\Databases\DBgames.py", line 760, in read_game_recno
  File "Code\Databases\DBgames.py", line 544, in read_complete_recno
IndexError: list index out of range
2026-08-09 02:37:40.215984
Traceback (most recent call last):
  File "Code\Analysis\RunAnalysisControl.py", line 726, in set_pos
  File "Code\Databases\DBgames.py", line 1416, in save_game_recno
  File "Code\Databases\DBgames.py", line 1360, in modify
  File "Code\Databases\DBgames.py", line 760, in read_game_recno
  File "Code\Databases\DBgames.py", line 544, in read_complete_recno
IndexError: list index out of range
2026-08-09 02:37:40.264077
Traceback (most recent call last):
  File "Code\Analysis\RunAnalysisControl.py", line 726, in set_pos
  File "Code\Databases\DBgames.py", line 1416, in save_game_recno
  File "Code\Databases\DBgames.py", line 1360, in modify
  File "Code\Databases\DBgames.py", line 760, in read_game_recno
  File "Code\Databases\DBgames.py", line 544, in read_complete_recno
IndexError: list index out of range
2026-08-09 02:37:40.284431
Traceback (most recent call last):
  File "Code\Analysis\RunAnalysisControl.py", line 726, in set_pos
  File "Code\Databases\DBgames.py", line 1416, in save_game_recno
  File "Code\Databases\DBgames.py", line 1360, in modify
  File "Code\Databases\DBgames.py", line 760, in read_game_recno
  File "Code\Databases\DBgames.py", line 544, in read_complete_recno
IndexError: list index out of range
2026-08-09 02:37:40.499288
Traceback (most recent call last):
  File "Code\Analysis\RunAnalysisControl.py", line 726, in set_pos
  File "Code\Databases\DBgames.py", line 1416, in save_game_recno
  File "Code\Databases\DBgames.py", line 1360, in modify
  File "Code\Databases\DBgames.py", line 760, in read_game_recno
  File "Code\Databases\DBgames.py", line 544, in read_complete_recno
IndexError: list index out of range
2026-08-09 02:37:40.524704
Traceback (most recent call last):
  File "Code\Analysis\RunAnalysisControl.py", line 726, in set_pos
  File "Code\Databases\DBgames.py", line 1416, in save_game_recno
  File "Code\Databases\DBgames.py", line 1360, in modify
  File "Code\Databases\DBgames.py", line 760, in read_game_recno
  File "Code\Databases\DBgames.py", line 544, in read_complete_recno
IndexError: list index out of range
2026-08-09 02:37:40.530027
Traceback (most recent call last):
  File "Code\Analysis\RunAnalysisControl.py", line 726, in set_pos
  File "Code\Databases\DBgames.py", line 1416, in save_game_recno
  File "Code\Databases\DBgames.py", line 1360, in modify
  File "Code\Databases\DBgames.py", line 760, in read_game_recno
  File "Code\Databases\DBgames.py", line 544, in read_complete_recno
IndexError: list index out of range
2026-08-09 02:37:40.634202
Traceback (most recent call last):
  File "Code\Analysis\RunAnalysisControl.py", line 726, in set_pos
  File "Code\Databases\DBgames.py", line 1416, in save_game_recno
  File "Code\Databases\DBgames.py", line 1360, in modify
  File "Code\Databases\DBgames.py", line 760, in read_game_recno
  File "Code\Databases\DBgames.py", line 544, in read_complete_recno
IndexError: list index out of range
2026-08-09 02:37:40.641202
Traceback (most recent call last):
  File "Code\Analysis\RunAnalysisControl.py", line 726, in set_pos
  File "Code\Databases\DBgames.py", line 1416, in save_game_recno
  File "Code\Databases\DBgames.py", line 1360, in modify
  File "Code\Databases\DBgames.py", line 760, in read_game_recno
  File "Code\Databases\DBgames.py", line 544, in read_complete_recno
IndexError: list index out of range
2026-08-09 02:37:40.840738
Traceback (most recent call last):
  File "Code\Analysis\RunAnalysisControl.py", line 726, in set_pos
  File "Code\Databases\DBgames.py", line 1416, in save_game_recno
  File "Code\Databases\DBgames.py", line 1360, in modify
  File "Code\Databases\DBgames.py", line 760, in read_game_recno
  File "Code\Databases\DBgames.py", line 544, in read_complete_recno
IndexError: list index out of range
2026-08-09 02:37:40.899022
Traceback (most recent call last):
  File "Code\Analysis\RunAnalysisControl.py", line 726, in set_pos
  File "Code\Databases\DBgames.py", line 1416, in save_game_recno
  File "Code\Databases\DBgames.py", line 1360, in modify
  File "Code\Databases\DBgames.py", line 760, in read_game_recno
  File "Code\Databases\DBgames.py", line 544, in read_complete_recno
IndexError: list index out of range
2026-08-09 02:37:40.963663
Traceback (most recent call last):
  File "Code\Analysis\RunAnalysisControl.py", line 726, in set_pos
  File "Code\Databases\DBgames.py", line 1416, in save_game_recno
  File "Code\Databases\DBgames.py", line 1360, in modify
  File "Code\Databases\DBgames.py", line 760, in read_game_recno
  File "Code\Databases\DBgames.py", line 544, in read_complete_recno
IndexError: list index out of range
2026-08-09 02:37:41.027619
Traceback (most recent call last):
  File "Code\Analysis\RunAnalysisControl.py", line 726, in set_pos
  File "Code\Databases\DBgames.py", line 1416, in save_game_recno
  File "Code\Databases\DBgames.py", line 1360, in modify
  File "Code\Databases\DBgames.py", line 760, in read_game_recno
  File "Code\Databases\DBgames.py", line 544, in read_complete_recno
IndexError: list index out of range
2026-08-09 02:37:41.041128
Traceback (most recent call last):
  File "Code\Analysis\RunAnalysisControl.py", line 726, in set_pos
  File "Code\Databases\DBgames.py", line 1416, in save_game_recno
  File "Code\Databases\DBgames.py", line 1360, in modify
  File "Code\Databases\DBgames.py", line 760, in read_game_recno
  File "Code\Databases\DBgames.py", line 544, in read_complete_recno
IndexError: list index out of range
2026-08-09 02:37:41.049655
Traceback (most recent call last):
  File "Code\Analysis\RunAnalysisControl.py", line 726, in set_pos
  File "Code\Databases\DBgames.py", line 1416, in save_game_recno
  File "Code\Databases\DBgames.py", line 1360, in modify
  File "Code\Databases\DBgames.py", line 760, in read_game_recno
  File "Code\Databases\DBgames.py", line 544, in read_complete_recno
IndexError: list index out of range
2026-08-09 02:37:41.221650
Traceback (most recent call last):
  File "Code\Analysis\RunAnalysisControl.py", line 726, in set_pos
  File "Code\Databases\DBgames.py", line 1416, in save_game_recno
  File "Code\Databases\DBgames.py", line 1360, in modify
  File "Code\Databases\DBgames.py", line 760, in read_game_recno
  File "Code\Databases\DBgames.py", line 544, in read_complete_recno
IndexError: list index out of range
2026-08-09 02:37:41.405890
Traceback (most recent call last):
  File "Code\Analysis\RunAnalysisControl.py", line 726, in set_pos
  File "Code\Databases\DBgames.py", line 1416, in save_game_recno
  File "Code\Databases\DBgames.py", line 1360, in modify
  File "Code\Databases\DBgames.py", line 760, in read_game_recno
  File "Code\Databases\DBgames.py", line 544, in read_complete_recno
IndexError: list index out of range
2026-08-09 02:37:41.411889
Traceback (most recent call last):
  File "Code\Analysis\RunAnalysisControl.py", line 726, in set_pos
  File "Code\Databases\DBgames.py", line 1416, in save_game_recno
  File "Code\Databases\DBgames.py", line 1360, in modify
  File "Code\Databases\DBgames.py", line 760, in read_game_recno
  File "Code\Databases\DBgames.py", line 544, in read_complete_recno
IndexError: list index out of range
2026-08-09 02:37:41.467999
Traceback (most recent call last):
  File "Code\Analysis\RunAnalysisControl.py", line 726, in set_pos
  File "Code\Databases\DBgames.py", line 1416, in save_game_recno
  File "Code\Databases\DBgames.py", line 1360, in modify
  File "Code\Databases\DBgames.py", line 760, in read_game_recno
  File "Code\Databases\DBgames.py", line 544, in read_complete_recno
IndexError: list index out of range
2026-08-09 02:37:41.509080
Traceback (most recent call last):
  File "Code\Analysis\RunAnalysisControl.py", line 726, in set_pos
  File "Code\Databases\DBgames.py", line 1416, in save_game_recno
  File "Code\Databases\DBgames.py", line 1360, in modify
  File "Code\Databases\DBgames.py", line 760, in read_game_recno
  File "Code\Databases\DBgames.py", line 544, in read_complete_recno
IndexError: list index out of range
2026-08-09 02:37:41.514416
Traceback (most recent call last):
  File "Code\Analysis\RunAnalysisControl.py", line 726, in set_pos
  File "Code\Databases\DBgames.py", line 1416, in save_game_recno
  File "Code\Databases\DBgames.py", line 1360, in modify
  File "Code\Databases\DBgames.py", line 760, in read_game_recno
  File "Code\Databases\DBgames.py", line 544, in read_complete_recno
IndexError: list index out of range
2026-08-09 02:37:41.730730
Traceback (most recent call last):
  File "Code\Analysis\RunAnalysisControl.py", line 726, in set_pos
  File "Code\Databases\DBgames.py", line 1416, in save_game_recno
  File "Code\Databases\DBgames.py", line 1360, in modify
  File "Code\Databases\DBgames.py", line 760, in read_game_recno
  File "Code\Databases\DBgames.py", line 544, in read_complete_recno
IndexError: list index out of range
2026-08-09 02:37:41.839880
Traceback (most recent call last):
  File "Code\Analysis\RunAnalysisControl.py", line 726, in set_pos
  File "Code\Databases\DBgames.py", line 1416, in save_game_recno
  File "Code\Databases\DBgames.py", line 1360, in modify
  File "Code\Databases\DBgames.py", line 760, in read_game_recno
  File "Code\Databases\DBgames.py", line 544, in read_complete_recno
IndexError: list index out of range
2026-08-09 02:37:41.998654
Traceback (most recent call last):
  File "Code\Analysis\RunAnalysisControl.py", line 726, in set_pos
  File "Code\Databases\DBgames.py", line 1416, in save_game_recno
  File "Code\Databases\DBgames.py", line 1360, in modify
  File "Code\Databases\DBgames.py", line 760, in read_game_recno
  File "Code\Databases\DBgames.py", line 544, in read_complete_recno
IndexError: list index out of range
2026-08-09 02:37:42.063719
Traceback (most recent call last):
  File "Code\Analysis\RunAnalysisControl.py", line 726, in set_pos
  File "Code\Databases\DBgames.py", line 1416, in save_game_recno
  File "Code\Databases\DBgames.py", line 1360, in modify
  File "Code\Databases\DBgames.py", line 760, in read_game_recno
  File "Code\Databases\DBgames.py", line 544, in read_complete_recno
IndexError: list index out of range
2026-08-09 02:37:42.070720
Traceback (most recent call last):
  File "Code\Analysis\RunAnalysisControl.py", line 726, in set_pos
  File "Code\Databases\DBgames.py", line 1416, in save_game_recno
  File "Code\Databases\DBgames.py", line 1360, in modify
  File "Code\Databases\DBgames.py", line 760, in read_game_recno
  File "Code\Databases\DBgames.py", line 544, in read_complete_recno
IndexError: list index out of range
2026-08-09 02:37:42.126719
Traceback (most recent call last):
  File "Code\Analysis\RunAnalysisControl.py", line 726, in set_pos
  File "Code\Databases\DBgames.py", line 1416, in save_game_recno
  File "Code\Databases\DBgames.py", line 1360, in modify
  File "Code\Databases\DBgames.py", line 760, in read_game_recno
  File "Code\Databases\DBgames.py", line 544, in read_complete_recno
IndexError: list index out of range
2026-08-09 02:37:42.311803
Traceback (most recent call last):
  File "Code\Analysis\RunAnalysisControl.py", line 726, in set_pos
  File "Code\Databases\DBgames.py", line 1416, in save_game_recno
  File "Code\Databases\DBgames.py", line 1360, in modify
  File "Code\Databases\DBgames.py", line 760, in read_game_recno
  File "Code\Databases\DBgames.py", line 544, in read_complete_recno
IndexError: list index out of range
2026-08-09 02:37:42.385745
Traceback (most recent call last):
  File "Code\Analysis\RunAnalysisControl.py", line 726, in set_pos
  File "Code\Databases\DBgames.py", line 1416, in save_game_recno
  File "Code\Databases\DBgames.py", line 1360, in modify
  File "Code\Databases\DBgames.py", line 760, in read_game_recno
  File "Code\Databases\DBgames.py", line 544, in read_complete_recno
IndexError: list index out of range
2026-08-09 02:37:42.393271
Traceback (most recent call last):
  File "Code\Analysis\RunAnalysisControl.py", line 726, in set_pos
  File "Code\Databases\DBgames.py", line 1416, in save_game_recno
  File "Code\Databases\DBgames.py", line 1360, in modify
  File "Code\Databases\DBgames.py", line 760, in read_game_recno
  File "Code\Databases\DBgames.py", line 544, in read_complete_recno
IndexError: list index out of range
2026-08-09 02:37:42.565402
Traceback (most recent call last):
  File "Code\Analysis\RunAnalysisControl.py", line 726, in set_pos
  File "Code\Databases\DBgames.py", line 1416, in save_game_recno
  File "Code\Databases\DBgames.py", line 1360, in modify
  File "Code\Databases\DBgames.py", line 760, in read_game_recno
  File "Code\Databases\DBgames.py", line 544, in read_complete_recno
IndexError: list index out of range
2026-08-09 02:37:42.613192
Traceback (most recent call last):
  File "Code\Analysis\RunAnalysisControl.py", line 726, in set_pos
  File "Code\Databases\DBgames.py", line 1416, in save_game_recno
  File "Code\Databases\DBgames.py", line 1360, in modify
  File "Code\Databases\DBgames.py", line 760, in read_game_recno
  File "Code\Databases\DBgames.py", line 544, in read_complete_recno
IndexError: list index out of range
2026-08-09 02:37:42.750945
Traceback (most recent call last):
  File "Code\Analysis\RunAnalysisControl.py", line 726, in set_pos
  File "Code\Databases\DBgames.py", line 1416, in save_game_recno
  File "Code\Databases\DBgames.py", line 1360, in modify
  File "Code\Databases\DBgames.py", line 760, in read_game_recno
  File "Code\Databases\DBgames.py", line 544, in read_complete_recno
IndexError: list index out of range
2026-08-09 02:37:42.780403
Traceback (most recent call last):
  File "Code\Analysis\RunAnalysisControl.py", line 726, in set_pos
  File "Code\Databases\DBgames.py", line 1416, in save_game_recno
  File "Code\Databases\DBgames.py", line 1360, in modify
  File "Code\Databases\DBgames.py", line 760, in read_game_recno
  File "Code\Databases\DBgames.py", line 544, in read_complete_recno
IndexError: list index out of range
2026-08-09 02:37:42.959630
Traceback (most recent call last):
  File "Code\Analysis\RunAnalysisControl.py", line 726, in set_pos
  File "Code\Databases\DBgames.py", line 1416, in save_game_recno
  File "Code\Databases\DBgames.py", line 1360, in modify
  File "Code\Databases\DBgames.py", line 760, in read_game_recno
  File "Code\Databases\DBgames.py", line 544, in read_complete_recno
IndexError: list index out of range
2026-08-09 02:37:43.021174
Traceback (most recent call last):
  File "Code\Analysis\RunAnalysisControl.py", line 726, in set_pos
  File "Code\Databases\DBgames.py", line 1416, in save_game_recno
  File "Code\Databases\DBgames.py", line 1360, in modify
  File "Code\Databases\DBgames.py", line 760, in read_game_recno
  File "Code\Databases\DBgames.py", line 544, in read_complete_recno
IndexError: list index out of range
2026-08-09 02:37:43.105636
Traceback (most recent call last):
  File "Code\Analysis\RunAnalysisControl.py", line 726, in set_pos
  File "Code\Databases\DBgames.py", line 1416, in save_game_recno
  File "Code\Databases\DBgames.py", line 1360, in modify
  File "Code\Databases\DBgames.py", line 760, in read_game_recno
  File "Code\Databases\DBgames.py", line 544, in read_complete_recno
IndexError: list index out of range
2026-08-09 02:37:43.209502
Traceback (most recent call last):
  File "Code\Analysis\RunAnalysisControl.py", line 726, in set_pos
  File "Code\Databases\DBgames.py", line 1416, in save_game_recno
  File "Code\Databases\DBgames.py", line 1360, in modify
  File "Code\Databases\DBgames.py", line 760, in read_game_recno
  File "Code\Databases\DBgames.py", line 544, in read_complete_recno
IndexError: list index out of range
2026-08-09 02:37:43.233046
Traceback (most recent call last):
  File "Code\Analysis\RunAnalysisControl.py", line 726, in set_pos
  File "Code\Databases\DBgames.py", line 1416, in save_game_recno
  File "Code\Databases\DBgames.py", line 1360, in modify
  File "Code\Databases\DBgames.py", line 760, in read_game_recno
  File "Code\Databases\DBgames.py", line 544, in read_complete_recno
IndexError: list index out of range
2026-08-09 02:37:43.407637
Traceback (most recent call last):
  File "Code\Analysis\RunAnalysisControl.py", line 726, in set_pos
  File "Code\Databases\DBgames.py", line 1416, in save_game_recno
  File "Code\Databases\DBgames.py", line 1360, in modify
  File "Code\Databases\DBgames.py", line 760, in read_game_recno
  File "Code\Databases\DBgames.py", line 544, in read_complete_recno
IndexError: list index out of range
2026-08-09 02:37:43.594718
Traceback (most recent call last):
  File "Code\Analysis\RunAnalysisControl.py", line 726, in set_pos
  File "Code\Databases\DBgames.py", line 1416, in save_game_recno
  File "Code\Databases\DBgames.py", line 1360, in modify
  File "Code\Databases\DBgames.py", line 760, in read_game_recno
  File "Code\Databases\DBgames.py", line 544, in read_complete_recno
IndexError: list index out of range
2026-08-09 02:37:43.619745
Traceback (most recent call last):
  File "Code\Analysis\RunAnalysisControl.py", line 726, in set_pos
  File "Code\Databases\DBgames.py", line 1416, in save_game_recno
  File "Code\Databases\DBgames.py", line 1360, in modify
  File "Code\Databases\DBgames.py", line 760, in read_game_recno
  File "Code\Databases\DBgames.py", line 544, in read_complete_recno
IndexError: list index out of range
2026-08-09 02:37:43.786307
Traceback (most recent call last):
  File "Code\Analysis\RunAnalysisControl.py", line 726, in set_pos
  File "Code\Databases\DBgames.py", line 1416, in save_game_recno
  File "Code\Databases\DBgames.py", line 1360, in modify
  File "Code\Databases\DBgames.py", line 760, in read_game_recno
  File "Code\Databases\DBgames.py", line 544, in read_complete_recno
IndexError: list index out of range
2026-08-09 02:37:43.794784
Traceback (most recent call last):
  File "Code\Analysis\RunAnalysisControl.py", line 726, in set_pos
  File "Code\Databases\DBgames.py", line 1416, in save_game_recno
  File "Code\Databases\DBgames.py", line 1360, in modify
  File "Code\Databases\DBgames.py", line 760, in read_game_recno
  File "Code\Databases\DBgames.py", line 544, in read_complete_recno
IndexError: list index out of range
2026-08-09 02:37:43.837884
Traceback (most recent call last):
  File "Code\Analysis\RunAnalysisControl.py", line 726, in set_pos
  File "Code\Databases\DBgames.py", line 1416, in save_game_recno
  File "Code\Databases\DBgames.py", line 1360, in modify
  File "Code\Databases\DBgames.py", line 760, in read_game_recno
  File "Code\Databases\DBgames.py", line 544, in read_complete_recno
IndexError: list index out of range
2026-08-09 02:37:43.900935
Traceback (most recent call last):
  File "Code\Analysis\RunAnalysisControl.py", line 726, in set_pos
  File "Code\Databases\DBgames.py", line 1416, in save_game_recno
  File "Code\Databases\DBgames.py", line 1360, in modify
  File "Code\Databases\DBgames.py", line 760, in read_game_recno
  File "Code\Databases\DBgames.py", line 544, in read_complete_recno
IndexError: list index out of range
2026-08-09 02:37:44.166673
Traceback (most recent call last):
  File "Code\Analysis\RunAnalysisControl.py", line 726, in set_pos
  File "Code\Databases\DBgames.py", line 1416, in save_game_recno
  File "Code\Databases\DBgames.py", line 1360, in modify
  File "Code\Databases\DBgames.py", line 760, in read_game_recno
  File "Code\Databases\DBgames.py", line 544, in read_complete_recno
IndexError: list index out of range
2026-08-09 02:37:44.246620
Traceback (most recent call last):
  File "Code\Analysis\RunAnalysisControl.py", line 726, in set_pos
  File "Code\Databases\DBgames.py", line 1416, in save_game_recno
  File "Code\Databases\DBgames.py", line 1360, in modify
  File "Code\Databases\DBgames.py", line 760, in read_game_recno
  File "Code\Databases\DBgames.py", line 544, in read_complete_recno
IndexError: list index out of range
2026-08-09 02:37:44.308007
Traceback (most recent call last):
  File "Code\Analysis\RunAnalysisControl.py", line 726, in set_pos
  File "Code\Databases\DBgames.py", line 1416, in save_game_recno
  File "Code\Databases\DBgames.py", line 1360, in modify
  File "Code\Databases\DBgames.py", line 760, in read_game_recno
  File "Code\Databases\DBgames.py", line 544, in read_complete_recno
IndexError: list index out of range
2026-08-09 02:37:44.315496
Traceback (most recent call last):
  File "Code\Analysis\RunAnalysisControl.py", line 726, in set_pos
  File "Code\Databases\DBgames.py", line 1416, in save_game_recno
  File "Code\Databases\DBgames.py", line 1360, in modify
  File "Code\Databases\DBgames.py", line 760, in read_game_recno
  File "Code\Databases\DBgames.py", line 544, in read_complete_recno
IndexError: list index out of range
2026-08-09 02:37:44.344506
Traceback (most recent call last):
  File "Code\Analysis\RunAnalysisControl.py", line 726, in set_pos
  File "Code\Databases\DBgames.py", line 1416, in save_game_recno
  File "Code\Databases\DBgames.py", line 1360, in modify
  File "Code\Databases\DBgames.py", line 760, in read_game_recno
  File "Code\Databases\DBgames.py", line 544, in read_complete_recno
IndexError: list index out of range
2026-08-09 02:37:44.503096
Traceback (most recent call last):
  File "Code\Analysis\RunAnalysisControl.py", line 726, in set_pos
  File "Code\Databases\DBgames.py", line 1416, in save_game_recno
  File "Code\Databases\DBgames.py", line 1360, in modify
  File "Code\Databases\DBgames.py", line 760, in read_game_recno
  File "Code\Databases\DBgames.py", line 544, in read_complete_recno
IndexError: list index out of range
2026-08-09 02:37:44.579009
Traceback (most recent call last):
  File "Code\Analysis\RunAnalysisControl.py", line 726, in set_pos
  File "Code\Databases\DBgames.py", line 1416, in save_game_recno
  File "Code\Databases\DBgames.py", line 1360, in modify
  File "Code\Databases\DBgames.py", line 760, in read_game_recno
  File "Code\Databases\DBgames.py", line 544, in read_complete_recno
IndexError: list index out of range
2026-08-09 02:37:44.588009
Traceback (most recent call last):
  File "Code\Analysis\RunAnalysisControl.py", line 726, in set_pos
  File "Code\Databases\DBgames.py", line 1416, in save_game_recno
  File "Code\Databases\DBgames.py", line 1360, in modify
  File "Code\Databases\DBgames.py", line 760, in read_game_recno
  File "Code\Databases\DBgames.py", line 544, in read_complete_recno
IndexError: list index out of range
2026-08-09 02:37:44.652121
Traceback (most recent call last):
  File "Code\Analysis\RunAnalysisControl.py", line 726, in set_pos
  File "Code\Databases\DBgames.py", line 1416, in save_game_recno
  File "Code\Databases\DBgames.py", line 1360, in modify
  File "Code\Databases\DBgames.py", line 760, in read_game_recno
  File "Code\Databases\DBgames.py", line 544, in read_complete_recno
IndexError: list index out of range
2026-08-09 02:37:44.693122
Traceback (most recent call last):
  File "Code\Analysis\RunAnalysisControl.py", line 726, in set_pos
  File "Code\Databases\DBgames.py", line 1416, in save_game_recno
  File "Code\Databases\DBgames.py", line 1360, in modify
  File "Code\Databases\DBgames.py", line 760, in read_game_recno
  File "Code\Databases\DBgames.py", line 544, in read_complete_recno
IndexError: list index out of range
2026-08-09 02:37:44.906481
Traceback (most recent call last):
  File "Code\Analysis\RunAnalysisControl.py", line 726, in set_pos
  File "Code\Databases\DBgames.py", line 1416, in save_game_recno
  File "Code\Databases\DBgames.py", line 1360, in modify
  File "Code\Databases\DBgames.py", line 760, in read_game_recno
  File "Code\Databases\DBgames.py", line 544, in read_complete_recno
IndexError: list index out of range
2026-08-09 02:37:45.120800
Traceback (most recent call last):
  File "Code\Analysis\RunAnalysisControl.py", line 726, in set_pos
  File "Code\Databases\DBgames.py", line 1416, in save_game_recno
  File "Code\Databases\DBgames.py", line 1360, in modify
  File "Code\Databases\DBgames.py", line 760, in read_game_recno
  File "Code\Databases\DBgames.py", line 544, in read_complete_recno
IndexError: list index out of range
2026-08-09 02:37:45.140892
Traceback (most recent call last):
  File "Code\Analysis\RunAnalysisControl.py", line 726, in set_pos
  File "Code\Databases\DBgames.py", line 1416, in save_game_recno
  File "Code\Databases\DBgames.py", line 1360, in modify
  File "Code\Databases\DBgames.py", line 760, in read_game_recno
  File "Code\Databases\DBgames.py", line 544, in read_complete_recno
IndexError: list index out of range
2026-08-09 02:37:45.165065
Traceback (most recent call last):
  File "Code\Analysis\RunAnalysisControl.py", line 726, in set_pos
  File "Code\Databases\DBgames.py", line 1416, in save_game_recno
  File "Code\Databases\DBgames.py", line 1360, in modify
  File "Code\Databases\DBgames.py", line 760, in read_game_recno
  File "Code\Databases\DBgames.py", line 544, in read_complete_recno
IndexError: list index out of range
2026-08-09 02:37:45.169861
Traceback (most recent call last):
  File "Code\Analysis\RunAnalysisControl.py", line 726, in set_pos
  File "Code\Databases\DBgames.py", line 1416, in save_game_recno
  File "Code\Databases\DBgames.py", line 1360, in modify
  File "Code\Databases\DBgames.py", line 760, in read_game_recno
  File "Code\Databases\DBgames.py", line 544, in read_complete_recno
IndexError: list index out of range
2026-08-09 02:37:45.230003
Traceback (most recent call last):
  File "Code\Analysis\RunAnalysisControl.py", line 726, in set_pos
  File "Code\Databases\DBgames.py", line 1416, in save_game_recno
  File "Code\Databases\DBgames.py", line 1360, in modify
  File "Code\Databases\DBgames.py", line 760, in read_game_recno
  File "Code\Databases\DBgames.py", line 544, in read_complete_recno
IndexError: list index out of range
2026-08-09 02:37:45.498368
Traceback (most recent call last):
  File "Code\Analysis\RunAnalysisControl.py", line 726, in set_pos
  File "Code\Databases\DBgames.py", line 1416, in save_game_recno
  File "Code\Databases\DBgames.py", line 1360, in modify
  File "Code\Databases\DBgames.py", line 760, in read_game_recno
  File "Code\Databases\DBgames.py", line 544, in read_complete_recno
IndexError: list index out of range
2026-08-09 02:37:45.535465
Traceback (most recent call last):
  File "Code\Analysis\RunAnalysisControl.py", line 726, in set_pos
  File "Code\Databases\DBgames.py", line 1416, in save_game_recno
  File "Code\Databases\DBgames.py", line 1360, in modify
  File "Code\Databases\DBgames.py", line 760, in read_game_recno
  File "Code\Databases\DBgames.py", line 544, in read_complete_recno
IndexError: list index out of range
2026-08-09 02:37:45.541086
Traceback (most recent call last):
  File "Code\Analysis\RunAnalysisControl.py", line 726, in set_pos
  File "Code\Databases\DBgames.py", line 1416, in save_game_recno
  File "Code\Databases\DBgames.py", line 1360, in modify
  File "Code\Databases\DBgames.py", line 760, in read_game_recno
  File "Code\Databases\DBgames.py", line 544, in read_complete_recno
IndexError: list index out of range
2026-08-09 02:37:45.737300
Traceback (most recent call last):
  File "Code\Analysis\RunAnalysisControl.py", line 726, in set_pos
  File "Code\Databases\DBgames.py", line 1416, in save_game_recno
  File "Code\Databases\DBgames.py", line 1360, in modify
  File "Code\Databases\DBgames.py", line 760, in read_game_recno
  File "Code\Databases\DBgames.py", line 544, in read_complete_recno
IndexError: list index out of range
2026-08-09 02:37:45.764240
Traceback (most recent call last):
  File "Code\Analysis\RunAnalysisControl.py", line 726, in set_pos
  File "Code\Databases\DBgames.py", line 1416, in save_game_recno
  File "Code\Databases\DBgames.py", line 1360, in modify
  File "Code\Databases\DBgames.py", line 760, in read_game_recno
  File "Code\Databases\DBgames.py", line 544, in read_complete_recno
IndexError: list index out of range
2026-08-09 02:37:45.808832
Traceback (most recent call last):
  File "Code\Analysis\RunAnalysisControl.py", line 726, in set_pos
  File "Code\Databases\DBgames.py", line 1416, in save_game_recno
  File "Code\Databases\DBgames.py", line 1360, in modify
  File "Code\Databases\DBgames.py", line 760, in read_game_recno
  File "Code\Databases\DBgames.py", line 544, in read_complete_recno
IndexError: list index out of range
2026-08-09 02:37:45.940194
Traceback (most recent call last):
  File "Code\Analysis\RunAnalysisControl.py", line 726, in set_pos
  File "Code\Databases\DBgames.py", line 1416, in save_game_recno
  File "Code\Databases\DBgames.py", line 1360, in modify
  File "Code\Databases\DBgames.py", line 760, in read_game_recno
  File "Code\Databases\DBgames.py", line 544, in read_complete_recno
IndexError: list index out of range
2026-08-09 02:37:46.135601
Traceback (most recent call last):
  File "Code\Analysis\RunAnalysisControl.py", line 726, in set_pos
  File "Code\Databases\DBgames.py", line 1416, in save_game_recno
  File "Code\Databases\DBgames.py", line 1360, in modify
  File "Code\Databases\DBgames.py", line 760, in read_game_recno
  File "Code\Databases\DBgames.py", line 544, in read_complete_recno
IndexError: list index out of range
2026-08-09 02:37:46.165932
Traceback (most recent call last):
  File "Code\Analysis\RunAnalysisControl.py", line 726, in set_pos
  File "Code\Databases\DBgames.py", line 1416, in save_game_recno
  File "Code\Databases\DBgames.py", line 1360, in modify
  File "Code\Databases\DBgames.py", line 760, in read_game_recno
  File "Code\Databases\DBgames.py", line 544, in read_complete_recno
IndexError: list index out of range
2026-08-09 02:37:46.171248
Traceback (most recent call last):
  File "Code\Analysis\RunAnalysisControl.py", line 726, in set_pos
  File "Code\Databases\DBgames.py", line 1416, in save_game_recno
  File "Code\Databases\DBgames.py", line 1360, in modify
  File "Code\Databases\DBgames.py", line 760, in read_game_recno
  File "Code\Databases\DBgames.py", line 544, in read_complete_recno
IndexError: list index out of range
2026-08-09 02:37:46.223298
Traceback (most recent call last):
  File "Code\Analysis\RunAnalysisControl.py", line 726, in set_pos
  File "Code\Databases\DBgames.py", line 1416, in save_game_recno
  File "Code\Databases\DBgames.py", line 1360, in modify
  File "Code\Databases\DBgames.py", line 760, in read_game_recno
  File "Code\Databases\DBgames.py", line 544, in read_complete_recno
IndexError: list index out of range
2026-08-09 02:37:46.248957
Traceback (most recent call last):
  File "Code\Analysis\RunAnalysisControl.py", line 726, in set_pos
  File "Code\Databases\DBgames.py", line 1416, in save_game_recno
  File "Code\Databases\DBgames.py", line 1360, in modify
  File "Code\Databases\DBgames.py", line 760, in read_game_recno
  File "Code\Databases\DBgames.py", line 544, in read_complete_recno
IndexError: list index out of range
2026-08-09 02:37:46.963233
Traceback (most recent call last):
  File "Code\Analysis\RunAnalysisControl.py", line 726, in set_pos
  File "Code\Databases\DBgames.py", line 1416, in save_game_recno
  File "Code\Databases\DBgames.py", line 1360, in modify
  File "Code\Databases\DBgames.py", line 760, in read_game_recno
  File "Code\Databases\DBgames.py", line 544, in read_complete_recno
IndexError: list index out of range
2026-08-09 02:37:46.978385
Traceback (most recent call last):
  File "Code\Analysis\RunAnalysisControl.py", line 726, in set_pos
  File "Code\Databases\DBgames.py", line 1416, in save_game_recno
  File "Code\Databases\DBgames.py", line 1360, in modify
  File "Code\Databases\DBgames.py", line 760, in read_game_recno
  File "Code\Databases\DBgames.py", line 544, in read_complete_recno
IndexError: list index out of range
2026-08-09 02:37:46.985387
Traceback (most recent call last):
  File "Code\Analysis\RunAnalysisControl.py", line 726, in set_pos
  File "Code\Databases\DBgames.py", line 1416, in save_game_recno
  File "Code\Databases\DBgames.py", line 1360, in modify
  File "Code\Databases\DBgames.py", line 760, in read_game_recno
  File "Code\Databases\DBgames.py", line 544, in read_complete_recno
IndexError: list index out of range
2026-08-09 02:37:47.044792
Traceback (most recent call last):
  File "Code\Analysis\RunAnalysisControl.py", line 726, in set_pos
  File "Code\Databases\DBgames.py", line 1416, in save_game_recno
  File "Code\Databases\DBgames.py", line 1360, in modify
  File "Code\Databases\DBgames.py", line 760, in read_game_recno
  File "Code\Databases\DBgames.py", line 544, in read_complete_recno
IndexError: list index out of range
2026-08-09 02:37:47.071454
Traceback (most recent call last):
  File "Code\Analysis\RunAnalysisControl.py", line 726, in set_pos
  File "Code\Databases\DBgames.py", line 1416, in save_game_recno
  File "Code\Databases\DBgames.py", line 1360, in modify
  File "Code\Databases\DBgames.py", line 760, in read_game_recno
  File "Code\Databases\DBgames.py", line 544, in read_complete_recno
IndexError: list index out of range
2026-08-09 02:37:47.076581
Traceback (most recent call last):
  File "Code\Analysis\RunAnalysisControl.py", line 726, in set_pos
  File "Code\Databases\DBgames.py", line 1416, in save_game_recno
  File "Code\Databases\DBgames.py", line 1360, in modify
  File "Code\Databases\DBgames.py", line 760, in read_game_recno
  File "Code\Databases\DBgames.py", line 544, in read_complete_recno
IndexError: list index out of range
2026-08-09 02:37:47.384288
Traceback (most recent call last):
  File "Code\Analysis\RunAnalysisControl.py", line 726, in set_pos
  File "Code\Databases\DBgames.py", line 1416, in save_game_recno
  File "Code\Databases\DBgames.py", line 1360, in modify
  File "Code\Databases\DBgames.py", line 760, in read_game_recno
  File "Code\Databases\DBgames.py", line 544, in read_complete_recno
IndexError: list index out of range
2026-08-09 02:37:47.532862
Traceback (most recent call last):
  File "Code\Analysis\RunAnalysisControl.py", line 726, in set_pos
  File "Code\Databases\DBgames.py", line 1416, in save_game_recno
  File "Code\Databases\DBgames.py", line 1360, in modify
  File "Code\Databases\DBgames.py", line 760, in read_game_recno
  File "Code\Databases\DBgames.py", line 544, in read_complete_recno
IndexError: list index out of range
2026-08-09 02:37:47.642687
Traceback (most recent call last):
  File "Code\Analysis\RunAnalysisControl.py", line 726, in set_pos
  File "Code\Databases\DBgames.py", line 1416, in save_game_recno
  File "Code\Databases\DBgames.py", line 1360, in modify
  File "Code\Databases\DBgames.py", line 760, in read_game_recno
  File "Code\Databases\DBgames.py", line 544, in read_complete_recno
IndexError: list index out of range
2026-08-09 02:37:47.672395
Traceback (most recent call last):
  File "Code\Analysis\RunAnalysisControl.py", line 726, in set_pos
  File "Code\Databases\DBgames.py", line 1416, in save_game_recno
  File "Code\Databases\DBgames.py", line 1360, in modify
  File "Code\Databases\DBgames.py", line 760, in read_game_recno
  File "Code\Databases\DBgames.py", line 544, in read_complete_recno
IndexError: list index out of range
2026-08-09 02:37:47.679397
Traceback (most recent call last):
  File "Code\Analysis\RunAnalysisControl.py", line 726, in set_pos
  File "Code\Databases\DBgames.py", line 1416, in save_game_recno
  File "Code\Databases\DBgames.py", line 1360, in modify
  File "Code\Databases\DBgames.py", line 760, in read_game_recno
  File "Code\Databases\DBgames.py", line 544, in read_complete_recno
IndexError: list index out of range
2026-08-09 02:37:47.705389
Traceback (most recent call last):
  File "Code\Analysis\RunAnalysisControl.py", line 726, in set_pos
  File "Code\Databases\DBgames.py", line 1416, in save_game_recno
  File "Code\Databases\DBgames.py", line 1360, in modify
  File "Code\Databases\DBgames.py", line 760, in read_game_recno
  File "Code\Databases\DBgames.py", line 544, in read_complete_recno
IndexError: list index out of range
2026-08-09 02:37:47.835273
Traceback (most recent call last):
  File "Code\Analysis\RunAnalysisControl.py", line 726, in set_pos
  File "Code\Databases\DBgames.py", line 1416, in save_game_recno
  File "Code\Databases\DBgames.py", line 1360, in modify
  File "Code\Databases\DBgames.py", line 760, in read_game_recno
  File "Code\Databases\DBgames.py", line 544, in read_complete_recno
IndexError: list index out of range
2026-08-09 02:37:47.935712
Traceback (most recent call last):
  File "Code\Analysis\RunAnalysisControl.py", line 726, in set_pos
  File "Code\Databases\DBgames.py", line 1416, in save_game_recno
  File "Code\Databases\DBgames.py", line 1360, in modify
  File "Code\Databases\DBgames.py", line 760, in read_game_recno
  File "Code\Databases\DBgames.py", line 544, in read_complete_recno
IndexError: list index out of range
2026-08-09 02:37:47.954844
Traceback (most recent call last):
  File "Code\Analysis\RunAnalysisControl.py", line 726, in set_pos
  File "Code\Databases\DBgames.py", line 1416, in save_game_recno
  File "Code\Databases\DBgames.py", line 1360, in modify
  File "Code\Databases\DBgames.py", line 760, in read_game_recno
  File "Code\Databases\DBgames.py", line 544, in read_complete_recno
IndexError: list index out of range
2026-08-09 02:37:48.059729
Traceback (most recent call last):
  File "Code\Analysis\RunAnalysisControl.py", line 726, in set_pos
  File "Code\Databases\DBgames.py", line 1416, in save_game_recno
  File "Code\Databases\DBgames.py", line 1360, in modify
  File "Code\Databases\DBgames.py", line 760, in read_game_recno
  File "Code\Databases\DBgames.py", line 544, in read_complete_recno
IndexError: list index out of range
2026-08-09 02:37:48.153774
Traceback (most recent call last):
  File "Code\Analysis\RunAnalysisControl.py", line 726, in set_pos
  File "Code\Databases\DBgames.py", line 1416, in save_game_recno
  File "Code\Databases\DBgames.py", line 1360, in modify
  File "Code\Databases\DBgames.py", line 760, in read_game_recno
  File "Code\Databases\DBgames.py", line 544, in read_complete_recno
IndexError: list index out of range
2026-08-09 02:37:48.325142
Traceback (most recent call last):
  File "Code\Analysis\RunAnalysisControl.py", line 726, in set_pos
  File "Code\Databases\DBgames.py", line 1416, in save_game_recno
  File "Code\Databases\DBgames.py", line 1360, in modify
  File "Code\Databases\DBgames.py", line 760, in read_game_recno
  File "Code\Databases\DBgames.py", line 544, in read_complete_recno
IndexError: list index out of range
2026-08-09 02:37:48.347135
Traceback (most recent call last):
  File "Code\Analysis\RunAnalysisControl.py", line 726, in set_pos
  File "Code\Databases\DBgames.py", line 1416, in save_game_recno
  File "Code\Databases\DBgames.py", line 1360, in modify
  File "Code\Databases\DBgames.py", line 760, in read_game_recno
  File "Code\Databases\DBgames.py", line 544, in read_complete_recno
IndexError: list index out of range
2026-08-09 02:37:48.432231
Traceback (most recent call last):
  File "Code\Analysis\RunAnalysisControl.py", line 726, in set_pos
  File "Code\Databases\DBgames.py", line 1416, in save_game_recno
  File "Code\Databases\DBgames.py", line 1360, in modify
  File "Code\Databases\DBgames.py", line 760, in read_game_recno
  File "Code\Databases\DBgames.py", line 544, in read_complete_recno
IndexError: list index out of range
2026-08-09 02:37:48.438255
Traceback (most recent call last):
  File "Code\Analysis\RunAnalysisControl.py", line 726, in set_pos
  File "Code\Databases\DBgames.py", line 1416, in save_game_recno
  File "Code\Databases\DBgames.py", line 1360, in modify
  File "Code\Databases\DBgames.py", line 760, in read_game_recno
  File "Code\Databases\DBgames.py", line 544, in read_complete_recno
IndexError: list index out of range
2026-08-09 02:37:48.514921
Traceback (most recent call last):
  File "Code\Analysis\RunAnalysisControl.py", line 726, in set_pos
  File "Code\Databases\DBgames.py", line 1416, in save_game_recno
  File "Code\Databases\DBgames.py", line 1360, in modify
  File "Code\Databases\DBgames.py", line 760, in read_game_recno
  File "Code\Databases\DBgames.py", line 544, in read_complete_recno
IndexError: list index out of range
2026-08-09 02:37:48.681335
Traceback (most recent call last):
  File "Code\Analysis\RunAnalysisControl.py", line 726, in set_pos
  File "Code\Databases\DBgames.py", line 1416, in save_game_recno
  File "Code\Databases\DBgames.py", line 1360, in modify
  File "Code\Databases\DBgames.py", line 760, in read_game_recno
  File "Code\Databases\DBgames.py", line 544, in read_complete_recno
IndexError: list index out of range
2026-08-09 02:37:48.756285
Traceback (most recent call last):
  File "Code\Analysis\RunAnalysisControl.py", line 726, in set_pos
  File "Code\Databases\DBgames.py", line 1416, in save_game_recno
  File "Code\Databases\DBgames.py", line 1360, in modify
  File "Code\Databases\DBgames.py", line 760, in read_game_recno
  File "Code\Databases\DBgames.py", line 544, in read_complete_recno
IndexError: list index out of range
2026-08-09 02:37:48.852084
Traceback (most recent call last):
  File "Code\Analysis\RunAnalysisControl.py", line 726, in set_pos
  File "Code\Databases\DBgames.py", line 1416, in save_game_recno
  File "Code\Databases\DBgames.py", line 1360, in modify
  File "Code\Databases\DBgames.py", line 760, in read_game_recno
  File "Code\Databases\DBgames.py", line 544, in read_complete_recno
IndexError: list index out of range
2026-08-09 02:37:48.924006
Traceback (most recent call last):
  File "Code\Analysis\RunAnalysisControl.py", line 726, in set_pos
  File "Code\Databases\DBgames.py", line 1416, in save_game_recno
  File "Code\Databases\DBgames.py", line 1360, in modify
  File "Code\Databases\DBgames.py", line 760, in read_game_recno
  File "Code\Databases\DBgames.py", line 544, in read_complete_recno
IndexError: list index out of range
2026-08-09 02:37:49.009789
Traceback (most recent call last):
  File "Code\Analysis\RunAnalysisControl.py", line 726, in set_pos
  File "Code\Databases\DBgames.py", line 1416, in save_game_recno
  File "Code\Databases\DBgames.py", line 1360, in modify
  File "Code\Databases\DBgames.py", line 760, in read_game_recno
  File "Code\Databases\DBgames.py", line 544, in read_complete_recno
IndexError: list index out of range
2026-08-09 02:37:49.067424
Traceback (most recent call last):
  File "Code\Analysis\RunAnalysisControl.py", line 726, in set_pos
  File "Code\Databases\DBgames.py", line 1416, in save_game_recno
  File "Code\Databases\DBgames.py", line 1360, in modify
  File "Code\Databases\DBgames.py", line 760, in read_game_recno
  File "Code\Databases\DBgames.py", line 544, in read_complete_recno
IndexError: list index out of range
2026-08-09 02:37:49.087926
Traceback (most recent call last):
  File "Code\Analysis\RunAnalysisControl.py", line 726, in set_pos
  File "Code\Databases\DBgames.py", line 1416, in save_game_recno
  File "Code\Databases\DBgames.py", line 1360, in modify
  File "Code\Databases\DBgames.py", line 760, in read_game_recno
  File "Code\Databases\DBgames.py", line 544, in read_complete_recno
IndexError: list index out of range
2026-08-09 02:37:49.275322
Traceback (most recent call last):
  File "Code\Analysis\RunAnalysisControl.py", line 726, in set_pos
  File "Code\Databases\DBgames.py", line 1416, in save_game_recno
  File "Code\Databases\DBgames.py", line 1360, in modify
  File "Code\Databases\DBgames.py", line 760, in read_game_recno
  File "Code\Databases\DBgames.py", line 544, in read_complete_recno
IndexError: list index out of range
2026-08-09 02:37:49.299218
Traceback (most recent call last):
  File "Code\Analysis\RunAnalysisControl.py", line 726, in set_pos
  File "Code\Databases\DBgames.py", line 1416, in save_game_recno
  File "Code\Databases\DBgames.py", line 1360, in modify
  File "Code\Databases\DBgames.py", line 760, in read_game_recno
  File "Code\Databases\DBgames.py", line 544, in read_complete_recno
IndexError: list index out of range
2026-08-09 02:37:49.307779
Traceback (most recent call last):
  File "Code\Analysis\RunAnalysisControl.py", line 726, in set_pos
  File "Code\Databases\DBgames.py", line 1416, in save_game_recno
  File "Code\Databases\DBgames.py", line 1360, in modify
  File "Code\Databases\DBgames.py", line 760, in read_game_recno
  File "Code\Databases\DBgames.py", line 544, in read_complete_recno
IndexError: list index out of range
2026-08-09 02:37:49.514277
Traceback (most recent call last):
  File "Code\Analysis\RunAnalysisControl.py", line 726, in set_pos
  File "Code\Databases\DBgames.py", line 1416, in save_game_recno
  File "Code\Databases\DBgames.py", line 1360, in modify
  File "Code\Databases\DBgames.py", line 760, in read_game_recno
  File "Code\Databases\DBgames.py", line 544, in read_complete_recno
IndexError: list index out of range
2026-08-09 02:37:49.519572
Traceback (most recent call last):
  File "Code\Analysis\RunAnalysisControl.py", line 726, in set_pos
  File "Code\Databases\DBgames.py", line 1416, in save_game_recno
  File "Code\Databases\DBgames.py", line 1360, in modify
  File "Code\Databases\DBgames.py", line 760, in read_game_recno
  File "Code\Databases\DBgames.py", line 544, in read_complete_recno
IndexError: list index out of range
2026-08-09 02:37:49.564450
Traceback (most recent call last):
  File "Code\Analysis\RunAnalysisControl.py", line 726, in set_pos
  File "Code\Databases\DBgames.py", line 1416, in save_game_recno
  File "Code\Databases\DBgames.py", line 1360, in modify
  File "Code\Databases\DBgames.py", line 760, in read_game_recno
  File "Code\Databases\DBgames.py", line 544, in read_complete_recno
IndexError: list index out of range
2026-08-09 02:37:49.581631
Traceback (most recent call last):
  File "Code\Analysis\RunAnalysisControl.py", line 726, in set_pos
  File "Code\Databases\DBgames.py", line 1416, in save_game_recno
  File "Code\Databases\DBgames.py", line 1360, in modify
  File "Code\Databases\DBgames.py", line 760, in read_game_recno
  File "Code\Databases\DBgames.py", line 544, in read_complete_recno
IndexError: list index out of range
2026-08-09 02:37:49.711643
Traceback (most recent call last):
  File "Code\Analysis\RunAnalysisControl.py", line 726, in set_pos
  File "Code\Databases\DBgames.py", line 1416, in save_game_recno
  File "Code\Databases\DBgames.py", line 1360, in modify
  File "Code\Databases\DBgames.py", line 760, in read_game_recno
  File "Code\Databases\DBgames.py", line 544, in read_complete_recno
IndexError: list index out of range
2026-08-09 02:37:49.817540
Traceback (most recent call last):
  File "Code\Analysis\RunAnalysisControl.py", line 726, in set_pos
  File "Code\Databases\DBgames.py", line 1416, in save_game_recno
  File "Code\Databases\DBgames.py", line 1360, in modify
  File "Code\Databases\DBgames.py", line 760, in read_game_recno
  File "Code\Databases\DBgames.py", line 544, in read_complete_recno
IndexError: list index out of range
2026-08-09 02:37:49.822546
Traceback (most recent call last):
  File "Code\Analysis\RunAnalysisControl.py", line 726, in set_pos
  File "Code\Databases\DBgames.py", line 1416, in save_game_recno
  File "Code\Databases\DBgames.py", line 1360, in modify
  File "Code\Databases\DBgames.py", line 760, in read_game_recno
  File "Code\Databases\DBgames.py", line 544, in read_complete_recno
IndexError: list index out of range
2026-08-09 02:37:49.905908
Traceback (most recent call last):
  File "Code\Analysis\RunAnalysisControl.py", line 726, in set_pos
  File "Code\Databases\DBgames.py", line 1416, in save_game_recno
  File "Code\Databases\DBgames.py", line 1360, in modify
  File "Code\Databases\DBgames.py", line 760, in read_game_recno
  File "Code\Databases\DBgames.py", line 544, in read_complete_recno
IndexError: list index out of range
2026-08-09 02:37:49.955481
Traceback (most recent call last):
  File "Code\Analysis\RunAnalysisControl.py", line 726, in set_pos
  File "Code\Databases\DBgames.py", line 1416, in save_game_recno
  File "Code\Databases\DBgames.py", line 1360, in modify
  File "Code\Databases\DBgames.py", line 760, in read_game_recno
  File "Code\Databases\DBgames.py", line 544, in read_complete_recno
IndexError: list index out of range
2026-08-09 02:37:49.981779
Traceback (most recent call last):
  File "Code\Analysis\RunAnalysisControl.py", line 726, in set_pos
  File "Code\Databases\DBgames.py", line 1416, in save_game_recno
  File "Code\Databases\DBgames.py", line 1360, in modify
  File "Code\Databases\DBgames.py", line 760, in read_game_recno
  File "Code\Databases\DBgames.py", line 544, in read_complete_recno
IndexError: list index out of range
2026-08-09 02:37:50.213122
Traceback (most recent call last):
  File "Code\Analysis\RunAnalysisControl.py", line 726, in set_pos
  File "Code\Databases\DBgames.py", line 1416, in save_game_recno
  File "Code\Databases\DBgames.py", line 1360, in modify
  File "Code\Databases\DBgames.py", line 760, in read_game_recno
  File "Code\Databases\DBgames.py", line 544, in read_complete_recno
IndexError: list index out of range
2026-08-09 02:37:50.280450
Traceback (most recent call last):
  File "Code\Analysis\RunAnalysisControl.py", line 726, in set_pos
  File "Code\Databases\DBgames.py", line 1416, in save_game_recno
  File "Code\Databases\DBgames.py", line 1360, in modify
  File "Code\Databases\DBgames.py", line 760, in read_game_recno
  File "Code\Databases\DBgames.py", line 544, in read_complete_recno
IndexError: list index out of range
2026-08-09 02:37:50.294910
Traceback (most recent call last):
  File "Code\Analysis\RunAnalysisControl.py", line 726, in set_pos
  File "Code\Databases\DBgames.py", line 1416, in save_game_recno
  File "Code\Databases\DBgames.py", line 1360, in modify
  File "Code\Databases\DBgames.py", line 760, in read_game_recno
  File "Code\Databases\DBgames.py", line 544, in read_complete_recno
IndexError: list index out of range
2026-08-09 02:37:50.309828
Traceback (most recent call last):
  File "Code\Analysis\RunAnalysisControl.py", line 726, in set_pos
  File "Code\Databases\DBgames.py", line 1416, in save_game_recno
  File "Code\Databases\DBgames.py", line 1360, in modify
  File "Code\Databases\DBgames.py", line 760, in read_game_recno
  File "Code\Databases\DBgames.py", line 544, in read_complete_recno
IndexError: list index out of range
2026-08-09 02:37:50.315868
Traceback (most recent call last):
  File "Code\Analysis\RunAnalysisControl.py", line 726, in set_pos
  File "Code\Databases\DBgames.py", line 1416, in save_game_recno
  File "Code\Databases\DBgames.py", line 1360, in modify
  File "Code\Databases\DBgames.py", line 760, in read_game_recno
  File "Code\Databases\DBgames.py", line 544, in read_complete_recno
IndexError: list index out of range
2026-08-09 02:37:50.649004
Traceback (most recent call last):
  File "Code\Analysis\RunAnalysisControl.py", line 726, in set_pos
  File "Code\Databases\DBgames.py", line 1416, in save_game_recno
  File "Code\Databases\DBgames.py", line 1360, in modify
  File "Code\Databases\DBgames.py", line 760, in read_game_recno
  File "Code\Databases\DBgames.py", line 544, in read_complete_recno
IndexError: list index out of range
2026-08-09 02:37:50.657005
Traceback (most recent call last):
  File "Code\Analysis\RunAnalysisControl.py", line 726, in set_pos
  File "Code\Databases\DBgames.py", line 1416, in save_game_recno
  File "Code\Databases\DBgames.py", line 1360, in modify
  File "Code\Databases\DBgames.py", line 760, in read_game_recno
  File "Code\Databases\DBgames.py", line 544, in read_complete_recno
IndexError: list index out of range
2026-08-09 02:37:50.728046
Traceback (most recent call last):
  File "Code\Analysis\RunAnalysisControl.py", line 726, in set_pos
  File "Code\Databases\DBgames.py", line 1416, in save_game_recno
  File "Code\Databases\DBgames.py", line 1360, in modify
  File "Code\Databases\DBgames.py", line 760, in read_game_recno
  File "Code\Databases\DBgames.py", line 544, in read_complete_recno
IndexError: list index out of range
2026-08-09 02:37:50.824091
Traceback (most recent call last):
  File "Code\Analysis\RunAnalysisControl.py", line 726, in set_pos
  File "Code\Databases\DBgames.py", line 1416, in save_game_recno
  File "Code\Databases\DBgames.py", line 1360, in modify
  File "Code\Databases\DBgames.py", line 760, in read_game_recno
  File "Code\Databases\DBgames.py", line 544, in read_complete_recno
IndexError: list index out of range
2026-08-09 02:37:50.880332
Traceback (most recent call last):
  File "Code\Analysis\RunAnalysisControl.py", line 726, in set_pos
  File "Code\Databases\DBgames.py", line 1416, in save_game_recno
  File "Code\Databases\DBgames.py", line 1360, in modify
  File "Code\Databases\DBgames.py", line 760, in read_game_recno
  File "Code\Databases\DBgames.py", line 544, in read_complete_recno
IndexError: list index out of range
2026-08-09 02:37:50.903431
Traceback (most recent call last):
  File "Code\Analysis\RunAnalysisControl.py", line 726, in set_pos
  File "Code\Databases\DBgames.py", line 1416, in save_game_recno
  File "Code\Databases\DBgames.py", line 1360, in modify
  File "Code\Databases\DBgames.py", line 760, in read_game_recno
  File "Code\Databases\DBgames.py", line 544, in read_complete_recno
IndexError: list index out of range
2026-08-09 02:37:51.205459
Traceback (most recent call last):
  File "Code\Analysis\RunAnalysisControl.py", line 726, in set_pos
  File "Code\Databases\DBgames.py", line 1416, in save_game_recno
  File "Code\Databases\DBgames.py", line 1360, in modify
  File "Code\Databases\DBgames.py", line 760, in read_game_recno
  File "Code\Databases\DBgames.py", line 544, in read_complete_recno
IndexError: list index out of range
2026-08-09 02:37:51.218119
Traceback (most recent call last):
  File "Code\Analysis\RunAnalysisControl.py", line 726, in set_pos
  File "Code\Databases\DBgames.py", line 1416, in save_game_recno
  File "Code\Databases\DBgames.py", line 1360, in modify
  File "Code\Databases\DBgames.py", line 760, in read_game_recno
  File "Code\Databases\DBgames.py", line 544, in read_complete_recno
IndexError: list index out of range
2026-08-09 02:37:51.226971
Traceback (most recent call last):
  File "Code\Analysis\RunAnalysisControl.py", line 726, in set_pos
  File "Code\Databases\DBgames.py", line 1416, in save_game_recno
  File "Code\Databases\DBgames.py", line 1360, in modify
  File "Code\Databases\DBgames.py", line 760, in read_game_recno
  File "Code\Databases\DBgames.py", line 544, in read_complete_recno
IndexError: list index out of range
2026-08-09 02:37:51.274862
Traceback (most recent call last):
  File "Code\Analysis\RunAnalysisControl.py", line 726, in set_pos
  File "Code\Databases\DBgames.py", line 1416, in save_game_recno
  File "Code\Databases\DBgames.py", line 1360, in modify
  File "Code\Databases\DBgames.py", line 760, in read_game_recno
  File "Code\Databases\DBgames.py", line 544, in read_complete_recno
IndexError: list index out of range
2026-08-09 02:37:51.278858
Traceback (most recent call last):
  File "Code\Analysis\RunAnalysisControl.py", line 726, in set_pos
  File "Code\Databases\DBgames.py", line 1416, in save_game_recno
  File "Code\Databases\DBgames.py", line 1360, in modify
  File "Code\Databases\DBgames.py", line 760, in read_game_recno
  File "Code\Databases\DBgames.py", line 544, in read_complete_recno
IndexError: list index out of range
2026-08-09 02:37:51.375421
Traceback (most recent call last):
  File "Code\Analysis\RunAnalysisControl.py", line 726, in set_pos
  File "Code\Databases\DBgames.py", line 1416, in save_game_recno
  File "Code\Databases\DBgames.py", line 1360, in modify
  File "Code\Databases\DBgames.py", line 760, in read_game_recno
  File "Code\Databases\DBgames.py", line 544, in read_complete_recno
IndexError: list index out of range
2026-08-09 02:37:51.576917
Traceback (most recent call last):
  File "Code\Analysis\RunAnalysisControl.py", line 726, in set_pos
  File "Code\Databases\DBgames.py", line 1416, in save_game_recno
  File "Code\Databases\DBgames.py", line 1360, in modify
  File "Code\Databases\DBgames.py", line 760, in read_game_recno
  File "Code\Databases\DBgames.py", line 544, in read_complete_recno
IndexError: list index out of range
2026-08-09 02:37:51.592921
Traceback (most recent call last):
  File "Code\Analysis\RunAnalysisControl.py", line 726, in set_pos
  File "Code\Databases\DBgames.py", line 1416, in save_game_recno
  File "Code\Databases\DBgames.py", line 1360, in modify
  File "Code\Databases\DBgames.py", line 760, in read_game_recno
  File "Code\Databases\DBgames.py", line 544, in read_complete_recno
IndexError: list index out of range
2026-08-09 02:37:51.638248
Traceback (most recent call last):
  File "Code\Analysis\RunAnalysisControl.py", line 726, in set_pos
  File "Code\Databases\DBgames.py", line 1416, in save_game_recno
  File "Code\Databases\DBgames.py", line 1360, in modify
  File "Code\Databases\DBgames.py", line 760, in read_game_recno
  File "Code\Databases\DBgames.py", line 544, in read_complete_recno
IndexError: list index out of range
2026-08-09 02:37:51.705882
Traceback (most recent call last):
  File "Code\Analysis\RunAnalysisControl.py", line 726, in set_pos
  File "Code\Databases\DBgames.py", line 1416, in save_game_recno
  File "Code\Databases\DBgames.py", line 1360, in modify
  File "Code\Databases\DBgames.py", line 760, in read_game_recno
  File "Code\Databases\DBgames.py", line 544, in read_complete_recno
IndexError: list index out of range
2026-08-09 02:37:51.859230
Traceback (most recent call last):
  File "Code\Analysis\RunAnalysisControl.py", line 726, in set_pos
  File "Code\Databases\DBgames.py", line 1416, in save_game_recno
  File "Code\Databases\DBgames.py", line 1360, in modify
  File "Code\Databases\DBgames.py", line 760, in read_game_recno
  File "Code\Databases\DBgames.py", line 544, in read_complete_recno
IndexError: list index out of range
2026-08-09 02:37:51.879128
Traceback (most recent call last):
  File "Code\Analysis\RunAnalysisControl.py", line 726, in set_pos
  File "Code\Databases\DBgames.py", line 1416, in save_game_recno
  File "Code\Databases\DBgames.py", line 1360, in modify
  File "Code\Databases\DBgames.py", line 760, in read_game_recno
  File "Code\Databases\DBgames.py", line 544, in read_complete_recno
IndexError: list index out of range
2026-08-09 02:37:51.958124
Traceback (most recent call last):
  File "Code\Analysis\RunAnalysisControl.py", line 726, in set_pos
  File "Code\Databases\DBgames.py", line 1416, in save_game_recno
  File "Code\Databases\DBgames.py", line 1360, in modify
  File "Code\Databases\DBgames.py", line 760, in read_game_recno
  File "Code\Databases\DBgames.py", line 544, in read_complete_recno
IndexError: list index out of range
2026-08-09 02:37:51.965910
Traceback (most recent call last):
  File "Code\Analysis\RunAnalysisControl.py", line 726, in set_pos
  File "Code\Databases\DBgames.py", line 1416, in save_game_recno
  File "Code\Databases\DBgames.py", line 1360, in modify
  File "Code\Databases\DBgames.py", line 760, in read_game_recno
  File "Code\Databases\DBgames.py", line 544, in read_complete_recno
IndexError: list index out of range
2026-08-09 02:37:52.091129
Traceback (most recent call last):
  File "Code\Analysis\RunAnalysisControl.py", line 726, in set_pos
  File "Code\Databases\DBgames.py", line 1416, in save_game_recno
  File "Code\Databases\DBgames.py", line 1360, in modify
  File "Code\Databases\DBgames.py", line 760, in read_game_recno
  File "Code\Databases\DBgames.py", line 544, in read_complete_recno
IndexError: list index out of range
2026-08-09 02:37:52.192681
Traceback (most recent call last):
  File "Code\Analysis\RunAnalysisControl.py", line 726, in set_pos
  File "Code\Databases\DBgames.py", line 1416, in save_game_recno
  File "Code\Databases\DBgames.py", line 1360, in modify
  File "Code\Databases\DBgames.py", line 760, in read_game_recno
  File "Code\Databases\DBgames.py", line 544, in read_complete_recno
IndexError: list index out of range
2026-08-09 02:37:52.245984
Traceback (most recent call last):
  File "Code\Analysis\RunAnalysisControl.py", line 726, in set_pos
  File "Code\Databases\DBgames.py", line 1416, in save_game_recno
  File "Code\Databases\DBgames.py", line 1360, in modify
  File "Code\Databases\DBgames.py", line 760, in read_game_recno
  File "Code\Databases\DBgames.py", line 544, in read_complete_recno
IndexError: list index out of range
2026-08-09 02:37:52.357709
Traceback (most recent call last):
  File "Code\Analysis\RunAnalysisControl.py", line 726, in set_pos
  File "Code\Databases\DBgames.py", line 1416, in save_game_recno
  File "Code\Databases\DBgames.py", line 1360, in modify
  File "Code\Databases\DBgames.py", line 760, in read_game_recno
  File "Code\Databases\DBgames.py", line 544, in read_complete_recno
IndexError: list index out of range
2026-08-09 02:37:52.363220
Traceback (most recent call last):
  File "Code\Analysis\RunAnalysisControl.py", line 726, in set_pos
  File "Code\Databases\DBgames.py", line 1416, in save_game_recno
  File "Code\Databases\DBgames.py", line 1360, in modify
  File "Code\Databases\DBgames.py", line 760, in read_game_recno
  File "Code\Databases\DBgames.py", line 544, in read_complete_recno
IndexError: list index out of range
2026-08-09 02:37:52.476760
Traceback (most recent call last):
  File "Code\Analysis\RunAnalysisControl.py", line 726, in set_pos
  File "Code\Databases\DBgames.py", line 1416, in save_game_recno
  File "Code\Databases\DBgames.py", line 1360, in modify
  File "Code\Databases\DBgames.py", line 760, in read_game_recno
  File "Code\Databases\DBgames.py", line 544, in read_complete_recno
IndexError: list index out of range
2026-08-09 02:37:52.531121
Traceback (most recent call last):
  File "Code\Analysis\RunAnalysisControl.py", line 726, in set_pos
  File "Code\Databases\DBgames.py", line 1416, in save_game_recno
  File "Code\Databases\DBgames.py", line 1360, in modify
  File "Code\Databases\DBgames.py", line 760, in read_game_recno
  File "Code\Databases\DBgames.py", line 544, in read_complete_recno
IndexError: list index out of range
2026-08-09 02:37:52.634323
Traceback (most recent call last):
  File "Code\Analysis\RunAnalysisControl.py", line 726, in set_pos
  File "Code\Databases\DBgames.py", line 1416, in save_game_recno
  File "Code\Databases\DBgames.py", line 1360, in modify
  File "Code\Databases\DBgames.py", line 760, in read_game_recno
  File "Code\Databases\DBgames.py", line 544, in read_complete_recno
IndexError: list index out of range
2026-08-09 02:37:52.643927
Traceback (most recent call last):
  File "Code\Analysis\RunAnalysisControl.py", line 726, in set_pos
  File "Code\Databases\DBgames.py", line 1416, in save_game_recno
  File "Code\Databases\DBgames.py", line 1360, in modify
  File "Code\Databases\DBgames.py", line 760, in read_game_recno
  File "Code\Databases\DBgames.py", line 544, in read_complete_recno
IndexError: list index out of range
2026-08-09 02:37:52.842367
Traceback (most recent call last):
  File "Code\Analysis\RunAnalysisControl.py", line 726, in set_pos
  File "Code\Databases\DBgames.py", line 1416, in save_game_recno
  File "Code\Databases\DBgames.py", line 1360, in modify
  File "Code\Databases\DBgames.py", line 760, in read_game_recno
  File "Code\Databases\DBgames.py", line 544, in read_complete_recno
IndexError: list index out of range
2026-08-09 02:37:52.858259
Traceback (most recent call last):
  File "Code\Analysis\RunAnalysisControl.py", line 726, in set_pos
  File "Code\Databases\DBgames.py", line 1416, in save_game_recno
  File "Code\Databases\DBgames.py", line 1360, in modify
  File "Code\Databases\DBgames.py", line 760, in read_game_recno
  File "Code\Databases\DBgames.py", line 544, in read_complete_recno
IndexError: list index out of range
2026-08-09 02:37:52.879852
Traceback (most recent call last):
  File "Code\Analysis\RunAnalysisControl.py", line 726, in set_pos
  File "Code\Databases\DBgames.py", line 1416, in save_game_recno
  File "Code\Databases\DBgames.py", line 1360, in modify
  File "Code\Databases\DBgames.py", line 760, in read_game_recno
  File "Code\Databases\DBgames.py", line 544, in read_complete_recno
IndexError: list index out of range
2026-08-09 02:37:53.073010
Traceback (most recent call last):
  File "Code\Analysis\RunAnalysisControl.py", line 726, in set_pos
  File "Code\Databases\DBgames.py", line 1416, in save_game_recno
  File "Code\Databases\DBgames.py", line 1360, in modify
  File "Code\Databases\DBgames.py", line 760, in read_game_recno
  File "Code\Databases\DBgames.py", line 544, in read_complete_recno
IndexError: list index out of range
2026-08-09 02:37:53.159795
Traceback (most recent call last):
  File "Code\Analysis\RunAnalysisControl.py", line 726, in set_pos
  File "Code\Databases\DBgames.py", line 1416, in save_game_recno
  File "Code\Databases\DBgames.py", line 1360, in modify
  File "Code\Databases\DBgames.py", line 760, in read_game_recno
  File "Code\Databases\DBgames.py", line 544, in read_complete_recno
IndexError: list index out of range
2026-08-09 02:37:53.224416
Traceback (most recent call last):
  File "Code\Analysis\RunAnalysisControl.py", line 726, in set_pos
  File "Code\Databases\DBgames.py", line 1416, in save_game_recno
  File "Code\Databases\DBgames.py", line 1360, in modify
  File "Code\Databases\DBgames.py", line 760, in read_game_recno
  File "Code\Databases\DBgames.py", line 544, in read_complete_recno
IndexError: list index out of range
2026-08-09 02:37:53.258866
Traceback (most recent call last):
  File "Code\Analysis\RunAnalysisControl.py", line 726, in set_pos
  File "Code\Databases\DBgames.py", line 1416, in save_game_recno
  File "Code\Databases\DBgames.py", line 1360, in modify
  File "Code\Databases\DBgames.py", line 760, in read_game_recno
  File "Code\Databases\DBgames.py", line 544, in read_complete_recno
IndexError: list index out of range
2026-08-09 02:37:53.278764
Traceback (most recent call last):
  File "Code\Analysis\RunAnalysisControl.py", line 726, in set_pos
  File "Code\Databases\DBgames.py", line 1416, in save_game_recno
  File "Code\Databases\DBgames.py", line 1360, in modify
  File "Code\Databases\DBgames.py", line 760, in read_game_recno
  File "Code\Databases\DBgames.py", line 544, in read_complete_recno
IndexError: list index out of range
2026-08-09 02:37:53.394770
Traceback (most recent call last):
  File "Code\Analysis\RunAnalysisControl.py", line 726, in set_pos
  File "Code\Databases\DBgames.py", line 1416, in save_game_recno
  File "Code\Databases\DBgames.py", line 1360, in modify
  File "Code\Databases\DBgames.py", line 760, in read_game_recno
  File "Code\Databases\DBgames.py", line 544, in read_complete_recno
IndexError: list index out of range
2026-08-09 02:37:53.554312
Traceback (most recent call last):
  File "Code\Analysis\RunAnalysisControl.py", line 726, in set_pos
  File "Code\Databases\DBgames.py", line 1416, in save_game_recno
  File "Code\Databases\DBgames.py", line 1360, in modify
  File "Code\Databases\DBgames.py", line 760, in read_game_recno
  File "Code\Databases\DBgames.py", line 544, in read_complete_recno
IndexError: list index out of range
2026-08-09 02:37:53.566825
Traceback (most recent call last):
  File "Code\Analysis\RunAnalysisControl.py", line 726, in set_pos
  File "Code\Databases\DBgames.py", line 1416, in save_game_recno
  File "Code\Databases\DBgames.py", line 1360, in modify
  File "Code\Databases\DBgames.py", line 760, in read_game_recno
  File "Code\Databases\DBgames.py", line 544, in read_complete_recno
IndexError: list index out of range
2026-08-09 02:37:53.631930
Traceback (most recent call last):
  File "Code\Analysis\RunAnalysisControl.py", line 726, in set_pos
  File "Code\Databases\DBgames.py", line 1416, in save_game_recno
  File "Code\Databases\DBgames.py", line 1360, in modify
  File "Code\Databases\DBgames.py", line 760, in read_game_recno
  File "Code\Databases\DBgames.py", line 544, in read_complete_recno
IndexError: list index out of range
2026-08-09 02:37:53.672283
Traceback (most recent call last):
  File "Code\Analysis\RunAnalysisControl.py", line 726, in set_pos
  File "Code\Databases\DBgames.py", line 1416, in save_game_recno
  File "Code\Databases\DBgames.py", line 1360, in modify
  File "Code\Databases\DBgames.py", line 760, in read_game_recno
  File "Code\Databases\DBgames.py", line 544, in read_complete_recno
IndexError: list index out of range
2026-08-09 02:37:53.774759
Traceback (most recent call last):
  File "Code\Analysis\RunAnalysisControl.py", line 726, in set_pos
  File "Code\Databases\DBgames.py", line 1416, in save_game_recno
  File "Code\Databases\DBgames.py", line 1360, in modify
  File "Code\Databases\DBgames.py", line 760, in read_game_recno
  File "Code\Databases\DBgames.py", line 544, in read_complete_recno
IndexError: list index out of range
2026-08-09 02:37:53.862759
Traceback (most recent call last):
  File "Code\Analysis\RunAnalysisControl.py", line 726, in set_pos
  File "Code\Databases\DBgames.py", line 1416, in save_game_recno
  File "Code\Databases\DBgames.py", line 1360, in modify
  File "Code\Databases\DBgames.py", line 760, in read_game_recno
  File "Code\Databases\DBgames.py", line 544, in read_complete_recno
IndexError: list index out of range
2026-08-09 02:37:53.881741
Traceback (most recent call last):
  File "Code\Analysis\RunAnalysisControl.py", line 726, in set_pos
  File "Code\Databases\DBgames.py", line 1416, in save_game_recno
  File "Code\Databases\DBgames.py", line 1360, in modify
  File "Code\Databases\DBgames.py", line 760, in read_game_recno
  File "Code\Databases\DBgames.py", line 544, in read_complete_recno
IndexError: list index out of range
2026-08-09 02:37:53.937213
Traceback (most recent call last):
  File "Code\Analysis\RunAnalysisControl.py", line 726, in set_pos
  File "Code\Databases\DBgames.py", line 1416, in save_game_recno
  File "Code\Databases\DBgames.py", line 1360, in modify
  File "Code\Databases\DBgames.py", line 760, in read_game_recno
  File "Code\Databases\DBgames.py", line 544, in read_complete_recno
IndexError: list index out of range
2026-08-09 02:37:54.060131
Traceback (most recent call last):
  File "Code\Analysis\RunAnalysisControl.py", line 726, in set_pos
  File "Code\Databases\DBgames.py", line 1416, in save_game_recno
  File "Code\Databases\DBgames.py", line 1360, in modify
  File "Code\Databases\DBgames.py", line 760, in read_game_recno
  File "Code\Databases\DBgames.py", line 544, in read_complete_recno
IndexError: list index out of range
2026-08-09 02:37:54.117781
Traceback (most recent call last):
  File "Code\Analysis\RunAnalysisControl.py", line 726, in set_pos
  File "Code\Databases\DBgames.py", line 1416, in save_game_recno
  File "Code\Databases\DBgames.py", line 1360, in modify
  File "Code\Databases\DBgames.py", line 760, in read_game_recno
  File "Code\Databases\DBgames.py", line 544, in read_complete_recno
IndexError: list index out of range
2026-08-09 02:37:54.194696
Traceback (most recent call last):
  File "Code\Analysis\RunAnalysisControl.py", line 726, in set_pos
  File "Code\Databases\DBgames.py", line 1416, in save_game_recno
  File "Code\Databases\DBgames.py", line 1360, in modify
  File "Code\Databases\DBgames.py", line 760, in read_game_recno
  File "Code\Databases\DBgames.py", line 544, in read_complete_recno
IndexError: list index out of range
2026-08-09 02:37:54.202339
Traceback (most recent call last):
  File "Code\Analysis\RunAnalysisControl.py", line 726, in set_pos
  File "Code\Databases\DBgames.py", line 1416, in save_game_recno
  File "Code\Databases\DBgames.py", line 1360, in modify
  File "Code\Databases\DBgames.py", line 760, in read_game_recno
  File "Code\Databases\DBgames.py", line 544, in read_complete_recno
IndexError: list index out of range
2026-08-09 02:37:54.370112
Traceback (most recent call last):
  File "Code\Analysis\RunAnalysisControl.py", line 726, in set_pos
  File "Code\Databases\DBgames.py", line 1416, in save_game_recno
  File "Code\Databases\DBgames.py", line 1360, in modify
  File "Code\Databases\DBgames.py", line 760, in read_game_recno
  File "Code\Databases\DBgames.py", line 544, in read_complete_recno
IndexError: list index out of range
2026-08-09 02:37:54.548902
Traceback (most recent call last):
  File "Code\Analysis\RunAnalysisControl.py", line 726, in set_pos
  File "Code\Databases\DBgames.py", line 1416, in save_game_recno
  File "Code\Databases\DBgames.py", line 1360, in modify
  File "Code\Databases\DBgames.py", line 760, in read_game_recno
  File "Code\Databases\DBgames.py", line 544, in read_complete_recno
IndexError: list index out of range
2026-08-09 02:37:54.573508
Traceback (most recent call last):
  File "Code\Analysis\RunAnalysisControl.py", line 726, in set_pos
  File "Code\Databases\DBgames.py", line 1416, in save_game_recno
  File "Code\Databases\DBgames.py", line 1360, in modify
  File "Code\Databases\DBgames.py", line 760, in read_game_recno
  File "Code\Databases\DBgames.py", line 544, in read_complete_recno
IndexError: list index out of range
2026-08-09 02:37:54.642826
Traceback (most recent call last):
  File "Code\Analysis\RunAnalysisControl.py", line 726, in set_pos
  File "Code\Databases\DBgames.py", line 1416, in save_game_recno
  File "Code\Databases\DBgames.py", line 1360, in modify
  File "Code\Databases\DBgames.py", line 760, in read_game_recno
  File "Code\Databases\DBgames.py", line 544, in read_complete_recno
IndexError: list index out of range
2026-08-09 02:37:54.649801
Traceback (most recent call last):
  File "Code\Analysis\RunAnalysisControl.py", line 726, in set_pos
  File "Code\Databases\DBgames.py", line 1416, in save_game_recno
  File "Code\Databases\DBgames.py", line 1360, in modify
  File "Code\Databases\DBgames.py", line 760, in read_game_recno
  File "Code\Databases\DBgames.py", line 544, in read_complete_recno
IndexError: list index out of range
2026-08-09 02:37:54.729999
Traceback (most recent call last):
  File "Code\Analysis\RunAnalysisControl.py", line 726, in set_pos
  File "Code\Databases\DBgames.py", line 1416, in save_game_recno
  File "Code\Databases\DBgames.py", line 1360, in modify
  File "Code\Databases\DBgames.py", line 760, in read_game_recno
  File "Code\Databases\DBgames.py", line 544, in read_complete_recno
IndexError: list index out of range
2026-08-09 02:37:54.836383
Traceback (most recent call last):
  File "Code\Analysis\RunAnalysisControl.py", line 726, in set_pos
  File "Code\Databases\DBgames.py", line 1416, in save_game_recno
  File "Code\Databases\DBgames.py", line 1360, in modify
  File "Code\Databases\DBgames.py", line 760, in read_game_recno
  File "Code\Databases\DBgames.py", line 544, in read_complete_recno
IndexError: list index out of range
2026-08-09 02:37:54.861618
Traceback (most recent call last):
  File "Code\Analysis\RunAnalysisControl.py", line 726, in set_pos
  File "Code\Databases\DBgames.py", line 1416, in save_game_recno
  File "Code\Databases\DBgames.py", line 1360, in modify
  File "Code\Databases\DBgames.py", line 760, in read_game_recno
  File "Code\Databases\DBgames.py", line 544, in read_complete_recno
IndexError: list index out of range
2026-08-09 02:37:55.320900
Traceback (most recent call last):
  File "Code\Analysis\RunAnalysisControl.py", line 726, in set_pos
  File "Code\Databases\DBgames.py", line 1416, in save_game_recno
  File "Code\Databases\DBgames.py", line 1360, in modify
  File "Code\Databases\DBgames.py", line 760, in read_game_recno
  File "Code\Databases\DBgames.py", line 544, in read_complete_recno
IndexError: list index out of range
2026-08-09 02:37:55.339624
Traceback (most recent call last):
  File "Code\Analysis\RunAnalysisControl.py", line 726, in set_pos
  File "Code\Databases\DBgames.py", line 1416, in save_game_recno
  File "Code\Databases\DBgames.py", line 1360, in modify
  File "Code\Databases\DBgames.py", line 760, in read_game_recno
  File "Code\Databases\DBgames.py", line 544, in read_complete_recno
IndexError: list index out of range
2026-08-09 03:02:18.644565
Traceback (most recent call last):
  File "Code\Databases\WDatabase.py", line 172, in tab_changed
  File "Code\Databases\WDB_Perfomance.py", line 475, in actualiza
IndexError: list index out of range
2026-08-09 03:02:21.780069
Traceback (most recent call last):
  File "Code\Databases\WDB_Perfomance.py", line 396, in <lambda>
  File "Code\Databases\WDB_Perfomance.py", line 475, in actualiza
IndexError: list index out of range
2026-08-09 03:02:22.476862
Traceback (most recent call last):
  File "Code\Databases\WDB_Perfomance.py", line 396, in <lambda>
  File "Code\Databases\WDB_Perfomance.py", line 475, in actualiza
IndexError: list index out of range
2026-08-09 03:02:43.084675
Traceback (most recent call last):
  File "Code\Databases\WDatabase.py", line 172, in tab_changed
  File "Code\Databases\WDB_Perfomance.py", line 475, in actualiza
IndexError: list index out of range
2026-08-09 03:03:00.798129
Traceback (most recent call last):
  File "Code\Databases\WDatabase.py", line 172, in tab_changed
  File "Code\Databases\WDB_Perfomance.py", line 612, in actualiza
  File "Code\Databases\WDB_Perfomance.py", line 612, in <genexpr>
IndexError: list index out of range
2026-08-09 03:03:47.321141
Traceback (most recent call last):
  File "Code\Databases\WDB_Perfomance.py", line 396, in <lambda>
  File "Code\Databases\WDB_Perfomance.py", line 612, in actualiza
  File "Code\Databases\WDB_Perfomance.py", line 612, in <genexpr>
IndexError: list index out of range
